budget,revenue,vote_average,vote_count,genres,release_date,popularity,runtime,year
225000000.0,419651413.0,6.3,1630,"['Adventure', 'Family', 'Fantasy']",2008-05-15,53.978602,150.0,2008
225000000.0,624026776.0,6.2,4160,"['Action', 'Comedy', 'Science Fiction']",2012-05-23,52.035179,106.0,2012
200000000.0,310669540.0,6.2,1398,"['Action', 'Adventure']",2010-05-12,37.668301,140.0,2010
180000000.0,372234864.0,5.8,1303,"['Adventure', 'Fantasy']",2007-12-04,42.990906,113.0,2007
209000000.0,303025485.0,5.5,2114,"['Thriller', 'Action', 'Adventure', 'Science Fiction']",2012-04-11,64.928382,131.0,2012
210000000.0,459359555.0,6.3,3525,"['Adventure', 'Action', 'Science Fiction', 'Thriller']",2006-05-24,3.857526,104.0,2006
200000000.0,743559607.0,7.0,3528,"['Animation', 'Family']",2013-06-20,89.186492,104.0,2013
200000000.0,491868548.0,5.7,3530,"['Fantasy', 'Adventure', 'Family']",2013-03-07,46.985445,130.0,2013
200000000.0,705717432.0,6.5,4179,"['Action', 'Adventure', 'Fantasy']",2014-04-16,89.270217,142.0,2014
170000000.0,400062763.0,6.3,2841,"['Adventure', 'Action', 'Science Fiction']",2010-12-10,73.79505,125.0,2010
200000000.0,559852396.0,5.8,2033,"['Animation', 'Family', 'Adventure', 'Comedy']",2011-06-11,49.98659,106.0,2011
200000000.0,219851172.0,5.1,2487,"['Adventure', 'Action', 'Thriller', 'Science Fiction']",2011-06-16,51.872839,114.0,2011
200000000.0,371353001.0,5.9,2463,"['Action', 'Science Fiction', 'Thriller']",2009-05-20,71.862892,115.0,2009
190000000.0,467365246.0,7.4,4418,"['Action', 'Adventure', 'Science Fiction']",2013-05-05,78.291018,132.0,2013
195000000.0,197687603.0,5.5,2598,"['Action', 'Family', 'Fantasy']",2013-02-27,43.349855,114.0,2013
105000000.0,351040419.0,7.3,3769,"['Drama', 'Romance']",2013-05-10,61.196071,143.0,2013
150000000.0,335154643.0,6.2,2317,"['Adventure', 'Fantasy', 'Action', 'Romance']",2010-05-19,62.169881,116.0,2010
180000000.0,407602906.0,6.7,4794,"['Action', 'Science Fiction', 'Adventure']",2013-07-11,56.523205,131.0,2013
175000000.0,331926147.0,6.6,1736,"['Adventure', 'Animation', 'Family']",2015-11-14,51.692953,93.0,2015
185000000.0,343471816.0,6.6,2568,"['Action', 'Adventure', 'Science Fiction']",2016-07-07,65.352913,122.0,2016
140000000.0,258022233.0,6.1,783,"['Action', 'Comedy', 'Crime', 'Thriller']",2007-08-08,22.57178,91.0,2007
200000000.0,769653595.0,5.6,4903,"['Action', 'Adventure', 'Science Fiction']",2009-10-10,45.274225,158.0,2009
200000000.0,325233863.0,6.6,1095,"['Animation', 'Drama']",2009-11-04,39.744242,96.0,2009
176000003.0,183987723.0,5.2,2768,"['Science Fiction', 'Fantasy', 'Action', 'Adventure']",2015-02-04,85.36908,124.0,2015
180000000.0,356743061.0,5.5,2430,"['Action', 'Adventure']",2016-06-29,42.741719,109.0,2016
180000000.0,748806957.0,6.7,2629,"['Adventure', 'Family', 'Fantasy']",2005-12-07,67.391328,143.0,2005
175000000.0,381509870.0,6.0,1423,"['Animation', 'Family', 'Adventure', 'Science Fiction']",2009-03-19,36.167578,94.0,2009
170000000.0,185770160.0,7.0,2141,"['Adventure', 'Drama', 'Family']",2011-11-22,32.319043,126.0,2011
170000000.0,222104681.0,5.1,1020,"['Action', 'Adventure', 'Comedy', 'Science Fiction', 'Western']",1999-06-29,40.748915,106.0,1999
145000000.0,401128639.0,5.2,1387,"['Adventure', 'Action', 'Fantasy']",2008-07-01,60.034162,112.0,2008
175000000.0,173000000.0,5.3,1151,"['Fantasy', 'Comedy', 'Family']",2007-06-09,27.082182,96.0,2007
178000000.0,370541256.0,7.6,4858,"['Action', 'Science Fiction']",2014-05-27,79.456485,113.0,2014
175000000.0,264218220.0,5.9,992,"['Adventure', 'Action']",1995-07-28,44.640292,135.0,1995
175000000.0,302469017.0,5.6,1962,"['Adventure', 'Action', 'Thriller', 'Science Fiction']",2009-08-04,32.852443,118.0,2009
170000000.0,396600000.0,5.8,3118,"['Adventure', 'Fantasy', 'Drama']",2012-05-30,77.178973,127.0,2012
27000000.0,52313200.5,4.8,34,"['Action', 'Adventure', 'Science Fiction', 'Romance']",2015-02-13,2.418535,109.0,2015
175000000.0,150962475.0,5.9,1326,"['Drama', 'Action', 'Adventure', 'Fantasy']",2013-12-06,41.796339,119.0,2013
165000000.0,752600867.0,6.0,1959,"['Comedy', 'Adventure', 'Fantasy', 'Animation', 'Family']",2010-05-16,44.041186,93.0,2010
165000000.0,471222889.0,7.1,4570,"['Family', 'Animation', 'Comedy', 'Adventure']",2012-11-01,62.341073,108.0,2012
165000000.0,305875730.0,6.4,1474,"['Adventure', 'Animation', 'Family', 'Fantasy']",2004-11-10,47.323228,100.0,2004
165000000.0,389681935.0,4.9,2491,"['Action', 'Adventure', 'Science Fiction']",2016-06-22,48.775723,120.0,2016
165000000.0,494878759.0,7.5,4227,"['Fantasy', 'Adventure', 'Animation', 'Family']",2010-03-05,67.263269,98.0,2010
200000000.0,435000000.0,5.9,2143,"['Action', 'Thriller', 'Science Fiction']",2003-07-02,69.405188,104.0,2003
15000000.0,77000000.0,6.5,143,"['Action', 'Adventure', 'Drama', 'Horror', 'Science Fiction']",2016-07-29,9.476999,120.0,2016
38000000.0,207283925.0,6.6,3428,"['Action', 'Crime', 'Thriller']",2001-06-22,6.909942,106.0,2001
150000000.0,333932083.0,7.3,3292,"['Fantasy', 'Drama', 'Thriller', 'Mystery', 'Romance']",2008-11-24,60.269279,166.0,2008
150000000.0,215283742.0,5.8,1470,"['Fantasy', 'Adventure', 'Action', 'Comedy', 'Drama']",2010-07-13,35.580815,109.0,2010
160000000.0,181674817.0,5.5,583,"['Adventure', 'Action', 'Drama', 'Thriller']",2006-05-12,21.133748,99.0,2006
170000000.0,299370084.0,6.5,1725,['Fantasy'],2016-05-25,56.268916,113.0,2016
160000000.0,433677183.0,6.3,2268,"['Action', 'Adventure', 'Fantasy']",2016-05-25,63.148529,123.0,2016
155000000.0,415686217.0,6.2,1514,"['Adventure', 'Family', 'Fantasy']",2010-08-13,49.661984,113.0,2010
150000000.0,709709780.0,6.6,4040,"['Adventure', 'Science Fiction', 'Action']",2007-06-27,25.468493,144.0,2007
150000000.0,624029371.0,6.2,2961,"['Fantasy', 'Action']",2008-07-01,56.758411,104.0,2008
150000000.0,585349010.0,6.9,4853,"['Drama', 'Horror', 'Action', 'Thriller', 'Science Fiction']",2007-12-14,70.867401,101.0,2007
150000000.0,474968763.0,6.7,3624,"['Adventure', 'Comedy', 'Family', 'Fantasy']",2005-07-13,53.905592,115.0,2005
150000000.0,623722818.0,7.5,4369,"['Animation', 'Comedy', 'Family', 'Fantasy']",2007-06-22,65.677399,104.0,2007
150000000.0,603900354.0,6.2,1810,"['Family', 'Animation']",2008-10-30,44.141021,89.0,2008
150000000.0,413106170.0,5.9,1971,"['Adventure', 'Fantasy', 'Action', 'Comedy', 'Family']",2009-05-20,81.781591,105.0,2009
150000000.0,373062864.0,6.2,4021,"['Adventure', 'Action', 'Thriller', 'Science Fiction']",2009-04-28,5.954334,107.0,2009
150000000.0,424988211.0,6.4,3096,"['Adventure', 'Action', 'Thriller', 'Science Fiction']",2003-11-05,73.313918,129.0,2003
150000000.0,738599701.0,6.7,3443,"['Adventure', 'Action', 'Thriller', 'Science Fiction']",2003-05-15,70.78591,138.0,2003
150000000.0,356613439.0,6.5,2129,[],2009-05-13,67.447636,138.0,2009
150000000.0,309979994.0,6.3,1750,"['Animation', 'Family', 'Adventure', 'Comedy']",2008-11-21,41.845878,98.0,2008
150000000.0,292817841.0,5.1,510,"['Fantasy', 'Action', 'Adventure', 'Family', 'Comedy']",2009-07-21,26.710398,88.0,2009
150000000.0,301000000.0,5.5,1431,['Adventure'],2012-03-27,44.927635,99.0,2012
150000000.0,245527149.0,5.7,2320,"['Comedy', 'Fantasy']",2012-05-08,50.306728,113.0,2012
150000000.0,52313200.5,5.5,549,"['Drama', 'Horror', 'Thriller']",2010-02-11,21.214571,102.0,2010
150000000.0,287594577.0,5.7,1171,"['Family', 'Animation', 'Adventure', 'Comedy']",2007-10-28,29.332905,91.0,2007
150000000.0,665692281.0,6.7,1880,"['Animation', 'Family']",2011-05-25,51.247321,91.0,2011
150000000.0,318502923.0,4.7,1151,"['Action', 'Adventure', 'Family', 'Fantasy']",2010-06-30,33.769336,103.0,2010
150000000.0,397850012.0,6.5,2028,[],2006-05-03,63.079003,126.0,2006
150000000.0,205366737.0,6.4,1891,"['Action', 'Drama', 'Thriller']",2013-06-27,39.004588,131.0,2013
150000000.0,38992758.0,5.5,199,"['Adventure', 'Animation', 'Family']",2011-03-09,12.362599,88.0,2011
149000000.0,64459316.0,6.0,874,"['Adventure', 'Animation', 'Comedy', 'Family']",2006-10-22,22.550135,85.0,2006
145000000.0,272912430.0,6.7,843,"['Animation', 'Adventure', 'Family']",2014-02-07,38.73494,92.0,2014
175000000.0,497409852.0,6.9,2759,"['Adventure', 'Drama', 'War']",2004-05-13,66.803149,163.0,2004
145000000.0,746921274.0,6.4,1808,"['Animation', 'Family']",2012-06-06,44.989192,93.0,2012
140000000.0,431971116.0,5.8,1092,"['Adventure', 'Action', 'Thriller']",2002-11-17,54.159392,133.0,2002
144000000.0,229147509.0,5.3,2142,"['Action', 'Fantasy', 'Comedy']",2016-07-14,66.21806,116.0,2016
140000000.0,553799566.0,6.4,2482,[],1998-07-01,58.485967,151.0,1998
70000000.0,195735876.0,5.5,841,"['Adventure', 'Action', 'Animation']",2007-11-05,35.601665,104.0,2007
145000000.0,521170825.0,6.7,1603,[],2016-01-23,56.747978,95.0,2016
145000000.0,694713380.0,6.8,3972,"['Action', 'Thriller', 'Adventure']",2011-12-07,77.77477,133.0,2011
145000000.0,306941670.0,7.1,1922,"['Fantasy', 'Animation', 'Family']",2012-11-21,61.788035,97.0,2012
100000000.0,202026112.0,5.9,627,['Comedy'],2005-12-21,25.159168,90.0,2005
140000000.0,456758981.0,7.3,1895,"['Drama', 'Action', 'War', 'History']",2003-12-05,52.341226,104.0,2003
150000000.0,385680446.0,7.4,4518,"['Science Fiction', 'Action', 'Adventure']",2009-05-06,73.616808,127.0,2009
140000000.0,150680864.0,5.3,1277,['Fantasy'],2016-02-25,56.257249,127.0,2016
130000000.0,185258983.0,7.0,2811,"['Action', 'Mystery', 'Science Fiction']",2009-03-05,64.798873,163.0,2009
140000000.0,285444603.0,6.3,767,"['Action', 'Adventure', 'Comedy', 'Crime', 'Thriller']",1998-07-10,24.855701,127.0,1998
137000000.0,245360480.0,5.3,1533,"['Drama', 'Action', 'Science Fiction']",2003-06-19,34.981698,138.0,2003
130000000.0,371876278.0,5.4,3025,"['Adventure', 'Action', 'Science Fiction', 'Thriller']",2013-03-26,59.325589,110.0,2013
130000000.0,119269486.0,5.7,434,"['Action', 'Adventure', 'Comedy', 'Drama', 'Mystery']",2005-04-06,21.605568,124.0,2005
137000000.0,85131830.0,5.9,433,"['Adventure', 'Action', 'Animation', 'Fantasy', 'Science Fiction', 'Thriller']",2001-07-02,26.074908,106.0,2001
135000000.0,361832400.0,6.0,862,"['Adventure', 'Action', 'Thriller']",1999-11-08,39.604363,128.0,1999
150000000.0,212011111.0,6.9,790,['Adventure'],2003-11-14,36.973031,138.0,2003
130000000.0,150406466.0,5.8,373,"['Animation', 'Comedy', 'Family']",2011-11-17,17.7735,100.0,2011
150000000.0,163712074.0,6.1,3021,"['Science Fiction', 'Action', 'Adventure']",2008-06-12,62.898336,114.0,2008
140000000.0,183345589.0,6.0,1000,"['Adventure', 'Family', 'Fantasy']",2016-06-01,44.19092,120.0,2016
135000000.0,282570682.0,6.1,1074,"['Animation', 'Family']",2013-07-11,44.765377,96.0,2013
135000000.0,245724603.0,6.6,2051,"['Animation', 'Comedy', 'Family', 'Western', 'Adventure']",2011-03-02,29.91353,107.0,2011
132000000.0,373552094.0,6.5,1346,"['Family', 'Animation', 'Adventure', 'Comedy']",2014-11-22,84.366984,92.0,2014
70000000.0,442824138.0,7.3,2888,"['Action', 'Drama', 'Mystery', 'Thriller']",2007-08-03,45.381501,115.0,2007
130000000.0,631744560.0,6.9,3145,"['Adventure', 'Animation', 'Family', 'Comedy']",2008-06-04,84.689648,90.0,2008
135000000.0,368871007.0,6.8,1519,"['Fantasy', 'Comedy', 'Animation', 'Science Fiction', 'Family']",2015-03-18,63.473086,94.0,2015
132000000.0,591739379.0,6.2,2322,"['Adventure', 'Thriller', 'Science Fiction']",2005-06-28,48.572726,116.0,2005
130000000.0,273339556.0,6.3,1564,"['Adventure', 'Action', 'Comedy', 'Thriller', 'Crime']",2003-07-18,38.068736,147.0,2003
130000000.0,554987477.0,6.4,451,"['Action', 'Adventure', 'Animation', 'Family', 'Fantasy']",2011-10-28,20.678787,90.0,2011
110000000.0,293329073.0,6.2,2093,"['Action', 'Mystery', 'Thriller']",2010-07-21,48.829437,100.0,2010
125000000.0,362637473.0,5.6,2350,"['Drama', 'Adventure']",2014-03-20,46.115758,139.0,2014
130000000.0,371940071.0,6.7,2061,"['Adventure', 'Animation', 'Mystery']",2011-10-25,89.938296,107.0,2011
130000000.0,49554002.0,6.3,694,['Drama'],2008-11-18,28.840997,165.0,2008
130000000.0,243843127.0,5.0,2532,"['Science Fiction', 'Action', 'Adventure']",2013-05-30,42.840582,100.0,2013
127500000.0,354248063.0,6.2,542,"['Animation', 'Family']",2000-05-19,26.548594,82.0,2000
130000000.0,321887208.0,6.7,1918,"['Animation', 'Action', 'Comedy', 'Family', 'Science Fiction']",2010-10-28,68.757242,95.0,2010
130000000.0,61648500.0,5.4,1260,"['Fantasy', 'Action', 'Comedy', 'Crime']",2013-07-18,39.448066,96.0,2013
125000000.0,767820459.0,6.5,2704,"['Thriller', 'Mystery']",2006-05-17,45.313197,149.0,2006
103000000.0,500188435.0,6.3,978,"['Animation', 'Adventure', 'Comedy', 'Family']",2014-03-19,42.40024,102.0,2014
110000000.0,407711549.0,6.8,3506,[],2003-04-24,2.871739,133.0,2003
125000000.0,626137675.0,7.1,2438,"['Action', 'Thriller', 'Crime']",2011-04-20,7.255718,130.0,2011
125000000.0,334615000.0,7.0,3886,"['Adventure', 'Action', 'Crime', 'Mystery']",2011-11-22,81.499621,129.0,2011
125000000.0,232713139.0,5.6,2233,"['Adventure', 'Fantasy', 'Action']",2010-04-01,47.686442,106.0,2010
65000000.0,261317921.0,7.1,1710,"['Action', 'Adventure', 'Science Fiction']",1990-06-01,43.129703,113.0,1990
160000000.0,61698899.0,6.4,510,"['Adventure', 'Fantasy', 'Action']",1999-08-27,27.220157,102.0,1999
130000000.0,276572938.0,6.0,2651,"['Action', 'Thriller']",2012-08-08,90.33681,120.0,2012
125000000.0,238207122.0,4.2,1418,"['Action', 'Crime', 'Fantasy']",1997-06-20,50.073575,125.0,1997
123000000.0,345141403.0,6.2,1386,[],2000-11-17,45.419668,104.0,2000
125000000.0,544272402.0,6.2,2392,"['Action', 'Adventure', 'Science Fiction', 'Thriller']",2004-05-26,41.380094,124.0,2004
125000000.0,546388105.0,5.9,1928,"['Adventure', 'Action', 'Thriller']",2000-05-24,54.931334,123.0,2000
120000000.0,325756637.0,6.2,597,['Drama'],2000-03-15,25.752118,130.0,2000
130000000.0,289047763.0,5.4,2589,[],2007-06-13,60.810723,92.0,2007
110000000.0,228738393.0,5.2,1712,"['Thriller', 'Action', 'Fantasy', 'Horror']",2007-02-16,46.834704,114.0,2007
120000000.0,415484914.0,5.9,2341,"['Action', 'Thriller']",2016-07-27,62.641286,104.0,2016
120000000.0,259175788.0,5.2,914,"['Action', 'Adventure', 'Comedy']",2003-06-27,33.616115,106.0,2003
130000000.0,403170142.0,6.3,5080,"['Science Fiction', 'Adventure', 'Mystery']",2012-05-30,68.889395,124.0,2012
120000000.0,169956806.0,5.4,613,"['Family', 'Adventure', 'Animation', 'Comedy']",2002-07-19,27.990284,78.0,2002
115000000.0,286140700.0,6.4,3439,"['Science Fiction', 'Action', 'Drama', 'Thriller']",2013-08-07,67.33767,109.0,2013
105000000.0,115772733.0,6.3,1570,"['Action', 'Science Fiction']",2004-06-11,27.835436,119.0,2004
120000000.0,242688965.0,5.7,2342,"['Action', 'Science Fiction']",2014-01-30,66.757869,102.0,2014
120000000.0,48668907.0,4.9,223,"['Comedy', 'Drama', 'Romance']",2010-12-17,11.137655,121.0,2010
117000000.0,261930431.0,5.9,1547,"['Action', 'Comedy']",2010-06-15,44.906918,109.0,2010
120000000.0,286168572.0,6.4,4800,"['Action', 'Science Fiction', 'Adventure', 'Mystery']",2013-04-10,67.698004,124.0,2013
120000000.0,649398328.0,6.4,3992,"['Adventure', 'Action', 'Science Fiction']",2002-05-15,43.987061,142.0,2002
120000000.0,415440673.0,6.3,4053,"['Action', 'Science Fiction', 'Adventure', 'Fantasy']",2013-07-23,15.953444,126.0,2013
135000000.0,585178928.0,6.8,2399,"['Adventure', 'Animation', 'Comedy', 'Family', 'Fantasy']",2013-03-20,64.183321,98.0,2013
97250400.0,132900000.0,5.0,471,"['Fantasy', 'Adventure', 'Comedy', 'Family']",2008-01-13,20.344364,116.0,2008
115000000.0,77628265.0,5.8,341,"['Drama', 'Action', 'History', 'War']",2002-06-14,18.714197,134.0,2002
115000000.0,164602163.0,6.0,1523,"['Action', 'Adventure', 'Drama']",2016-04-06,60.467984,114.0,2016
116000000.0,178127760.0,5.7,428,"['Action', 'Adventure', 'Thriller']",1997-02-07,16.90444,108.0,1997
135000000.0,245623848.0,5.8,963,"['Fantasy', 'Action', 'Adventure', 'Comedy']",2016-06-01,39.873791,112.0,2016
120000000.0,167977596.0,4.4,2278,"['Action', 'Adventure', 'Science Fiction']",2015-08-05,38.126095,104.0,2015
110000000.0,574480841.0,6.3,2862,"['Action', 'Adventure', 'Comedy', 'Family', 'Fantasy']",2006-10-20,48.780039,108.0,2006
110000000.0,333011068.0,6.0,925,"['Adventure', 'Action', 'Thriller']",1997-12-11,42.887121,119.0,1997
110000000.0,215294342.0,6.8,1099,"['Drama', 'History', 'War', 'Action']",2000-06-28,23.657284,165.0,2000
110000000.0,362744280.0,6.4,2124,"['Thriller', 'Crime']",2004-12-09,76.840712,125.0,2004
110000000.0,478207520.0,6.5,2965,"['Action', 'Comedy', 'Drama', 'Thriller']",2005-06-07,44.635452,120.0,2005
116000000.0,102000000.0,7.0,1489,['Drama'],2004-12-17,45.616098,170.0,2004
112000000.0,237382724.0,4.9,621,[],2010-12-25,22.845143,85.0,2010
120000000.0,227817248.0,5.5,1251,"['Action', 'Crime', 'Comedy']",2011-01-12,31.703608,119.0,2011
110000000.0,337580051.0,6.1,2397,"['Action', 'War']",2014-03-05,71.510596,102.0,2014
110000000.0,563749323.0,5.5,1179,"['Animation', 'Family', 'Adventure', 'Comedy', 'Fantasy']",2011-07-29,36.65422,103.0,2011
110000000.0,103951461.0,5.7,389,"['Animation', 'Family']",2004-04-02,19.625972,76.0,2004
110000000.0,179246868.0,5.9,1998,"['Adventure', 'Science Fiction']",2016-03-09,86.105615,121.0,2016
110000000.0,299268508.0,6.6,2692,"['Action', 'Science Fiction', 'Drama']",2011-09-28,37.195046,104.0,2011
105000000.0,347434178.0,5.5,695,"['Fantasy', 'Family', 'Comedy', 'Animation']",2013-07-30,32.473628,105.0,2013
160000000.0,164508066.0,4.1,434,"['Action', 'Adventure', 'Thriller']",1997-06-13,23.336875,121.0,1997
110000000.0,125537191.0,6.6,2303,"['Science Fiction', 'Action', 'Adventure']",2013-10-23,45.94834,114.0,2013
110000000.0,383531464.0,6.4,2089,"['Action', 'Thriller']",2007-06-20,48.93337,128.0,2007
110000000.0,72178895.0,5.7,672,"['Action', 'Adventure', 'Comedy']",2004-06-16,22.643776,120.0,2004
107000000.0,87713825.0,6.7,447,['Drama'],2001-12-11,18.866672,157.0,2001
24000000.0,52313200.5,4.9,366,"['Comedy', 'Fantasy', 'Family']",2003-11-21,18.251129,82.0,2003
130000000.0,211643158.0,6.6,1157,"['Drama', 'Action', 'Adventure', 'History', 'War']",2005-05-03,44.490453,144.0,2005
133000000.0,300135367.0,5.8,959,"['Animation', 'Fantasy', 'Family', 'Comedy']",1999-12-17,30.475297,84.0,1999
105000000.0,267045765.0,6.7,1247,"['Romance', 'Family', 'Animation', 'Music']",2009-12-08,62.479574,97.0,2009
126000000.0,162949164.0,6.5,1770,"['Action', 'Thriller', 'Science Fiction', 'Adventure']",2005-07-20,37.68056,136.0,2005
90000000.0,10372291.0,3.7,16,"['Comedy', 'Romance']",2001-04-27,1.004579,104.0,2001
90000000.0,237202299.0,6.1,1485,"['Action', 'Crime', 'Thriller']",2000-06-09,52.995628,118.0,2000
102000000.0,358372926.0,7.1,2608,"['Action', 'Thriller', 'Science Fiction', 'Mystery']",2002-06-20,65.948959,145.0,2002
150000000.0,599045960.0,7.3,3855,"['Adventure', 'Action', 'Thriller']",2006-11-14,88.935165,144.0,2006
100000000.0,362211740.0,5.6,1243,"['Thriller', 'Science Fiction', 'Action', 'Adventure']",2001-07-25,51.188633,119.0,2001
80000000.0,214104620.0,6.5,1344,"['History', 'Crime', 'Drama']",2009-07-01,33.691694,140.0,2009
100000000.0,266465037.0,7.4,1502,"['Drama', 'Crime']",2007-11-02,42.361215,157.0,2007
115000000.0,378882411.0,6.8,1116,"['Action', 'Thriller']",1994-07-14,38.729418,141.0,1994
100000000.0,150166126.0,6.2,954,"['Thriller', 'Drama', 'Crime']",2009-06-11,40.597856,106.0,2009
100000000.0,310650585.0,5.4,1060,"['Comedy', 'Romance']",2010-12-21,32.389353,98.0,2010
100000000.0,170432927.0,6.1,1383,"['Action', 'Comedy', 'Crime']",2010-08-06,24.399642,107.0,2010
100000000.0,242295562.0,5.6,543,"['Action', 'Drama', 'Mystery', 'Thriller']",1996-06-21,24.507987,115.0,1996
100000000.0,100138851.0,6.8,1129,"['Drama', 'Animation', 'Family']",1996-06-21,46.727941,91.0,1996
100000000.0,169327687.0,7.2,1490,"['Adventure', 'Animation', 'Comedy', 'Family', 'Fantasy']",2000-12-09,51.113717,78.0,2000
100000000.0,312573423.0,6.1,2896,[],2012-08-08,53.732892,103.0,2012
100000000.0,347451894.0,6.4,1926,"['Adventure', 'Action', 'Thriller', 'Mystery']",2004-11-19,58.849256,131.0,2004
100000000.0,249288105.0,4.9,967,"['Fantasy', 'Action', 'Adventure', 'Family']",2006-12-14,30.863434,104.0,2006
100000000.0,100086793.0,6.4,572,"['Family', 'Fantasy']",2009-10-16,31.586215,101.0,2009
100000000.0,268426634.0,6.4,1121,"['Animation', 'Adventure', 'Family', 'Fantasy']",2013-05-15,36.711378,102.0,2013
100000000.0,278731369.0,6.0,1699,"['Action', 'Thriller', 'Romance']",2010-12-08,41.426678,103.0,2010
100000000.0,211989043.0,5.5,482,"['Action', 'Fantasy', 'Horror', 'Mystery']",1999-11-24,20.652943,121.0,1999
100000000.0,170877916.0,7.3,2281,"['Drama', 'Thriller', 'Action']",2006-12-07,52.792678,143.0,2006
100000000.0,336529144.0,5.2,1498,"['Action', 'Crime', 'Fantasy']",1995-05-31,48.205606,121.0,1995
105000000.0,121214377.0,6.7,1560,"['Adventure', 'Action', 'Thriller', 'Science Fiction']",1997-11-06,58.782359,129.0,1997
102000000.0,130482868.0,6.6,2977,"['Drama', 'Science Fiction']",2012-10-26,73.872343,172.0,2012
80000000.0,140073390.0,6.5,703,"['Animation', 'Adventure', 'Family', 'Fantasy']",2010-07-10,37.321848,97.0,2010
100000000.0,82102379.0,4.2,808,"['Action', 'Crime']",2004-07-22,32.271938,104.0,2004
100000000.0,243400000.0,5.6,1680,"['Action', 'Adventure']",2014-07-23,76.842247,99.0,2014
140000000.0,109578115.0,7.2,948,"['Adventure', 'Animation', 'Family', 'Fantasy', 'Science Fiction']",2002-11-26,38.924136,95.0,2002
100000000.0,68688831.0,5.3,381,"['Adventure', 'Comedy', 'Science Fiction']",2009-06-05,19.38841,102.0,2009
90000000.0,206172544.0,6.1,1795,"['Action', 'Adventure', 'Thriller']",2014-08-04,61.025639,127.0,2014
105000000.0,133718711.0,5.5,783,"['Action', 'Crime', 'Thriller']",2015-12-03,33.507289,114.0,2015
84000000.0,52313200.5,3.6,338,"['Fantasy', 'Comedy', 'Family', 'Adventure']",2005-02-18,17.815595,94.0,2005
100000000.0,93820758.0,6.5,1276,"['Thriller', 'Drama', 'Adventure', 'Action', 'History']",2015-11-20,50.767332,122.0,2015
100000000.0,7103973.0,4.4,142,"['Action', 'Comedy', 'Science Fiction']",2002-08-15,12.092241,95.0,2002
100000000.0,94882889.0,6.4,717,"['War', 'Action', 'Adventure', 'Drama', 'Thriller']",2010-03-11,30.254021,115.0,2010
99000000.0,246233113.0,6.5,604,['Animation'],2015-11-05,34.308098,104.0,2015
10000000.0,13835130.0,7.1,73,[],1997-09-08,3.091077,110.0,1997
98000000.0,433013274.0,6.0,2206,"['Adventure', 'Action', 'Fantasy']",2001-04-28,41.862983,130.0,2001
100000000.0,193772504.0,7.1,1910,"['Drama', 'History', 'Crime']",2002-12-14,46.160048,167.0,2002
94000000.0,95311434.0,7.1,187,"['Drama', 'History', 'War']",2011-12-15,12.516546,145.0,2011
85000000.0,149044513.0,5.9,601,"['Animation', 'Comedy', 'Family']",2007-06-08,23.230851,85.0,2007
90000000.0,102000000.0,5.4,334,"['Action', 'Comedy', 'Science Fiction']",2004-06-10,19.224754,93.0,2004
92000000.0,172989651.0,7.2,1811,"['Action', 'History', 'War']",2001-12-28,44.455166,144.0,2001
24000000.0,104907746.0,5.6,578,['Comedy'],2012-08-09,16.460356,85.0,2012
100000000.0,288347692.0,5.4,426,"['Comedy', 'Drama', 'Romance']",2010-05-26,18.325897,146.0,2010
95000000.0,76432727.0,7.0,858,"['Adventure', 'Animation', 'Comedy', 'Family']",2000-03-31,37.054554,89.0,2000
65000000.0,93525586.0,6.6,1065,"['Fantasy', 'Drama']",2009-12-26,29.257137,136.0,2009
95000000.0,114178613.0,5.2,957,"['Adventure', 'Fantasy']",2014-12-12,63.628459,102.0,2014
115000000.0,274703340.0,5.7,2192,"['Adventure', 'Fantasy', 'Action', 'Thriller']",2001-06-11,41.498631,100.0,2001
100000000.0,103039258.0,5.9,2295,"['Thriller', 'Science Fiction', 'Drama', 'Mystery']",2014-04-16,58.991388,119.0,2014
93000000.0,368780809.0,5.7,2077,"['Adventure', 'Action', 'Thriller', 'Science Fiction']",2001-07-18,1.859364,92.0,2001
90000000.0,162839667.0,6.3,572,"['Adventure', 'Family', 'Fantasy']",2008-02-14,21.436682,95.0,2008
92000000.0,304654182.0,5.2,3493,"['Action', 'Thriller']",2013-02-06,65.402595,104.0,2013
145000000.0,25819961.0,5.8,106,"['Western', 'History', 'War']",2004-04-07,10.660441,137.0,2004
98000000.0,10017322.0,5.7,136,"['Action', 'Adventure']",1995-12-22,7.029308,119.0,1995
95000000.0,226497209.0,6.0,2010,"['Adventure', 'Fantasy', 'Family']",2010-02-01,61.121717,104.0,2010
90000000.0,497366869.0,7.3,3806,"['Animation', 'Comedy', 'Family']",1999-10-30,73.575118,92.0,1999
100000000.0,167805466.0,6.3,1165,[],2010-11-04,37.698465,98.0,2010
90000000.0,347325802.0,6.4,1054,"['Action', 'Comedy', 'Crime', 'Thriller']",2001-08-03,35.814765,90.0,2001
100000000.0,155464351.0,6.3,488,"['Drama', 'Horror', 'Mystery', 'Thriller']",2000-07-21,15.835672,130.0,2000
100000000.0,242988466.0,6.5,1747,"['Animation', 'Comedy', 'Family']",2009-09-17,46.781182,90.0,2009
90000000.0,188133322.0,7.0,3144,"['Adventure', 'Comedy', 'Drama', 'Fantasy']",2013-12-18,43.348022,114.0,2013
92000000.0,264105545.0,5.6,1232,"['Action', 'Adventure', 'Comedy', 'Crime', 'Thriller']",2000-11-02,40.20395,98.0,2000
90000000.0,289847354.0,7.9,4339,"['Drama', 'Thriller', 'Crime']",2006-10-05,63.429157,151.0,2006
90000000.0,304320254.0,7.6,2008,"['Animation', 'Family', 'Adventure']",1998-06-18,67.427755,88.0,1998
92000000.0,188072649.0,6.5,1667,"['Action', 'Comedy']",2008-08-09,43.192048,107.0,2008
90000000.0,232617430.0,7.2,2434,"['Thriller', 'Crime', 'Mystery', 'Drama']",2011-12-14,47.651083,158.0,2011
90000000.0,366101666.0,6.9,2066,"['Action', 'Thriller']",1995-05-19,51.881077,128.0,1995
100000000.0,94061311.0,5.3,621,['Drama'],2016-08-17,29.608322,125.0,2016
120000000.0,186053725.0,6.7,1224,"['Animation', 'Family', 'Adventure', 'Science Fiction']",2001-06-02,51.548589,95.0,2001
24000000.0,233755553.0,5.8,428,"['Adventure', 'Animation', 'Comedy', 'Family']",2015-12-17,27.867368,92.0,2015
75000000.0,200276000.0,6.7,1173,"['Drama', 'Thriller', 'History', 'War']",2008-12-25,38.832842,121.0,2008
90000000.0,201596308.0,5.5,1048,"['Comedy', 'Action']",2008-06-05,40.597344,113.0,2008
100000000.0,235926552.0,6.8,1974,"['Drama', 'Science Fiction', 'Adventure']",2001-06-29,34.035114,146.0,2001
90000000.0,182290266.0,5.2,466,"['Thriller', 'Fantasy', 'Comedy', 'Family', 'Mystery']",2003-11-25,16.302378,99.0,2003
90000000.0,171120329.0,7.2,1308,[],1997-07-11,55.249434,150.0,1997
95000000.0,190213455.0,5.6,634,"['Action', 'Science Fiction', 'Thriller']",2000-08-04,28.200874,112.0,2000
80000000.0,162944923.0,6.2,392,"['Crime', 'Thriller']",2005-04-08,18.69984,128.0,2005
90000000.0,174578751.0,5.9,1648,"['Adventure', 'Family', 'Fantasy']",2013-08-07,40.262261,106.0,2013
95000000.0,156505388.0,5.5,1418,"['Action', 'Adventure', 'Fantasy', 'Thriller']",2003-07-21,56.811056,104.0,2003
90000000.0,334901337.0,6.7,3235,"['Action', 'Adventure', 'Comedy', 'Crime', 'Mystery', 'Thriller']",2016-06-02,51.535701,129.0,2016
68000000.0,118063304.0,5.9,302,"['Thriller', 'Action', 'Romance', 'Science Fiction', 'Adventure']",1997-04-03,20.913852,116.0,1997
92000000.0,143049560.0,6.8,579,"['Action', 'Crime', 'Thriller']",2001-11-18,27.166757,126.0,2001
90000000.0,60874615.0,5.7,369,['Science Fiction'],2000-03-10,16.058284,114.0,2000
90000000.0,484635760.0,6.5,2166,"['Animation', 'Adventure', 'Comedy', 'Family']",2011-04-03,46.200042,96.0,2011
100000000.0,93700000.0,6.9,963,"['Comedy', 'Science Fiction']",1999-12-17,24.939295,131.0,1999
90000000.0,52313200.5,5.2,376,"['Science Fiction', 'Action', 'Drama', 'Thriller']",1997-04-25,19.836124,104.0,1997
90000000.0,140807547.0,5.9,290,"['Crime', 'Thriller', 'Drama']",1997-03-12,15.350451,107.0,1997
100000000.0,35168966.0,6.1,264,"['Drama', 'History', 'Thriller']",2002-07-19,15.625949,138.0,2002
20000000.0,79114085.0,6.6,650,[],1982-04-02,31.802807,129.0,1982
88000000.0,108539911.0,7.3,616,"['Romance', 'Drama', 'History']",2005-06-02,24.100863,144.0,2005
90000000.0,16178959.0,5.4,50,"['Fantasy', 'Action', 'Family']",2010-11-24,3.593349,110.0,2010
87000000.0,148336445.0,6.7,216,"['Drama', 'History']",2003-07-22,14.824166,141.0,2003
92000000.0,494471524.0,6.1,950,"['Action', 'Adventure', 'Drama']",1996-05-10,32.079995,113.0,1996
90000000.0,429632142.0,7.5,3218,"['Adventure', 'Drama']",2000-12-22,57.739713,143.0,2000
100000000.0,384335608.0,5.9,1410,"['Animation', 'Comedy']",2006-11-16,37.272385,104.0,2006
75000000.0,288500217.0,7.2,2825,"['Action', 'Drama', 'Thriller']",2004-07-23,53.213931,108.0,2004
85000000.0,315156409.0,6.2,840,"['Action', 'Thriller']",1997-07-25,36.38795,124.0,1997
85000000.0,450717150.0,7.2,3783,"['Thriller', 'Crime']",2001-12-07,60.929352,116.0,2001
75000000.0,132274484.0,5.6,924,"['Adventure', 'Action', 'Thriller']",2011-08-31,36.605246,110.0,2011
85000000.0,358375603.0,6.8,2566,"['Animation', 'Comedy', 'Family', 'Fantasy']",2012-09-20,56.257411,91.0,2012
85000000.0,340487652.0,6.6,1449,[],2007-11-20,29.21998,107.0,2007
85000000.0,208076205.0,6.3,1345,"['Action', 'Thriller']",2012-02-09,34.773106,115.0,2012
85000000.0,183611771.0,5.1,313,"['Comedy', 'Family']",2000-10-07,9.895061,100.0,2000
75000000.0,152930623.0,5.8,932,"['Action', 'Comedy']",2011-11-02,36.743324,104.0,2011
85000000.0,194168700.0,6.7,1225,"['Comedy', 'Romance']",2006-12-08,44.967453,136.0,2006
90000000.0,250649836.0,6.7,1240,"['Action', 'Drama', 'Thriller']",1998-11-20,41.207568,132.0,1998
85000000.0,219103655.0,6.2,360,"['Comedy', 'Romance']",2009-12-23,16.479851,121.0,2009
85000000.0,311312624.0,6.5,1999,"['Crime', 'Thriller']",2007-06-07,42.069993,122.0,2007
85000000.0,197309027.0,6.1,656,"['Adventure', 'Animation', 'Family']",2006-09-29,26.61951,83.0,2006
85000000.0,288747895.0,6.9,4663,"['Adventure', 'Action', 'Science Fiction']",2014-03-14,80.316463,139.0,2014
68000000.0,96976270.0,7.2,999,['War'],2001-03-13,41.273567,131.0,2001
85000000.0,80916492.0,6.4,514,"['Adventure', 'Action', 'Comedy', 'Thriller']",2003-09-26,24.107835,104.0,2003
85000000.0,137298489.0,6.1,712,[],1993-06-18,32.044191,130.0,1993
85000000.0,162242962.0,7.3,652,"['Drama', 'History', 'Romance']",2005-12-06,16.595874,145.0,2005
85000000.0,158468292.0,6.1,1705,"['Action', 'Crime', 'Drama', 'Thriller']",2006-06-03,8.282876,104.0,2006
24000000.0,52313200.5,6.7,333,"['Drama', 'Animation', 'Family', 'Comedy']",2011-02-22,19.83683,97.0,2011
24000000.0,37823676.0,7.3,85,"['Drama', 'Music']",1979-12-20,5.159407,123.0,1979
85000000.0,183018522.0,5.5,1114,"['Adventure', 'Fantasy', 'Drama', 'Comedy', 'Science Fiction', 'Family']",2012-03-15,48.126297,106.0,2012
60000000.0,47664559.0,7.2,2126,"['Action', 'Adventure', 'Comedy']",2010-07-27,38.885195,112.0,2010
60000000.0,74208267.0,5.4,516,"['Action', 'Thriller', 'Adventure', 'Science Fiction']",2003-03-28,29.211255,136.0,2003
84000000.0,123307945.0,4.7,332,"['Fantasy', 'Comedy', 'Romance', 'Science Fiction']",2000-07-27,17.783361,106.0,2000
84000000.0,275650703.0,5.4,820,"['Mystery', 'Adventure', 'Comedy']",2002-06-14,31.435539,88.0,2002
50000000.0,41037742.0,6.6,1940,"['Action', 'Science Fiction']",2012-09-07,57.673932,95.0,2012
82500000.0,237681299.0,6.0,2104,"['Comedy', 'Drama', 'Fantasy', 'Romance']",2006-06-22,41.176631,107.0,2006
8000000.0,21028755.0,6.7,226,"['Horror', 'Comedy', 'Fantasy']",1982-11-12,13.661289,104.0,1982
85000000.0,112483764.0,4.9,119,"['Comedy', 'Family']",2010-07-30,11.77398,82.0,2010
85000000.0,222231186.0,5.9,1799,"['Adventure', 'Fantasy', 'Science Fiction']",2008-02-10,21.218,88.0,2008
85000000.0,160388063.0,6.5,1527,"['Adventure', 'Fantasy', 'Science Fiction']",2008-07-11,58.57976,120.0,2008
65000000.0,84785914.0,7.3,2023,"['Crime', 'Drama', 'Mystery', 'Thriller']",2007-03-02,51.970905,157.0,2007
82000000.0,96085477.0,5.7,595,['Science Fiction'],2000-11-17,18.447479,123.0,2000
80000000.0,274470394.0,6.0,2926,"['Thriller', 'Adventure', 'Action']",2010-08-03,77.580661,103.0,2010
80000000.0,457696359.0,6.7,2631,"['Adventure', 'Action', 'Thriller']",1996-05-22,75.290998,110.0,1996
80000000.0,254455986.0,6.2,3739,['Comedy'],2011-05-25,58.040149,102.0,2011
80000000.0,280000000.0,6.6,1673,"['Action', 'Fantasy']",1992-06-19,59.113174,126.0,1992
80000000.0,343397247.0,6.3,1074,"['Comedy', 'Animation', 'Family']",2006-04-22,36.32705,83.0,2006
80000000.0,145771527.0,7.1,1314,"['Animation', 'Family']",2002-06-21,55.659988,85.0,2002
85000000.0,144000000.0,5.8,288,"['Comedy', 'Family', 'Fantasy']",2006-12-15,14.132583,97.0,2006
75000000.0,140464664.0,5.9,855,"['Action', 'Drama', 'Romance']",1998-05-08,34.070054,120.0,1998
84000000.0,52313200.5,6.4,1526,"['Action', 'Comedy', 'Crime', 'Thriller']",2013-07-18,44.34333,116.0,2013
82000000.0,190320568.0,6.2,785,"['Comedy', 'Drama']",2005-05-19,26.065735,113.0,2005
75000000.0,342695435.0,5.4,484,"['Comedy', 'Fantasy', 'Family', 'Music', 'Animation']",2011-12-14,23.473004,87.0,2011
80000000.0,246984278.0,5.8,1155,['Comedy'],2013-07-11,45.589568,100.0,2013
80000000.0,230685453.0,6.0,1051,"['Action', 'Comedy', 'Thriller']",2008-06-19,23.496054,110.0,2008
80000000.0,266728738.0,6.3,410,"['Drama', 'Comedy', 'Romance']",2003-12-12,16.939441,128.0,2003
80000000.0,163733697.0,5.3,331,"['Comedy', 'Romance', 'Drama']",2008-11-26,19.500893,88.0,2008
75000000.0,260696994.0,6.0,1333,"['Animation', 'Comedy', 'Family', 'Science Fiction']",2005-03-10,29.558157,91.0,2005
80000000.0,245676146.0,6.8,1583,"['Action', 'Crime', 'Science Fiction', 'Thriller']",1997-06-27,46.075037,138.0,1997
80000000.0,212874442.0,5.9,901,"['Fantasy', 'Comedy', 'Family', 'Romance']",2008-12-24,23.531721,99.0,2008
80000000.0,181001478.0,7.3,1077,"['Thriller', 'Crime', 'Drama']",2002-07-12,49.078546,117.0,2002
80000000.0,214918407.0,6.3,1543,"['Romance', 'Comedy']",2011-02-10,37.02665,117.0,2011
75000000.0,224012234.0,6.5,1270,"['Action', 'Thriller', 'Crime']",1997-06-01,45.154631,115.0,1997
80000000.0,178066569.0,6.3,1018,"['Mystery', 'Thriller', 'Action']",2008-09-25,46.887983,118.0,2008
79000000.0,173013509.0,6.7,533,['Drama'],2003-12-24,24.598479,154.0,2003
80000000.0,157107755.0,6.6,2164,"['Action', 'Thriller', 'Science Fiction']",2010-01-14,32.363538,118.0,2010
80000000.0,177977226.0,5.3,695,"['Comedy', 'Family', 'Science Fiction']",1997-11-26,11.50396,93.0,1997
80000000.0,91188905.0,5.2,369,"['Horror', 'Thriller', 'Fantasy', 'Mystery']",1999-07-23,19.375768,113.0,1999
80000000.0,250200000.0,6.5,1288,"['Animation', 'Comedy', 'Drama', 'Family', 'Fantasy']",1996-11-15,36.125715,88.0,1996
24000000.0,52313200.5,5.6,550,"['Action', 'Comedy', 'Crime', 'Mystery', 'Family']",2006-01-18,25.450534,93.0,2006
80000000.0,233093859.0,5.2,1043,"['Drama', 'Science Fiction', 'Thriller']",2008-12-10,41.890722,104.0,2008
75000000.0,136982834.0,6.5,431,"['Action', 'Drama', 'Mystery', 'Thriller']",1997-08-07,22.179658,135.0,1997
70000000.0,164000000.0,5.6,332,"['Action', 'Adventure', 'Comedy', 'Romance']",1998-06-12,18.264635,98.0,1998
80000000.0,201584141.0,5.2,220,"['Comedy', 'Family', 'Animation', 'Adventure']",2010-12-11,11.187696,80.0,2010
80000000.0,122563539.0,7.4,831,"['Western', 'Animation', 'Adventure', 'Comedy', 'Family']",2002-05-24,41.670544,83.0,2002
80000000.0,169852759.0,5.3,498,"['Comedy', 'Romance', 'Family']",2011-07-06,27.46264,102.0,2011
80000000.0,136159423.0,5.0,388,"['Adventure', 'Family', 'Science Fiction']",1998-04-03,17.455024,130.0,1998
80000000.0,96105964.0,6.2,393,"['Drama', 'Thriller', 'Mystery']",2004-07-30,21.394281,129.0,2004
24000000.0,52313200.5,8.0,1,"['Romance', 'Drama']",1998-04-22,0.605645,117.0,1998
80000000.0,473226958.0,6.7,1497,"['Animation', 'Comedy', 'Family']",2015-09-21,61.692197,89.0,2015
80000000.0,90874570.0,7.0,292,"['Animation', 'Family', 'Music']",1999-12-17,14.530946,74.0,1999
80000000.0,123729176.0,5.8,631,[],2002-03-04,25.978555,104.0,2002
90000000.0,52313200.5,5.9,208,"['Action', 'Adventure', 'Family', 'Fantasy']",1998-12-25,6.643778,114.0,1998
102000000.0,147080413.0,6.1,932,"['Action', 'Crime', 'Thriller']",2001-06-07,36.788745,99.0,2001
75000000.0,142400065.0,5.9,893,"['Action', 'Adventure']",2005-10-24,31.054334,129.0,2005
85000000.0,71485043.0,6.8,577,"['Drama', 'Fantasy', 'Romance']",1998-10-02,21.891078,113.0,1998
85000000.0,52313200.5,5.2,438,"['Comedy', 'Fantasy', 'Romance']",2000-11-10,18.335992,90.0,2000
88000000.0,105316267.0,5.6,818,"['Adventure', 'Fantasy', 'Action', 'Comedy', 'Thriller']",2005-08-26,40.138009,118.0,2005
70000000.0,101371017.0,6.1,1509,"['Comedy', 'Fantasy', 'Science Fiction']",1996-12-12,44.090535,106.0,1996
24000000.0,52313200.5,6.4,47,"['Mystery', 'Drama', 'Horror']",2015-09-14,3.300061,81.0,2015
24000000.0,43312294.0,6.7,349,"['Action', 'Adventure', 'Drama']",1997-09-06,20.632673,117.0,1997
80000000.0,122444772.0,5.9,1195,"['Action', 'Science Fiction', 'Thriller']",2009-09-24,36.664991,89.0,2009
80000000.0,34566746.0,6.9,189,"['Drama', 'Thriller']",2000-12-24,18.26121,145.0,2000
80000000.0,159212469.0,5.8,378,"['Action', 'Adventure', 'Thriller']",1996-12-06,16.681269,115.0,1996
80000000.0,126546518.0,5.2,133,"['Animation', 'Family', 'Adventure']",2013-12-18,10.088006,87.0,2013
44000000.0,21400000.0,3.0,255,"['Action', 'Science Fiction', 'War']",2000-05-10,7.89147,118.0,2000
80000000.0,68514844.0,5.6,297,"['Animation', 'Comedy', 'Family']",2003-11-14,16.715631,90.0,2003
80000000.0,53825515.0,5.1,165,"['Drama', 'Music', 'Romance']",2009-12-03,9.357734,112.0,2009
80000000.0,19480739.0,5.4,318,"['Action', 'Adventure', 'Science Fiction']",2003-11-26,11.22268,116.0,2003
90000000.0,69131860.0,5.2,305,[],1998-11-25,11.356079,92.0,1998
90000000.0,146936910.0,5.7,1316,"['Fantasy', 'Action', 'Adventure']",2015-10-21,52.612025,106.0,2015
80000000.0,33463969.0,5.4,267,[],2000-11-10,13.800656,106.0,2000
86000000.0,107944236.0,6.0,639,"['Adventure', 'Fantasy', 'Animation', 'Family']",2006-12-13,27.097932,94.0,2006
24000000.0,19406406.0,7.3,111,"['Documentary', 'Family']",2009-10-17,10.706613,84.0,2009
80000000.0,5989640.0,4.8,111,"['Thriller', 'Science Fiction', 'Adventure', 'Action']",2005-05-15,7.342892,110.0,2005
130000000.0,117831631.0,5.2,1267,"['Action', 'Adventure', 'History', 'Romance', 'Drama']",2014-02-18,50.561849,105.0,2014
8000000.0,52313200.5,5.3,9,"['Comedy', 'Animation']",2015-10-30,0.719996,89.0,2015
60000000.0,313542341.0,7.7,3009,"['Drama', 'Romance']",2001-12-11,59.248437,135.0,2001
79000000.0,355692760.0,5.8,1030,[],2012-01-19,40.723459,94.0,2012
78000000.0,248384621.0,6.4,915,"['Animation', 'Family', 'Comedy']",2013-09-26,41.247402,95.0,2013
78000000.0,209196298.0,6.7,1115,"['Crime', 'Thriller', 'Horror']",2002-09-29,10.083905,124.0,2002
100000000.0,108103450.0,6.5,318,"['Western', 'Adventure']",2004-03-05,16.759252,136.0,2004
79000000.0,149673788.0,4.1,604,['Comedy'],2011-11-11,22.132418,91.0,2011
76000000.0,236350661.0,6.2,2028,"['Action', 'Crime', 'Thriller']",2003-06-05,10.520961,107.0,2003
64000000.0,97571250.0,7.6,756,"['Adventure', 'Animation', 'Fantasy']",2015-07-29,35.384423,92.0,2015
80000000.0,15071514.0,5.7,359,"['Science Fiction', 'Thriller']",2007-08-17,15.673154,99.0,2007
76000000.0,35134820.0,3.9,87,"['Action', 'Adventure', 'Animation', 'Comedy', 'Family']",2000-06-30,8.981427,88.0,2000
78000000.0,179265204.0,5.7,1155,[],2003-07-11,47.436675,110.0,2003
73000000.0,229074524.0,6.2,2487,"['Adventure', 'Action', 'Science Fiction']",1997-05-23,2.502487,129.0,1997
75000000.0,532680671.0,6.6,3237,"['Family', 'Animation']",2005-05-25,48.110909,86.0,2005
76000000.0,69959751.0,7.4,2071,"['Drama', 'Action', 'Thriller', 'Science Fiction']",2006-09-22,35.387874,109.0,2006
75000000.0,296339527.0,6.8,4097,"['Adventure', 'Action', 'Science Fiction']",2000-07-13,4.66891,104.0,2000
75000000.0,258270008.0,6.4,2528,"['Action', 'Thriller', 'Crime']",2008-06-19,73.82289,110.0,2008
75000000.0,335062621.0,6.9,1456,"['Action', 'Adventure', 'Thriller']",1996-06-06,51.469576,136.0,1996
80000000.0,660940780.0,6.5,2951,"['Animation', 'Family', 'Comedy', 'Adventure']",2006-03-23,85.115058,91.0,2006
75000000.0,196482882.0,6.6,2105,"['Comedy', 'Romance']",2004-02-13,61.437586,99.0,2004
50000000.0,90450008.0,6.5,709,"['Family', 'Comedy', 'Music', 'Romance']",2007-07-13,31.160542,117.0,2007
80000000.0,78000586.0,4.7,183,"['Horror', 'Mystery', 'Thriller']",2004-08-20,15.761384,114.0,2004
75000000.0,52313200.5,4.3,318,"['Action', 'Adventure', 'Comedy', 'Family']",1999-07-23,17.561955,78.0,1999
80000000.0,271430189.0,6.0,1705,['Comedy'],2010-06-24,38.864027,102.0,2010
60000000.0,219417255.0,7.0,1910,"['Comedy', 'Drama']",2004-06-17,57.753914,128.0,2004
35000000.0,73034460.0,5.7,202,"['Comedy', 'Family']",2009-01-16,13.25753,100.0,2009
75000000.0,215663859.0,5.9,283,[],2000-12-08,13.318744,124.0,2000
75000000.0,119000410.0,6.5,338,"['Comedy', 'Drama', 'History']",2007-12-19,18.70031,102.0,2007
75000000.0,367275019.0,5.8,1557,"['Animation', 'Action', 'Comedy', 'Family']",2004-09-20,47.094369,90.0,2004
70000000.0,154937680.0,6.6,284,['Drama'],2006-12-25,14.486311,134.0,2006
53000000.0,95226116.0,5.4,292,"['Comedy', 'Crime']",2005-03-04,18.61472,118.0,2005
70000000.0,130358911.0,6.9,696,"['Drama', 'Action', 'History', 'Thriller']",2005-12-22,29.035222,164.0,2005
70000000.0,85632458.0,6.4,573,"['Action', 'Drama', 'War']",2003-03-07,27.055085,121.0,2003
75000000.0,98159963.0,5.7,772,"['Action', 'Comedy', 'Thriller', 'Romance']",2010-06-04,23.004607,100.0,2010
75000000.0,108145109.0,7.1,2265,"['Comedy', 'Action', 'Adventure']",2015-08-13,48.744209,116.0,2015
80000000.0,55041367.0,5.8,369,['Comedy'],2004-12-17,14.209329,130.0,2004
75000000.0,140175006.0,6.3,874,"['Animation', 'Comedy', 'Family', 'Fantasy']",2006-07-21,36.368839,91.0,2006
75000000.0,67631903.0,6.2,302,"['Action', 'Comedy', 'Crime', 'Romance']",2001-10-12,24.353302,123.0,2001
55000000.0,127600435.0,5.9,311,"['Action', 'Adventure', 'Drama', 'Romance']",1995-07-07,19.143321,134.0,1995
75000000.0,52313200.5,6.4,197,"['Drama', 'History', 'Romance']",1999-12-16,13.327372,148.0,1999
75000000.0,226904017.0,5.7,880,"['Fantasy', 'Action', 'Drama']",2011-11-10,37.917002,110.0,2011
52000000.0,77944725.0,6.2,512,"['Mystery', 'Drama', 'Thriller', 'Crime']",2005-03-09,23.663713,104.0,2005
75000000.0,36754634.0,6.3,313,"['Animation', 'Action', 'Science Fiction', 'Family', 'Adventure']",2000-06-16,14.44381,94.0,2000
75000000.0,51142659.0,5.0,166,"['Action', 'Adventure', 'Comedy', 'Thriller']",2003-06-09,10.605084,116.0,2003
75000000.0,14567883.0,6.1,221,"['Action', 'War', 'Science Fiction']",1998-10-23,11.873856,99.0,1998
24000000.0,5802422.0,5.8,282,"['Action', 'Drama', 'Horror', 'Science Fiction', 'Thriller']",2009-09-04,12.708963,84.0,2009
75000000.0,5409517.0,4.3,78,"['Adventure', 'Fantasy', 'Animation', 'Action', 'Comedy']",2001-02-23,8.098369,93.0,2001
45000000.0,21009180.0,5.7,276,"['Action', 'Adventure', 'Drama', 'Thriller']",2004-12-17,20.374308,113.0,2004
75000000.0,248118121.0,6.9,1946,"['Science Fiction', 'Thriller', 'Drama']",2000-11-13,42.006908,106.0,2000
82000000.0,89792502.0,5.9,1623,"['Action', 'Fantasy', 'Thriller']",2011-03-24,39.127082,110.0,2011
73000000.0,103891409.0,5.8,327,"['Crime', 'Mystery']",1998-08-07,20.790703,98.0,1998
75000000.0,13100000.0,5.8,476,['Science Fiction'],1998-02-13,18.65988,134.0,1998
73000000.0,349779543.0,5.9,1022,"['Family', 'Animation']",2016-05-11,45.720894,97.0,2016
70000000.0,111231041.0,5.4,444,[],2008-02-07,21.789615,112.0,2008
75000000.0,61458982.0,5.7,390,"['Comedy', 'Drama']",2009-07-31,20.199057,146.0,2009
70000000.0,86658558.0,6.5,513,"['Thriller', 'Action', 'Drama']",2007-08-22,26.123705,110.0,2007
72500000.0,162966177.0,6.2,491,['Comedy'],2006-08-04,12.599836,116.0,2006
70000000.0,176104344.0,4.9,410,"['Comedy', 'Family', 'Romance', 'Fantasy']",2001-06-22,13.543053,87.0,2001
72000000.0,96889998.0,6.6,765,"['Drama', 'War']",2005-11-04,32.227223,125.0,2005
75000000.0,527068851.0,6.9,2264,"['Animation', 'Comedy', 'Family']",2007-07-25,46.875375,87.0,2007
72000000.0,37317558.0,6.6,188,"['Drama', 'Romance']",2001-12-21,11.215702,152.0,2001
94000000.0,54744738.0,4.5,179,['Action'],2001-04-27,8.468586,116.0,2001
60000000.0,256697520.0,6.2,1071,"['Drama', 'Mystery', 'Thriller']",2004-07-30,27.491891,108.0,2004
71000000.0,294456605.0,5.4,686,"['Comedy', 'Family', 'Fantasy']",1998-06-22,21.462935,85.0,1998
72000000.0,408247917.0,6.4,1599,"['Drama', 'Thriller', 'Science Fiction', 'Mystery']",2002-08-02,28.848187,104.0,2002
120000000.0,461983149.0,6.6,3877,"['Animation', 'Adventure', 'Comedy', 'Family']",2006-06-08,82.643036,117.0,2006
70000000.0,309457509.0,5.7,455,"['Comedy', 'Romance']",1999-07-30,20.230535,116.0,1999
70000000.0,277448382.0,5.8,1424,"['Action', 'Adventure', 'Thriller']",2002-08-09,46.217769,124.0,2002
74000000.0,311594032.0,5.8,719,"['Animation', 'Adventure', 'Comedy', 'Family']",2015-02-05,36.952268,93.0,2015
80000000.0,309492681.0,6.4,470,"['Action', 'Thriller']",1996-11-08,16.411345,117.0,1996
70000000.0,300854823.0,6.6,1532,"['Adventure', 'Fantasy', 'Comedy', 'Family']",1991-12-11,33.648404,144.0,1991
70000000.0,240031094.0,6.6,1896,"['Action', 'Thriller']",1990-07-02,57.69847,124.0,1990
80000000.0,116643346.0,5.8,770,"['Action', 'Thriller', 'Crime']",2003-08-08,34.052253,117.0,2003
68000000.0,203388341.0,6.5,1078,"['Drama', 'Mystery', 'Romance', 'Science Fiction', 'Thriller']",2001-12-10,27.299301,136.0,2001
75000000.0,42285169.0,5.3,409,"['Drama', 'Thriller', 'Fantasy', 'Mystery']",2006-07-21,20.219385,110.0,2006
70000000.0,171183863.0,5.5,1217,"['Adventure', 'Science Fiction', 'Action']",2004-08-12,42.957216,101.0,2004
75000000.0,443140005.0,5.4,666,"['Comedy', 'Family', 'Animation', 'Fantasy', 'Music']",2009-12-21,29.412262,88.0,2009
75000000.0,114660784.0,6.7,521,"['Action', 'History', 'War']",2002-03-01,19.708731,138.0,2002
70000000.0,161025640.0,6.2,2981,"['Action', 'Thriller']",2013-03-20,59.428223,120.0,2013
70000000.0,118000000.0,6.3,391,"['Science Fiction', 'Action', 'Adventure', 'Thriller']",1998-12-10,19.711951,103.0,1998
70000000.0,202466756.0,5.5,1448,"['Action', 'Science Fiction']",2011-03-08,49.199234,116.0,2011
70000000.0,122919055.0,7.6,1994,"['Adventure', 'Fantasy', 'Drama']",2003-12-25,46.199482,125.0,2003
24000000.0,52313200.5,6.0,216,['Fantasy'],1994-06-17,13.758526,125.0,1994
66000000.0,177584879.0,7.0,992,"['Drama', 'War']",2011-12-25,29.505574,146.0,2011
70000000.0,154984035.0,5.8,1523,"['War', 'Drama', 'History', 'Action']",2014-01-24,43.873266,118.0,2014
70000000.0,90000098.0,7.1,808,"['Adventure', 'Action', 'Thriller', 'Science Fiction']",1989-08-09,24.961625,139.0,1989
70000000.0,134748021.0,5.8,493,"['Drama', 'Crime']",2010-09-02,23.25645,133.0,2010
70000000.0,215529201.0,6.2,2389,"['Horror', 'Action', 'Drama', 'Fantasy', 'War']",2014-10-01,64.457947,92.0,2014
70000000.0,116672912.0,6.0,352,"['Drama', 'Action', 'Thriller', 'Crime']",1998-11-06,20.089933,116.0,1998
70000000.0,135560026.0,7.1,1184,"['Adventure', 'Fantasy', 'Romance', 'Family']",2007-08-09,48.032734,127.0,2007
70000000.0,131457682.0,7.0,630,"['Adventure', 'Drama', 'History']",1997-09-12,16.92991,136.0,1997
70000000.0,67112664.0,5.2,304,"['Comedy', 'Drama']",2011-01-13,14.780634,111.0,2011
70000000.0,65977295.0,5.4,228,"['Action', 'Adventure', 'Comedy', 'Thriller']",2002-06-07,14.086292,116.0,2002
60000000.0,55987321.0,5.0,609,"['Adventure', 'Action', 'Horror']",2005-10-20,29.261348,105.0,2005
70000000.0,33561137.0,5.2,269,"['Action', 'Adventure', 'Comedy', 'Thriller']",2002-10-31,13.267631,97.0,2002
70000000.0,160112671.0,6.1,1862,"['Fantasy', 'Action', 'Horror']",2012-01-19,58.401204,88.0,2012
75000000.0,59418613.0,6.0,385,"['Comedy', 'Drama', 'Music', 'Romance']",2012-06-13,23.515938,123.0,2012
70000000.0,32287044.0,5.9,241,[],2002-02-15,14.244518,125.0,2002
66000000.0,57777106.0,6.1,695,"['Action', 'Adventure', 'Thriller']",2011-09-23,29.501489,116.0,2011
24000000.0,52313200.5,3.4,106,"['Action', 'Science Fiction', 'Thriller']",2002-02-08,9.306253,98.0,2002
70000000.0,19924033.0,4.3,97,"['Action', 'Adventure', 'Thriller']",2002-09-20,8.37378,91.0,2002
70000000.0,19870567.0,5.5,179,['Thriller'],1998-01-16,10.930537,97.0,1998
75000000.0,13596911.0,5.9,228,"['Adventure', 'Animation', 'Action', 'Comedy', 'Family']",2001-08-07,10.54544,95.0,2001
70000000.0,18662027.0,5.9,43,"['Animation', 'Music', 'Family']",2013-06-13,6.682006,88.0,2013
70000000.0,17752940.0,5.1,826,"['Crime', 'Drama', 'Mystery']",2015-01-13,46.832372,133.0,2015
70000000.0,57958696.0,5.7,439,"['Mystery', 'Action', 'Thriller', 'Science Fiction', 'Adventure']",2004-09-17,24.664776,107.0,2004
70000000.0,38629478.0,4.6,180,"['Crime', 'Mystery', 'Thriller']",2006-03-29,13.483387,114.0,2006
50000000.0,122915111.0,6.7,1659,[],2013-10-09,44.478043,115.0,2013
70000000.0,61279452.0,4.4,533,[],2014-01-10,25.020428,99.0,2014
68000000.0,193000000.0,5.9,437,"['Thriller', 'Action', 'Drama']",2002-05-31,22.392544,124.0,2002
68000000.0,71069884.0,6.7,423,"['Action', 'Crime', 'Thriller']",2001-07-13,22.572323,124.0,2001
60000000.0,35431113.0,5.4,222,"['Action', 'Comedy', 'Crime']",1995-11-21,10.004564,103.0,1995
68000000.0,217022588.0,6.2,2463,['Comedy'],2015-06-25,68.734513,115.0,2015
70000000.0,39041505.0,6.9,395,"['Adventure', 'Drama', 'History']",2009-05-17,18.888806,127.0,2009
68000000.0,29762011.0,5.7,250,"['Adventure', 'Fantasy', 'Action', 'Comedy', 'Science Fiction']",1999-08-06,12.948627,121.0,1999
36000000.0,83160734.0,5.4,611,['Comedy'],2011-02-25,27.11589,105.0,2011
90000000.0,60289912.0,7.3,481,"['Drama', 'Thriller']",1999-10-28,26.153669,157.0,1999
80000000.0,52099090.0,6.3,588,"['Action', 'Drama', 'History', 'Thriller']",2016-01-25,28.223664,114.0,2016
70000000.0,113280098.0,6.5,895,"['Action', 'Drama', 'Thriller']",2008-10-10,37.507136,128.0,2008
69000000.0,86387857.0,5.5,531,['Comedy'],2010-07-30,11.023691,114.0,2010
69000000.0,112265139.0,5.5,1269,"['Action', 'Fantasy', 'Horror']",2012-06-20,38.634767,94.0,2012
66000000.0,212404396.0,6.0,602,"['Romance', 'Drama', 'Mystery']",1999-04-29,25.877794,112.0,1999
66000000.0,189198313.0,6.6,488,"['Mystery', 'Science Fiction', 'Thriller']",1998-06-19,18.59991,121.0,1998
67000000.0,25303038.0,5.0,207,"['Action', 'Adventure', 'Fantasy', 'War']",2007-04-19,12.282911,102.0,2007
70000000.0,481840909.0,7.9,5048,"['Drama', 'History', 'War']",1998-07-24,76.041867,169.0,1998
66000000.0,203277636.0,6.1,1520,"['Action', 'Crime', 'Drama', 'Thriller']",2014-03-13,54.81489,130.0,2014
70000000.0,374111707.0,6.1,992,"['Comedy', 'Romance']",2000-12-15,31.39165,127.0,2000
68000000.0,75715436.0,5.3,567,"['Drama', 'Horror', 'Science Fiction', 'Thriller']",2003-03-21,26.792794,136.0,2003
65000000.0,275293450.0,6.7,1429,"['History', 'Drama']",2012-11-09,36.307296,149.0,2012
52000000.0,355237933.0,7.3,1599,['Drama'],1995-06-30,68.140214,140.0,1995
65000000.0,172855065.0,5.5,297,"['Fantasy', 'Comedy', 'Family']",2002-10-31,14.646884,104.0,2002
61000000.0,441809770.0,7.1,1884,"['Drama', 'Music', 'Romance']",2012-12-18,48.356214,157.0,2012
65000000.0,250821495.0,6.3,838,"['Comedy', 'Romance']",1998-12-17,28.540267,119.0,1998
65000000.0,128107642.0,6.5,1062,['Comedy'],2008-07-25,22.977983,98.0,2008
95000000.0,250288523.0,6.3,1183,"['Action', 'Adventure']",1998-07-16,31.086791,136.0,1998
65000000.0,211780824.0,6.2,1685,"['Comedy', 'Drama']",2010-11-04,43.865294,95.0,2010
65000000.0,163442937.0,7.3,1400,"['Drama', 'War']",2014-12-25,43.055253,137.0,2014
65000000.0,128884132.0,6.3,403,"['Action', 'Adventure', 'Thriller']",2000-07-31,15.772081,130.0,2000
70000000.0,255000211.0,6.1,588,"['Action', 'Adventure', 'Thriller']",1993-05-28,26.19909,112.0,1993
50000000.0,150270147.0,5.7,453,"['Action', 'Adventure', 'Drama', 'Thriller']",1996-02-09,22.769108,108.0,1996
65000000.0,69700000.0,6.0,238,"['Fantasy', 'Comedy', 'Family']",2000-07-07,18.281798,104.0,2000
63000000.0,162945894.0,5.9,447,"['Drama', 'History', 'Thriller']",2006-08-09,24.697533,128.0,2006
65000000.0,52313200.5,6.5,393,"['Drama', 'Romance']",2003-12-19,19.718544,117.0,2003
65000000.0,179379533.0,5.9,1743,['Comedy'],2012-05-15,31.349143,83.0,2012
65000000.0,162091208.0,7.1,1234,"['Mystery', 'Drama']",1999-07-14,27.870312,159.0,1999
65000000.0,133821816.0,6.0,466,"['Comedy', 'Drama', 'Family']",2014-12-19,33.439187,119.0,2014
50100000.0,153962963.0,6.7,2542,"['Romance', 'Comedy', 'Crime', 'Drama']",2015-02-25,59.634029,105.0,2015
65000000.0,156974557.0,5.9,1389,"['Action', 'Comedy', 'Romance']",2012-02-14,38.994297,103.0,2012
65000000.0,128905366.0,5.7,1252,"['Science Fiction', 'Action', 'Horror', 'Thriller', 'Adventure', 'Fantasy']",2004-12-08,49.660055,123.0,2004
4200000.0,38376497.0,6.4,215,"['Action', 'Thriller']",1984-08-10,11.743085,114.0,1984
65000000.0,52313200.5,6.1,94,"['Comedy', 'Drama']",1998-03-20,9.110247,143.0,1998
65000000.0,240159255.0,5.6,1600,"['Action', 'Horror', 'Science Fiction']",2012-09-12,6.227675,95.0,2012
45000000.0,73762516.0,6.0,1175,"['Action', 'Thriller', 'Science Fiction']",2008-08-22,42.57877,105.0,2008
65000000.0,89456761.0,6.5,314,"['Crime', 'Action', 'Mystery', 'Thriller']",1996-10-11,15.858629,120.0,1996
65000000.0,52313200.5,6.0,208,"['Action', 'Adventure', 'Drama', 'Romance', 'Thriller']",2000-12-08,14.866901,135.0,2000
65000000.0,64321501.0,6.1,779,"['Family', 'Fantasy', 'Science Fiction', 'Adventure']",2005-11-06,15.194239,104.0,2005
65000000.0,43545364.0,6.7,186,['Drama'],2006-12-12,8.629665,124.0,2006
65000000.0,17218080.0,5.4,269,"['Action', 'Adventure', 'Comedy']",1991-05-23,16.803457,100.0,1991
65000000.0,52313200.5,4.9,52,"['Action', 'Adventure', 'Comedy', 'Crime', 'Romance', 'Thriller']",2000-10-27,2.952595,105.0,2000
65000000.0,71154592.0,5.0,687,"['Horror', 'Thriller']",2014-01-22,31.324734,92.0,2014
50000000.0,42093706.0,6.7,274,"['Crime', 'Drama', 'Family']",2005-09-23,20.415572,130.0,2005
43000000.0,56681566.0,4.8,575,"['Action', 'Fantasy']",2005-01-13,28.613892,97.0,2005
65000000.0,39407616.0,6.3,1286,"['Crime', 'Thriller']",2014-08-20,85.428395,102.0,2014
64000000.0,74608570.0,5.3,63,[],1999-10-08,4.137237,133.0,1999
55000000.0,203427584.0,6.7,1772,"['Adventure', 'Drama']",2015-09-10,60.246978,121.0,2015
50000000.0,132180323.0,7.1,1165,"['Crime', 'Fantasy', 'Drama']",2006-09-13,42.551902,147.0,2006
63000000.0,296655431.0,5.9,979,"['Comedy', 'Crime', 'Science Fiction']",2002-07-26,40.137264,94.0,2002
65000000.0,44091067.0,6.1,409,"['Animation', 'Action', 'Family', 'Science Fiction']",2009-10-15,24.857079,94.0,2009
62000000.0,215887717.0,6.4,386,"['Action', 'Drama', 'Thriller']",1994-08-03,18.832471,141.0,1994
65000000.0,121545703.0,5.9,145,"['Action', 'Drama', 'Adventure']",2015-02-19,9.568884,127.0,2015
64000000.0,101595121.0,5.3,261,"['Comedy', 'Crime']",2006-08-31,12.421504,98.0,2006
62000000.0,127666415.0,6.1,340,"['Action', 'Drama', 'Thriller', 'War']",2000-04-20,18.096884,116.0,2000
62000000.0,107879496.0,6.5,195,"['Comedy', 'Drama', 'Romance']",1995-11-17,11.056763,106.0,1995
62000000.0,41819064.0,4.3,242,"['Comedy', 'Romance']",2008-06-20,13.218008,87.0,2008
62000000.0,18720175.0,5.8,178,"['Action', 'Adventure', 'Comedy', 'Thriller', 'Crime']",2001-02-23,11.262655,125.0,2001
44000000.0,155760117.0,7.6,4274,"['Crime', 'Drama', 'Mystery', 'Western']",2015-12-25,68.717016,167.0,2015
53000000.0,52313200.5,5.9,569,"['Action', 'Comedy', 'Drama']",2007-03-30,19.412028,93.0,2007
63000000.0,183953723.0,5.5,331,"['Animation', 'Comedy', 'Family']",2011-03-30,16.791058,95.0,2011
65000000.0,422610419.0,7.0,4997,"['Action', 'Adventure', 'War']",2006-12-09,65.197968,117.0,2006
80000000.0,516642939.0,6.1,1373,"['Comedy', 'Romance']",2004-12-22,32.829538,115.0,2004
60000000.0,244082376.0,6.9,1343,"['Comedy', 'Family']",2008-12-25,30.951203,115.0,2008
24000000.0,253625427.0,5.6,648,"['Action', 'Adventure', 'Comedy']",2007-03-02,31.719463,100.0,2007
150000000.0,314432665.0,5.6,944,"['Animation', 'Family', 'Comedy']",2005-11-04,47.973995,81.0,2005
60000000.0,214034224.0,7.3,3583,"['Action', 'Drama', 'Mystery', 'Thriller']",2002-06-14,86.476817,119.0,2002
58000000.0,352194034.0,6.6,1174,"['Adventure', 'Action', 'Thriller']",1995-11-16,59.824565,130.0,1995
60000000.0,149705852.0,6.1,205,"['Crime', 'Drama', 'Mystery', 'Thriller']",1999-06-18,18.345613,116.0,1999
60000000.0,264118201.0,7.8,4537,"['Comedy', 'Drama']",1998-06-04,56.488027,103.0,1998
70000000.0,218613188.0,6.8,817,"['Adventure', 'Animation', 'Drama', 'Family', 'Music']",1998-12-15,29.464852,99.0,1998
60000000.0,164433867.0,5.6,506,"['Comedy', 'Family']",2003-05-03,18.106021,92.0,2003
61000000.0,131940411.0,6.6,1589,"['Action', 'Comedy', 'Crime']",2013-08-02,42.881415,109.0,2013
60000000.0,93375151.0,5.0,352,"['Comedy', 'Family']",2001-07-04,18.735024,87.0,2001
60000000.0,176070171.0,6.6,1919,"['Action', 'Crime']",2003-05-30,62.766854,110.0,2003
60000000.0,93354918.0,5.9,487,"['Romance', 'Comedy']",2002-12-19,24.153567,101.0,2002
60000000.0,171757863.0,6.0,1272,"['Adventure', 'Animation', 'Comedy', 'Family']",1998-10-02,41.515702,83.0,1998
70000000.0,171844840.0,5.3,588,"['Comedy', 'Romance']",2009-09-19,26.676487,113.0,2009
60000000.0,157920733.0,5.9,353,['Adventure'],1990-06-27,16.278022,107.0,1990
60000000.0,129181830.0,5.7,526,['Comedy'],2005-12-21,18.831023,94.0,2005
60000000.0,52313200.5,6.5,521,"['Comedy', 'Drama', 'Romance', 'Fantasy']",2000-12-12,19.705489,125.0,2000
58000000.0,71664962.0,6.6,2808,"['Action', 'Adventure', 'Comedy', 'Crime', 'Thriller']",2010-10-13,41.430245,111.0,2010
55000000.0,100230832.0,6.8,422,['Drama'],1999-12-16,23.127561,163.0,1999
60000000.0,186883563.0,6.7,292,"['Drama', 'Romance']",1998-05-14,12.867352,170.0,1998
65000000.0,217764291.0,7.0,1451,"['Drama', 'Crime', 'Thriller']",2004-08-04,44.815022,120.0,2004
60000000.0,165333180.0,5.3,779,"['Action', 'Fantasy', 'Adventure']",2002-04-16,37.537093,92.0,2002
60000000.0,74541707.0,6.2,207,"['Drama', 'Action', 'Thriller']",2004-10-01,10.99991,115.0,2004
60000000.0,218340595.0,6.3,2998,"['Crime', 'Drama', 'Thriller']",2012-12-20,56.868399,130.0,2012
60000000.0,73648228.0,5.6,604,"['Action', 'Science Fiction', 'Thriller']",1999-07-28,22.991269,105.0,1999
60000000.0,52313200.5,6.7,247,"['Music', 'Documentary']",2009-10-28,15.798622,111.0,2009
60000000.0,137551594.0,6.2,1325,"['Drama', 'Thriller', 'Science Fiction']",2011-09-08,38.820858,106.0,2011
24000000.0,52313200.5,4.3,203,"['Comedy', 'Adventure', 'Crime']",2003-01-17,10.292864,89.0,2003
60000000.0,124596398.0,7.3,1386,"['Animation', 'Family']",2009-02-05,51.146047,100.0,2009
60000000.0,163403799.0,4.9,950,"['Thriller', 'Science Fiction']",2008-06-11,20.501582,91.0,2008
70000000.0,130293714.0,7.3,1553,"['Action', 'Drama', 'Thriller', 'Crime']",2004-04-23,45.299089,146.0,2004
50000000.0,61112916.0,4.5,137,"['Comedy', 'Family']",2006-03-09,4.280619,98.0,2006
60000000.0,170268750.0,5.6,644,"['Comedy', 'Crime']",2004-03-05,28.848842,101.0,2004
60000000.0,129832389.0,5.5,575,"['Family', 'Comedy']",1996-11-15,22.501041,89.0,1996
66000000.0,99318987.0,6.5,2225,"['Fantasy', 'Action', 'Science Fiction']",2004-04-02,47.479755,122.0,2004
70000000.0,56702901.0,6.1,109,['Drama'],1998-03-05,10.147321,115.0,1998
60000000.0,107139399.0,6.7,789,"['Family', 'Animation', 'Adventure', 'Comedy']",2012-08-03,39.539045,90.0,2012
60000000.0,159330280.0,6.1,527,"['Action', 'Thriller', 'Adventure', 'Crime']",1997-11-14,19.747459,124.0,1997
60000000.0,96269812.0,5.9,581,"['Action', 'Adventure', 'Mystery', 'Science Fiction', 'Thriller']",2003-12-25,29.018826,119.0,2003
60000000.0,52313200.5,5.9,50,"['Drama', 'Romance']",1996-03-01,4.801849,119.0,1996
60000000.0,50877145.0,5.8,258,"['Adventure', 'Animation', 'Family']",2008-12-19,16.493576,93.0,2008
24000000.0,52313200.5,5.3,483,"['Thriller', 'Action', 'Comedy', 'Science Fiction']",2002-09-27,21.549232,98.0,2002
60000000.0,104324083.0,5.6,210,[],1995-07-13,13.080725,100.0,1995
60000000.0,50549107.0,5.9,1173,"['Action', 'Drama', 'Thriller']",2014-01-15,42.538258,105.0,2014
60000000.0,101134059.0,6.4,1581,"['Drama', 'Comedy']",2015-12-24,29.876507,124.0,2015
60000000.0,205754447.0,5.8,1621,"['Action', 'Crime', 'Thriller']",2016-03-02,61.849521,99.0,2016
70000000.0,162000000.0,5.9,1365,"['Science Fiction', 'Horror', 'Action']",1997-11-12,37.44963,109.0,1997
61000000.0,95696996.0,6.9,1462,"['Action', 'Drama', 'Mystery', 'Thriller', 'Crime']",2007-03-22,37.378081,124.0,2007
60000000.0,108255770.0,6.6,668,"['Animation', 'Comedy', 'Family', 'Fantasy']",2014-09-10,30.656345,97.0,2014
75000000.0,46683377.0,6.3,338,"['Drama', 'Fantasy', 'Comedy']",1998-10-16,15.142701,104.0,1998
60000000.0,469160692.0,7.5,3070,"['Adventure', 'Animation', 'Comedy', 'Family', 'Fantasy']",2014-02-06,59.547928,100.0,2014
24000000.0,52313200.5,5.3,425,"['Action', 'Comedy']",2005-03-11,19.998581,115.0,2005
60000000.0,43061982.0,6.0,669,"['Adventure', 'Action', 'Fantasy']",2002-07-12,27.615108,101.0,2002
60000000.0,105200903.0,6.2,1778,"['Crime', 'Drama', 'Action', 'Thriller']",2013-01-10,29.041198,113.0,2013
60000000.0,62357900.0,4.6,524,"['Comedy', 'Adventure']",2009-06-18,25.293538,97.0,2009
60000000.0,122233971.0,7.0,1125,"['Drama', 'History']",2009-12-10,23.85119,134.0,2009
60000000.0,87784194.0,6.7,484,['Action'],2009-04-17,21.685719,127.0,2009
78146652.0,60000000.0,5.7,201,"['Romance', 'Comedy', 'Crime']",2009-03-19,13.630049,125.0,2009
65000000.0,36850101.0,5.1,80,"['Comedy', 'Drama', 'Family', 'Science Fiction']",1999-02-11,6.80692,94.0,1999
60000000.0,77920346.0,5.8,225,"['Action', 'Thriller', 'Crime']",2006-04-19,15.352807,108.0,2006
70000000.0,104945765.0,5.6,556,"['Science Fiction', 'Animation', 'Family', 'Comedy', 'Adventure']",2009-11-19,23.661071,91.0,2009
60000000.0,67312826.0,6.1,479,"['Science Fiction', 'Action', 'Adventure', 'Thriller']",2002-12-13,21.605533,117.0,2002
60000000.0,119940815.0,5.8,391,"['Crime', 'Comedy', 'Romance']",2003-09-02,22.620125,100.0,2003
24000000.0,52313200.5,6.6,366,"['Drama', 'Romance']",2012-09-21,18.587114,111.0,2012
80000000.0,74901339.0,6.2,487,"['Crime', 'Drama', 'Mystery', 'Thriller']",2010-01-29,24.657931,117.0,2010
60000000.0,33956608.0,5.8,130,"['Horror', 'Mystery', 'Thriller']",1997-01-10,12.621769,110.0,1997
60000000.0,55003135.0,5.7,380,"['Comedy', 'Crime']",2002-12-06,21.08952,96.0,2002
60000000.0,73174566.0,5.9,375,"['Action', 'Crime', 'Drama', 'Thriller']",2008-09-11,18.380176,101.0,2008
60000000.0,52313200.5,6.0,368,"['Action', 'Crime', 'Drama', 'Thriller']",1998-04-03,18.877795,111.0,1998
60000000.0,31720158.0,6.6,234,['Drama'],2009-04-24,17.299333,109.0,2009
80000000.0,39459427.0,6.3,251,"['Fantasy', 'Drama']",2000-11-02,16.848899,126.0,2000
60000000.0,47383689.0,7.4,797,"['Drama', 'Music']",2000-09-15,21.547446,122.0,2000
24000000.0,141702264.0,5.1,464,"['Animation', 'Comedy', 'Family']",2006-06-15,16.930969,78.0,2006
60000000.0,71073932.0,4.7,549,[],2005-04-27,36.689223,101.0,2005
60000000.0,78309131.0,5.4,692,"['Action', 'Science Fiction', 'Fantasy', 'Thriller', 'Horror']",2011-05-05,28.350927,87.0,2011
60000000.0,26288320.0,6.6,372,"['Family', 'Animation', 'Adventure']",2003-07-02,18.815442,86.0,2003
60000000.0,26673242.0,6.5,742,"['Horror', 'Science Fiction', 'Mystery']",1997-08-15,29.787135,96.0,1997
60000000.0,52322400.0,6.1,204,['Drama'],2002-02-22,8.927137,104.0,2002
50000000.0,49111202.0,5.7,287,['Drama'],2006-09-15,15.213484,121.0,2006
60000000.0,17800000.0,6.3,271,"['Action', 'Adventure', 'Drama', 'History', 'Romance', 'War']",2006-09-22,13.155999,140.0,2006
72000000.0,27642707.0,7.0,285,"['Action', 'Drama', 'Thriller']",2001-10-19,15.433244,131.0,2001
90000000.0,14828081.0,4.9,109,"['Horror', 'Science Fiction', 'Thriller']",2000-01-14,5.762037,91.0,2000
60000000.0,30800231.0,6.0,487,"['Drama', 'Fantasy', 'Mystery', 'Romance']",2014-02-13,22.736038,118.0,2014
60000000.0,90565421.0,6.2,1602,"['Action', 'Adventure', 'Drama', 'Mystery', 'Romance', 'Fantasy']",2013-08-21,45.514031,130.0,2013
60000000.0,50650079.0,5.0,371,[],2008-07-08,18.676291,104.0,2008
30000000.0,25473093.0,5.3,274,"['Drama', 'Horror', 'Thriller']",2005-06-27,14.376463,105.0,2005
80000000.0,52313200.5,5.7,166,['Comedy'],1999-03-26,14.298297,122.0,1999
60000000.0,57490374.0,6.0,592,"['Adventure', 'Family', 'Fantasy']",2008-12-11,27.018886,106.0,2008
60000000.0,39031337.0,4.7,320,"['Action', 'Comedy', 'Thriller', 'Crime', 'Science Fiction']",2008-12-25,14.84856,103.0,2008
60000000.0,30418560.0,5.4,1055,"['Comedy', 'Adventure']",2015-01-21,52.417529,106.0,2015
60000000.0,52313200.5,4.1,224,"['Adventure', 'Fantasy', 'Action', 'Drama']",2007-11-29,15.406173,127.0,2007
35000000.0,52313200.5,6.7,110,"['Drama', 'Romance', 'Adventure', 'War']",2003-10-23,6.523472,127.0,2003
68490000.0,193677158.0,6.0,24,"['Action', 'Adventure', 'Fantasy']",2016-01-22,4.72629,120.0,2016
80000000.0,10166502.0,6.8,91,"['Action', 'History', 'War']",2005-08-12,8.923215,104.0,2005
60000000.0,52313200.5,4.9,111,"['Drama', 'Comedy']",1998-10-08,9.265672,114.0,1998
58800000.0,542307423.0,7.4,4469,"['War', 'Action']",2014-12-11,87.53437,133.0,2014
58000000.0,158162788.0,6.2,995,"['Adventure', 'Horror', 'Comedy']",2015-08-05,45.351617,103.0,2015
58000000.0,102854431.0,6.5,579,"['Comedy', 'Fantasy', 'Romance']",2005-09-16,13.43573,95.0,2005
83000000.0,59468275.0,4.4,134,"['Science Fiction', 'Comedy', 'Family', 'Romance']",2000-04-28,6.248309,90.0,2000
63000000.0,189015611.0,5.7,690,"['Action', 'Adventure', 'Thriller', 'War']",1988-05-24,31.294717,104.0,1988
58000000.0,41299492.0,5.7,130,"['Comedy', 'Romance', 'Drama']",2008-03-24,7.739276,104.0,2008
60000000.0,52313200.5,4.9,388,"['Comedy', 'Western']",2015-12-11,19.694695,119.0,2015
58000000.0,85280250.0,5.1,276,['Comedy'],2009-12-17,14.403696,103.0,2009
58000000.0,44000000.0,6.1,1658,['Comedy'],2013-06-07,1.551497,119.0,2013
60000000.0,300228084.0,5.8,1363,"['Action', 'Adventure', 'Horror', 'Science Fiction']",2010-09-09,2.143764,104.0,2010
58000000.0,50365377.0,5.9,178,"['Drama', 'Action', 'Adventure', 'History', 'War']",2012-01-19,12.29603,125.0,2012
57000000.0,152944660.0,7.2,1374,"['Drama', 'Horror', 'Mystery', 'Thriller']",1997-10-17,33.8473,144.0,1997
70000000.0,58058367.0,5.5,453,['Comedy'],2012-06-14,21.723897,104.0,2012
57000000.0,115267375.0,6.4,535,['Fantasy'],1996-05-31,31.791979,103.0,1996
60000000.0,61347797.0,6.0,226,"['Action', 'Comedy', 'Crime', 'Drama']",2004-11-12,14.113066,97.0,2004
57000000.0,149217355.0,4.7,1135,"['Action', 'Fantasy', 'Thriller']",2011-12-10,48.622278,95.0,2011
57000000.0,62112895.0,5.5,145,"['Drama', 'History', 'Romance']",2001-08-17,9.061866,131.0,2001
56000000.0,113006880.0,5.8,842,"['Action', 'Comedy', 'Drama', 'Family', 'Thriller']",2005-03-04,35.4763,95.0,2005
56000000.0,57223890.0,6.0,381,"['Adventure', 'Drama', 'Action', 'Thriller']",2004-04-02,23.438398,86.0,2004
60000000.0,361366633.0,5.5,1177,"['Comedy', 'Music', 'Family', 'Fantasy', 'Animation']",2007-12-13,47.336034,92.0,2007
55000000.0,330444045.0,6.6,1698,"['Comedy', 'Romance']",2000-10-06,29.97224,108.0,2000
55000000.0,346079773.0,6.7,1457,"['Adventure', 'Animation', 'Drama', 'Family']",1995-06-14,47.845589,81.0,1995
55000000.0,300218018.0,6.9,1022,"['Action', 'Adventure', 'Fantasy', 'Science Fiction']",1978-12-13,48.507081,143.0,1978
54000000.0,128769345.0,5.4,702,"['Fantasy', 'Comedy', 'Romance', 'Science Fiction']",1996-06-26,20.28119,95.0,1996
70000000.0,368100420.0,6.4,1665,"['Comedy', 'Drama', 'Romance']",2005-02-10,34.576913,118.0,2005
55000000.0,52313200.5,5.4,496,"['Adventure', 'Comedy', 'Family', 'Romance']",1997-07-15,22.573237,92.0,1997
55000000.0,231449203.0,6.0,1129,"['Comedy', 'Romance']",2003-08-01,36.194802,103.0,2003
55000000.0,95000000.0,7.6,2454,"['Action', 'Drama', 'Thriller']",2013-10-10,52.786917,134.0,2013
55000000.0,152263880.0,5.9,1122,['Comedy'],2010-04-08,38.06168,97.0,2010
50000000.0,287928194.0,6.0,1019,"['Fantasy', 'Comedy', 'Family']",1995-05-26,19.830132,100.0,1995
55000000.0,192330738.0,7.1,2954,[],2014-09-24,79.922059,132.0,2014
55000000.0,154906693.0,5.6,485,"['Comedy', 'Drama', 'Romance']",2002-12-13,19.738215,105.0,2002
53000000.0,157387195.0,7.0,498,"['Action', 'Thriller', 'Drama']",1995-05-12,20.334629,116.0,1995
55000000.0,307077295.0,7.7,2525,['Drama'],2006-12-14,80.581367,117.0,2006
55000000.0,223387299.0,6.1,772,"['Thriller', 'Drama', 'Mystery']",2005-09-22,32.05145,98.0,2005
55000000.0,214015089.0,5.9,210,"['Drama', 'Thriller', 'Crime', 'Mystery', 'Romance']",1994-12-09,15.064058,123.0,1994
55000000.0,198685114.0,6.4,529,"['Drama', 'Fantasy', 'Romance']",1998-04-10,21.272734,114.0,1998
30000000.0,180949000.0,7.7,4949,"['Action', 'Crime']",2003-10-10,79.754966,104.0,2003
55000000.0,52313200.5,6.0,254,['Comedy'],1999-08-12,13.191829,97.0,1999
30000000.0,152159461.0,7.6,3948,"['Action', 'Crime', 'Thriller']",2004-04-16,50.622607,136.0,2004
55000000.0,63408614.0,6.1,458,"['Action', 'Adventure', 'Comedy']",1989-12-22,22.787667,104.0,1989
55000000.0,149022650.0,6.3,636,"['Fantasy', 'Comedy']",1992-07-30,29.498304,104.0,1992
55000000.0,56932305.0,6.2,735,"['Adventure', 'Action', 'Comedy', 'Western']",2000-05-26,25.400935,110.0,2000
55000000.0,121969216.0,5.8,256,"['Action', 'Adventure', 'Drama', 'Thriller']",1996-03-15,17.231675,133.0,1996
55000000.0,187361754.0,5.7,751,"['Comedy', 'Family']",2011-06-17,32.835777,94.0,2011
55000000.0,127906624.0,6.3,461,"['Action', 'Adventure', 'Fantasy']",2008-04-18,17.097041,104.0,2008
55000000.0,110000000.0,5.7,254,"['Animation', 'Comedy', 'Family']",2013-10-30,14.414937,91.0,2013
50000000.0,159773545.0,6.2,1633,"['Science Fiction', 'Action', 'Horror']",1992-05-22,45.856409,114.0,1992
55000000.0,141047179.0,5.9,120,"['History', 'Drama', 'Music']",1996-12-14,7.027139,134.0,1996
55000000.0,41610884.0,6.7,658,"['Action', 'Thriller', 'Crime', 'Adventure']",1998-09-25,32.657488,122.0,1998
50000000.0,75000000.0,6.4,236,['Adventure'],1996-10-11,12.46525,109.0,1996
55000000.0,259207227.0,7.0,883,[],2014-11-27,39.882276,95.0,2014
68000000.0,68267862.0,5.3,881,['Comedy'],2012-07-26,39.395881,98.0,2012
55000000.0,34234008.0,6.0,189,"['Drama', 'Action', 'Thriller', 'Crime']",2003-03-11,8.634954,94.0,2003
80000000.0,52313200.5,6.2,146,"['Drama', 'Mystery', 'Thriller']",1999-06-04,7.386394,126.0,1999
55000000.0,33828318.0,5.1,188,['Comedy'],2003-12-10,8.802525,118.0,2003
24000000.0,33472850.0,5.4,251,['Comedy'],2008-02-28,10.449975,91.0,2008
60000000.0,118338361.0,6.4,374,"['Animation', 'Adventure', 'Family', 'Comedy']",2012-03-12,23.700759,88.0,2012
55000000.0,113020255.0,7.3,1131,"['Crime', 'Drama', 'Mystery']",2008-01-30,27.50916,141.0,2008
50000000.0,60209334.0,5.3,284,"['Action', 'Drama', 'Science Fiction', 'Thriller']",1996-08-02,20.58862,107.0,1996
55000000.0,18626419.0,5.7,194,"['Drama', 'Mystery', 'Thriller']",1996-08-15,4.366488,116.0,1996
70000000.0,154648887.0,7.0,438,"['Thriller', 'Drama', 'Romance']",2004-12-08,18.927463,143.0,2004
55000000.0,74237563.0,6.6,303,"['Drama', 'History', 'Romance']",2007-09-09,15.274137,114.0,2007
62000000.0,52304001.0,5.4,703,"['Action', 'Science Fiction']",2005-11-30,29.954302,93.0,2005
55000000.0,11466088.0,5.2,62,"['Action', 'Thriller', 'Crime']",1997-01-09,4.700024,100.0,1997
55000000.0,52313200.5,5.7,134,['Comedy'],2009-06-19,12.340384,104.0,2009
50000000.0,80383290.0,6.2,316,"['Comedy', 'Adventure', 'Crime', 'Family']",2014-03-20,14.808304,112.0,2014
57000000.0,28283637.0,4.2,91,"['Action', 'Adventure', 'Comedy', 'Family', 'Fantasy', 'Science Fiction']",2004-07-23,9.27875,95.0,2004
55000000.0,89519773.0,6.9,573,"['Drama', 'Romance']",2010-11-23,22.863516,119.0,2010
47000000.0,52313200.5,7.1,346,['Drama'],2004-10-26,23.05451,133.0,2004
2000000.0,9250000.0,7.3,395,"['Drama', 'Romance']",1962-06-13,23.962109,153.0,1962
55000000.0,6416302.0,5.3,123,"['Action', 'Thriller']",2002-01-04,12.669778,96.0,2002
54000000.0,155010032.0,6.2,1528,"['Fantasy', 'Horror', 'Action', 'Thriller']",2002-03-22,67.169587,117.0,2002
55000000.0,168167691.0,7.5,2039,['Drama'],2008-12-18,41.472404,123.0,2008
55000000.0,9489829.0,5.2,481,"['Action', 'Crime', 'Thriller']",2013-01-31,22.503935,104.0,2013
54000000.0,136766062.0,7.1,1546,"['Crime', 'Drama', 'Thriller']",1990-12-24,59.194915,162.0,1990
57000000.0,52034889.0,6.1,327,"['Comedy', 'Drama', 'Romance']",2005-10-06,22.894898,123.0,2005
54000000.0,130431368.0,5.4,407,"['Comedy', 'Romance']",2006-07-14,18.600367,108.0,2006
54000000.0,190458706.0,6.5,629,"['Action', 'Adventure', 'Fantasy', 'Science Fiction']",1980-12-04,30.515175,127.0,1980
54000000.0,7266209.0,3.5,104,['Drama'],2003-08-01,9.053456,121.0,2003
55000000.0,9450897.0,5.7,95,"['Drama', 'Thriller']",2006-09-10,7.768223,125.0,2006
46000000.0,107196498.0,5.5,308,"['Action', 'Adventure', 'Crime', 'Thriller']",2000-06-15,19.643365,99.0,2000
53000000.0,139804348.0,7.4,1432,"['Animation', 'Family']",1997-11-20,45.565918,94.0,1997
52500000.0,179213434.0,7.4,1300,"['Drama', 'Music', 'Romance']",2001-03-09,57.374341,127.0,2001
75000000.0,54249294.0,5.4,113,"['Mystery', 'Thriller', 'Crime']",2001-10-30,8.41856,89.0,2001
53000000.0,98837872.0,6.3,1242,"['Crime', 'Drama']",2015-09-04,46.049902,122.0,2015
90000000.0,65900249.0,6.7,526,"['War', 'Drama', 'History']",2006-10-18,23.9366,104.0,2006
53000000.0,126690726.0,7.2,1486,"['Drama', 'Crime', 'Thriller']",2009-10-15,49.593978,109.0,2009
24000000.0,52313200.5,5.9,26,"['Drama', 'Thriller']",1998-10-16,1.453765,172.0,1998
24000000.0,5761917.0,5.4,81,"['Drama', 'Romance']",2007-05-01,6.162872,124.0,2007
52000000.0,352114312.0,7.7,3795,"['Drama', 'Crime']",2002-12-25,73.944049,141.0,2002
40000000.0,132820716.0,6.7,1702,"['Thriller', 'Drama', 'History']",2012-12-19,38.306954,157.0,2012
52000000.0,204999686.0,5.6,832,[],2006-06-01,26.251217,106.0,2006
52000000.0,609841637.0,6.4,1386,"['Comedy', 'Romance']",2008-07-03,30.780599,108.0,2008
52000000.0,216485654.0,5.7,1013,"['Comedy', 'Romance']",2010-02-10,25.41929,125.0,2010
50000000.0,110803676.0,5.1,316,"['Action', 'Adventure', 'Comedy']",2005-08-05,15.98212,104.0,2005
52000000.0,98126565.0,7.2,771,"['Drama', 'History', 'War']",1998-12-25,40.072583,170.0,1998
52000000.0,75450437.0,5.9,736,['Comedy'],2011-08-05,32.015477,112.0,2011
82000000.0,47434430.0,6.9,435,"['Comedy', 'Drama', 'Romance']",1999-12-22,24.444186,118.0,1999
52000000.0,52826594.0,6.1,675,"['Action', 'Crime', 'Thriller']",2010-02-05,27.916284,92.0,2010
52000000.0,52313200.5,5.1,278,"['Action', 'Comedy', 'Fantasy']",2003-03-28,15.20707,104.0,2003
51000000.0,149270999.0,6.1,927,['Comedy'],2000-06-22,39.001682,116.0,2000
51000000.0,72779000.0,5.3,225,"['Animation', 'Comedy', 'Family']",2006-08-04,10.430832,90.0,2006
24000000.0,47231070.0,5.1,109,"['Comedy', 'Family']",2006-11-22,5.952527,93.0,2006
60000000.0,484409218.0,7.3,4056,"['Adventure', 'Animation', 'Comedy', 'Family', 'Fantasy']",2001-05-16,67.298732,90.0,2001
50200000.0,127869379.0,6.5,1652,"['Science Fiction', 'Thriller', 'Romance']",2011-03-03,26.60772,106.0,2011
48000000.0,390493908.0,6.6,909,['Adventure'],1991-06-14,28.803729,143.0,1991
50000000.0,273552592.0,6.7,913,"['Comedy', 'Drama', 'Romance']",1996-12-06,27.039636,139.0,1996
50000000.0,549368315.0,6.3,4697,[],2012-06-29,68.87691,106.0,2012
50000000.0,314178011.0,7.2,915,"['Comedy', 'Romance']",1997-12-19,37.885022,139.0,1997
50000000.0,202292902.0,7.0,832,"['Comedy', 'Drama']",1998-12-25,35.537397,115.0,1998
50000000.0,173649015.0,6.0,923,['Comedy'],2013-12-18,38.125008,119.0,2013
50000000.0,171269535.0,5.6,644,[],2002-06-28,18.121404,96.0,2002
50000000.0,260095987.0,6.6,2435,"['Thriller', 'Science Fiction', 'Mystery']",2011-06-08,37.069253,112.0,2011
52000000.0,256271286.0,7.1,716,['Drama'],2000-03-17,30.347332,104.0,2000
50000000.0,177371441.0,6.3,850,"['Comedy', 'Romance']",2003-02-07,23.854701,116.0,2003
50000000.0,188441614.0,7.0,3319,"['Crime', 'Comedy', 'Action']",2014-06-05,52.380982,112.0,2014
60000000.0,223664608.0,7.2,1516,"['Horror', 'Romance']",1994-11-11,50.163785,123.0,1994
70000000.0,225990978.0,6.4,1813,[],2008-12-09,43.849351,104.0,2008
50000000.0,216972543.0,6.2,1650,"['Action', 'Comedy']",2016-06-15,45.318703,107.0,2016
24000000.0,52313200.5,6.9,277,"['Drama', 'Romance']",1998-12-25,16.368283,124.0,1998
50000000.0,242786137.0,5.8,854,['Comedy'],2015-12-25,38.616744,96.0,2015
50000000.0,212902372.0,5.6,1652,"['Fantasy', 'Comedy', 'Music']",2014-12-25,65.90161,125.0,2014
45000000.0,184376254.0,7.3,1630,"['Crime', 'Drama', 'Thriller']",2006-03-23,45.220386,129.0,2006
90000000.0,161626121.0,6.7,548,"['Drama', 'Action', 'Thriller', 'Crime']",1999-02-05,17.457947,100.0,1999
50000000.0,152022101.0,5.0,213,"['Action', 'Adventure', 'Drama', 'Mystery', 'Science Fiction', 'Thriller']",1995-06-09,10.755847,109.0,1995
50000000.0,120081841.0,6.5,909,"['Drama', 'Comedy', 'Family']",2011-12-22,38.629763,124.0,2011
50000000.0,155446362.0,5.9,1486,"['Action', 'Adventure', 'Drama', 'Mystery', 'Science Fiction', 'Thriller']",2009-03-19,32.693093,121.0,2009
50000000.0,88715192.0,5.5,399,['Comedy'],2006-03-10,18.806031,97.0,2006
50000000.0,161451538.0,5.4,632,"['Drama', 'Horror', 'Thriller']",2005-03-17,32.233713,110.0,2005
50000000.0,142851197.0,7.0,2443,[],2011-07-29,37.990705,118.0,2011
50000000.0,200804534.0,5.2,820,"['Animation', 'Comedy', 'Family']",2004-06-10,17.667826,80.0,2004
60000000.0,52313200.5,5.2,193,[],2004-11-24,9.225166,99.0,2004
50000000.0,110206216.0,7.0,1381,['Drama'],2011-09-22,46.180421,104.0,2011
50000000.0,189859560.0,6.3,513,"['Action', 'Drama', 'Science Fiction', 'Thriller']",1995-03-10,30.397496,127.0,1995
50000000.0,222809600.0,6.8,2268,[],2014-01-26,83.295796,106.0,2014
50000000.0,106303988.0,5.5,509,"['Adventure', 'Family', 'Fantasy', 'Science Fiction', 'Thriller', 'Action']",2009-03-12,23.935053,98.0,2009
54000000.0,132511035.0,7.7,4442,"['Action', 'Thriller', 'Fantasy']",2006-03-15,84.630969,132.0,2006
50000000.0,88323487.0,6.0,692,"['Action', 'Adventure', 'Comedy', 'Western']",2003-02-06,16.251204,115.0,2003
50000000.0,69834815.0,6.2,106,"['Adventure', 'Animation', 'Comedy', 'Family']",2006-02-10,9.894346,86.0,2006
50000000.0,66002004.0,5.1,542,[],2005-06-22,12.050755,101.0,2005
50000000.0,100020092.0,6.0,220,['Thriller'],2001-09-28,11.596207,113.0,2001
50000000.0,224803475.0,5.7,3239,"['Fantasy', 'Horror', 'Action']",2013-01-17,53.02787,88.0,2013
50000000.0,119137784.0,6.3,276,"['Thriller', 'Drama']",2002-05-10,14.382253,124.0,2002
50000000.0,144492830.0,5.9,1567,"['Action', 'Thriller', 'Science Fiction', 'Adventure']",2011-02-18,43.450266,109.0,2011
50000000.0,94000000.0,6.3,451,"['Drama', 'Thriller']",2005-11-23,16.871194,128.0,2005
50000000.0,69411370.0,7.0,938,"['Action', 'Drama', 'History', 'Thriller', 'War']",2016-01-13,42.526529,144.0,2016
50000000.0,97437106.0,7.3,755,"['Romance', 'Animation', 'Adventure', 'Comedy', 'Family', 'Fantasy']",2014-10-01,34.890999,95.0,2014
45000000.0,82800000.0,5.6,267,['Thriller'],2006-02-10,18.186026,105.0,2006
50000000.0,50068310.0,6.4,223,"['Crime', 'Drama', 'Thriller']",1997-02-14,13.576765,121.0,1997
50000000.0,48169156.0,6.0,395,"['Action', 'Drama']",1997-08-22,19.434672,125.0,1997
50000000.0,109423648.0,7.5,1506,"['Drama', 'Thriller', 'Mystery']",1997-09-12,62.925175,104.0,1997
50000000.0,97607453.0,6.3,1067,"['Horror', 'Mystery']",2006-04-21,32.927994,125.0,2006
24000000.0,52313200.5,6.1,203,['Comedy'],2000-08-07,14.837288,118.0,2000
50000000.0,234989584.0,6.1,1611,['Comedy'],2012-04-04,39.920035,113.0,2012
50000000.0,44547681.0,6.8,582,"['Action', 'Adventure', 'Crime', 'Drama', 'Mystery', 'Thriller']",1998-07-29,28.725621,140.0,1998
50000000.0,160602194.0,5.8,817,"['Action', 'Thriller']",2014-08-06,20.566554,89.0,2014
50000000.0,119208989.0,5.5,434,"['Action', 'Comedy', 'Crime']",1994-05-24,20.333953,104.0,1994
50000000.0,41482207.0,6.2,652,"['Comedy', 'Horror', 'Fantasy']",1990-06-15,33.98637,106.0,1990
50000000.0,83719388.0,7.2,1417,['Drama'],2014-10-08,42.472324,141.0,2014
50000000.0,52313200.5,5.8,255,"['Action', 'Thriller']",1997-09-26,15.931084,124.0,1997
45000000.0,129394835.0,6.1,1267,[],2004-09-10,29.880122,94.0,2004
50000000.0,40203020.0,6.1,750,[],2004-11-10,28.803802,108.0,2004
50000000.0,55495563.0,6.1,298,"['Thriller', 'Crime', 'Drama']",2003-10-03,14.993459,105.0,2003
50000000.0,49000000.0,4.5,104,"['Action', 'Thriller']",1994-02-18,9.114168,102.0,1994
50000000.0,69425966.0,4.4,269,"['Adventure', 'Family', 'Science Fiction']",2005-06-10,12.31101,92.0,2005
40000000.0,144056873.0,6.3,1233,"['Drama', 'Adventure', 'Romance', 'Thriller']",2000-02-11,41.362082,119.0,2000
50000000.0,49718611.0,5.9,189,"['Drama', 'Comedy', 'Romance']",2004-05-27,13.298205,119.0,2004
40000000.0,60462347.0,6.2,371,"['Action', 'Crime', 'Thriller']",2009-09-29,19.085403,99.0,2009
50000000.0,52313200.5,6.3,88,"['Drama', 'Romance']",1999-09-17,9.622345,137.0,1999
50000000.0,113309743.0,4.4,205,"['Drama', 'Thriller', 'Crime']",1996-06-28,11.106006,115.0,1996
50000000.0,83761844.0,5.0,149,"['Family', 'Comedy']",2010-06-04,12.25622,87.0,2010
50000000.0,105197635.0,5.8,510,"['Drama', 'Fantasy']",2010-10-15,13.365715,129.0,2010
50000000.0,56714147.0,6.0,268,"['Crime', 'Drama', 'Thriller']",2002-04-19,16.167093,120.0,2002
50000000.0,30303072.0,6.0,387,"['Action', 'Adventure', 'Crime', 'Thriller']",1995-10-06,23.073933,132.0,1995
50000000.0,82169884.0,6.0,654,"['Crime', 'Drama', 'Thriller']",2007-02-06,6.567065,121.0,2007
50000000.0,58900031.0,5.9,75,"['Comedy', 'Drama', 'Romance']",1999-10-13,6.22577,95.0,1999
50000000.0,42792561.0,6.2,286,"['Action', 'Drama', 'Mystery', 'Thriller', 'Crime']",2003-04-18,19.226763,98.0,2003
50000000.0,26199517.0,6.1,206,"['Crime', 'Drama', 'Mystery', 'Thriller']",2002-08-04,10.089065,110.0,2002
50000000.0,60161391.0,6.0,368,"['Drama', 'Thriller', 'Crime']",2009-02-03,13.391833,118.0,2009
50000000.0,42277365.0,5.6,373,"['Action', 'Adventure', 'Science Fiction', 'Thriller']",1996-08-09,21.637234,97.0,1996
70000000.0,23159305.0,7.6,1436,"['Adventure', 'Animation', 'Family', 'Fantasy', 'Science Fiction']",1999-08-06,61.245957,86.0,1999
50000000.0,34808403.0,7.1,775,"['Adventure', 'Comedy', 'Drama']",2004-12-10,25.237969,119.0,2004
50000000.0,25035950.0,6.6,428,"['War', 'Action', 'Drama', 'History', 'Thriller']",2016-06-24,21.589393,104.0,2016
50000000.0,38955598.0,7.3,480,"['Drama', 'Thriller', 'Crime']",2003-02-21,22.442241,130.0,2003
40000000.0,52313200.5,5.4,120,"['Comedy', 'Action']",2005-02-25,6.004422,100.0,2005
50000000.0,71561644.0,6.3,1148,"['Action', 'Crime', 'Drama', 'Mystery', 'Thriller']",2015-03-11,74.64653,114.0,2015
51500000.0,55112356.0,7.2,848,"['Thriller', 'Crime', 'Mystery']",2007-09-14,35.481169,100.0,2007
50000000.0,44434439.0,5.8,458,"['Action', 'Thriller', 'Adventure', 'Crime']",2005-09-30,14.723467,110.0,2005
60000000.0,66976317.0,6.2,367,"['Adventure', 'Drama', 'Action', 'History', 'War']",1999-10-18,21.084542,148.0,1999
49900000.0,26121638.0,5.2,501,['Comedy'],2011-04-08,21.408222,102.0,2011
50000000.0,38502340.0,5.8,391,"['Drama', 'Thriller', 'Mystery']",2011-09-30,19.267479,84.0,2011
50000000.0,10541523.0,5.9,81,"['Action', 'Drama', 'Thriller']",1997-11-07,3.314004,114.0,1997
50000000.0,16671505.0,5.8,274,"['Action', 'Adventure', 'Comedy', 'Family']",1994-07-01,21.312186,99.0,1994
50000000.0,10382407.0,5.5,108,"['Drama', 'History', 'Romance']",1995-10-13,7.44268,135.0,1995
22000000.0,24188922.0,6.5,235,"['Drama', 'Thriller']",2010-05-20,12.54949,108.0,2010
50000000.0,22944502.0,6.0,444,"['Action', 'Crime']",2005-09-22,18.394571,127.0,2005
50000000.0,9851610.0,5.2,44,"['Action', 'Thriller', 'Mystery', 'Romance']",1995-10-13,8.189406,95.0,1995
50000000.0,40828540.0,5.6,760,"['Action', 'Thriller', 'Science Fiction']",2009-09-03,27.631262,95.0,2009
60000000.0,60052138.0,5.6,984,"['Fantasy', 'Drama', 'Romance']",2013-02-13,40.721373,124.0,2013
55000000.0,52313200.5,5.9,132,"['Comedy', 'Crime', 'Drama', 'Thriller']",2002-03-28,11.329727,104.0,2002
50000000.0,55969000.0,4.7,797,['Comedy'],2016-02-06,37.253774,104.0,2016
50000000.0,6808550.0,5.0,76,"['Comedy', 'Crime']",2004-01-30,6.397388,88.0,2004
60000000.0,52313200.5,5.4,37,"['Comedy', 'Drama', 'Romance', 'Science Fiction']",2000-03-03,2.275331,105.0,2000
50000000.0,28931401.0,5.3,600,"['Fantasy', 'Thriller', 'Action', 'Crime']",2011-02-24,30.387148,105.0,2011
50000000.0,12764201.0,3.9,112,"['Action', 'Adventure', 'Science Fiction', 'Thriller']",2009-02-27,8.139676,97.0,2009
49000000.0,72700000.0,5.7,437,"['Action', 'Science Fiction', 'Thriller']",2001-11-02,21.746245,87.0,2001
49000000.0,20423389.0,6.2,71,[],1990-07-11,2.808428,104.0,1990
50000000.0,36348784.0,7.2,666,"['Drama', 'Comedy']",2009-04-01,31.02233,116.0,2009
48000000.0,207515725.0,6.9,562,"['Thriller', 'Drama', 'Crime']",2000-12-27,25.170217,147.0,2000
48000000.0,474171806.0,7.6,3152,"['Adventure', 'Action']",1989-05-24,80.972475,127.0,1989
24000000.0,68929150.0,6.5,639,"['Drama', 'Romance']",2012-09-06,26.38704,130.0,2012
73000000.0,151493655.0,6.5,826,"['Drama', 'Mystery', 'Thriller', 'Crime']",1999-11-04,33.884459,118.0,1999
48000000.0,196397415.0,6.5,1267,[],2002-03-29,53.043124,111.0,2002
24000000.0,52313200.5,4.3,13,['Horror'],2006-08-08,0.716764,104.0,2006
75000000.0,108000000.0,6.6,692,"['Action', 'Adventure', 'Comedy']",1999-09-27,34.973086,114.0,1999
50000000.0,3324330.0,6.1,547,"['Crime', 'Thriller']",2015-03-15,40.371098,137.0,2015
48000000.0,85498534.0,6.0,518,"['Adventure', 'Comedy']",2001-07-30,18.60049,112.0,2001
48000000.0,50315140.0,7.1,695,"['Drama', 'Science Fiction']",2001-10-22,30.920075,104.0,2001
24000000.0,52313200.5,6.0,418,"['Comedy', 'Fantasy', 'Romance', 'Science Fiction']",2001-12-25,11.940711,118.0,2001
48000000.0,90383208.0,5.6,512,"['Fantasy', 'Comedy', 'Romance']",2000-10-19,19.348007,93.0,2000
58000000.0,25928721.0,6.6,68,"['Music', 'Drama', 'Crime', 'Romance']",1984-12-14,8.59075,127.0,1984
55000000.0,70016220.0,6.9,1188,['Western'],2007-09-06,48.801089,122.0,2007
48000000.0,325771424.0,6.1,2200,"['Thriller', 'Action']",2014-12-16,88.844777,109.0,2014
48000000.0,77745568.0,6.5,333,"['Romance', 'Comedy', 'Crime']",1998-06-26,16.000178,123.0,1998
47000000.0,102825796.0,5.7,594,"['Comedy', 'Drama', 'Thriller']",1996-06-10,19.525659,96.0,1996
24000000.0,528972.0,6.6,9,['Drama'],1998-09-16,1.246883,101.0,1998
47000000.0,103738726.0,5.9,251,"['Adventure', 'Action', 'Comedy', 'Thriller', 'Crime']",1990-06-15,7.859226,103.0,1990
48000000.0,124305181.0,6.6,339,"['Drama', 'Crime', 'Romance']",1999-08-06,18.102572,113.0,1999
48000000.0,35743308.0,6.5,103,"['Comedy', 'Drama', 'Romance']",2001-10-19,7.226115,132.0,2001
15000000.0,125212904.0,7.2,1488,"['Action', 'Adventure', 'Thriller', 'War']",1982-10-22,63.071046,93.0,1982
24000000.0,52313200.5,7.7,357,"['Drama', 'Science Fiction', 'Adventure', 'Mystery']",1972-03-20,24.132271,167.0,1972
47000000.0,38085778.0,4.6,104,"['Animation', 'Comedy', 'Family', 'Fantasy', 'Science Fiction']",2006-09-14,10.410933,75.0,2006
47000000.0,12379402.0,5.7,74,"['Drama', 'Horror', 'Thriller', 'Romance']",1996-02-23,6.067212,104.0,1996
38000000.0,299288605.0,6.3,584,"['Comedy', 'Romance']",1997-06-19,15.401855,105.0,1997
24000000.0,52313200.5,5.5,252,"['Comedy', 'Romance']",2001-07-17,10.698929,102.0,2001
46000000.0,113714830.0,6.8,1148,"['Crime', 'Mystery', 'Thriller']",2002-05-24,41.322708,118.0,2002
46000000.0,150000000.0,7.0,661,"['Science Fiction', 'Action', 'Adventure', 'Thriller']",1996-11-21,25.6713,111.0,1996
47000000.0,10539000.0,4.4,420,"['Action', 'Western', 'Drama', 'Fantasy', 'Thriller']",2010-06-18,22.581313,80.0,2010
46000000.0,100860818.0,6.2,232,"['Drama', 'Thriller', 'Mystery', 'War']",1996-07-04,12.971122,117.0,1996
45000000.0,181000000.0,6.4,1424,['Comedy'],1997-03-21,26.721386,86.0,1997
25000000.0,15436808.0,6.6,573,"['Crime', 'Drama', 'Thriller']",2016-07-13,24.672234,127.0,2016
46000000.0,5200000.0,6.5,2,"['Drama', 'History', 'War']",1981-05-04,0.146783,140.0,1981
46000000.0,341631208.0,5.0,543,"['Fantasy', 'Comedy', 'Family']",1994-05-26,28.964162,91.0,1994
45000000.0,376141306.0,6.1,2757,"['Action', 'Crime', 'Thriller']",2012-09-27,49.353524,91.0,2012
48000000.0,220673217.0,5.8,912,['Comedy'],2003-10-24,36.585509,84.0,2003
45000000.0,212000000.0,6.1,961,"['Comedy', 'Crime', 'Action']",2000-12-14,32.624355,111.0,2000
45000000.0,101702060.0,5.8,1309,"['Action', 'Science Fiction', 'Adventure', 'Comedy', 'Family']",2008-07-10,53.090422,93.0,2008
40000000.0,95149435.0,6.0,697,"['Comedy', 'Drama', 'Family', 'Romance']",2004-08-06,30.002907,113.0,2004
45000000.0,195268056.0,6.3,371,"['Drama', 'Mystery', 'Thriller', 'Crime']",1993-12-16,17.923254,141.0,1993
45000000.0,117615211.0,6.4,278,"['Drama', 'Thriller', 'Crime', 'Mystery']",1994-07-20,17.746719,119.0,1994
45000000.0,175372502.0,7.0,1111,"['Drama', 'Comedy']",2007-12-25,31.305336,97.0,2007
45000000.0,178051587.0,6.3,433,"['Drama', 'Action', 'Thriller', 'Crime']",1992-06-04,19.637704,117.0,1992
43000000.0,154749918.0,5.6,406,"['Romance', 'Comedy']",2005-05-13,10.411996,101.0,2005
46000000.0,122126687.0,7.9,3085,"['Drama', 'Thriller', 'Crime']",2013-09-18,88.496873,153.0,2013
45000000.0,104876233.0,7.3,1634,"['Action', 'Crime', 'Drama', 'Thriller']",2001-10-05,52.081131,104.0,2001
45000000.0,90683916.0,6.9,710,[],1999-12-23,30.816341,102.0,1999
45000000.0,141220678.0,5.4,982,['Comedy'],2001-07-04,35.376971,83.0,2001
45000000.0,165184237.0,6.5,501,"['Comedy', 'Family', 'Music']",2011-11-22,17.047276,103.0,2011
45000000.0,131183530.0,6.5,1905,[],1998-08-21,43.815492,120.0,1998
30000000.0,76669806.0,7.3,496,['Drama'],2005-01-14,23.234651,136.0,2005
45000000.0,94935764.0,5.9,299,"['Action', 'Adventure', 'Crime', 'Thriller']",2002-04-07,17.270539,89.0,2002
45000000.0,136885767.0,4.7,610,"['Adventure', 'Horror', 'Thriller']",1997-04-11,27.684779,89.0,1997
45000000.0,113916474.0,5.8,575,['Comedy'],2000-07-30,26.79781,100.0,2000
40000000.0,244931766.0,7.0,1869,"['Comedy', 'Romance', 'Drama']",2003-09-07,37.073127,135.0,2003
120000000.0,363258859.0,6.8,2303,"['Adventure', 'Animation', 'Comedy', 'Family']",1998-11-25,87.350802,95.0,1998
35000000.0,74558115.0,6.6,741,"['Horror', 'Mystery', 'Thriller']",2001-10-19,26.134678,122.0,2001
45000000.0,170362582.0,5.5,313,[],1994-10-07,16.582709,110.0,1994
45000000.0,53854588.0,5.9,150,"['Comedy', 'Drama', 'Romance']",1996-08-16,10.731574,135.0,1996
24000000.0,52313200.5,6.2,26,"['Comedy', 'Drama', 'Family']",1968-04-24,2.094151,111.0,1968
45000000.0,56070433.0,5.6,176,"['Romance', 'Comedy', 'Family']",2005-05-13,8.99269,95.0,2005
50000000.0,104478416.0,6.6,1315,"['Adventure', 'Comedy', 'Family', 'Science Fiction']",2005-01-15,51.742065,109.0,2005
24000000.0,52313200.5,4.3,69,"['Comedy', 'Drama', 'Family']",2004-12-12,7.157635,104.0,2004
45000000.0,148412065.0,6.1,1292,"['Horror', 'Action', 'Science Fiction']",2007-09-20,12.06538,94.0,2007
40000000.0,123494610.0,6.6,1006,['Comedy'],2014-05-21,44.120328,117.0,2014
45000000.0,38399961.0,6.4,119,"['Adventure', 'Comedy', 'Drama']",2006-01-13,6.156015,112.0,2006
45000000.0,52313200.5,6.1,210,"['Action', 'Adventure', 'Crime', 'Thriller']",1994-09-30,12.362876,111.0,1994
45000000.0,52313200.5,5.9,134,"['Adventure', 'Family', 'Fantasy']",1995-07-14,11.095914,96.0,1995
45000000.0,82966152.0,6.2,766,"['Crime', 'Drama', 'Thriller']",2012-07-06,31.856589,131.0,2012
25000000.0,56422687.0,6.1,537,"['Action', 'Adventure', 'Crime', 'Thriller']",2004-09-06,24.459948,94.0,2004
40000000.0,160583018.0,6.0,852,"['Adventure', 'Action', 'Comedy']",2003-04-06,28.029015,88.0,2003
50000000.0,55181129.0,5.5,366,"['Fantasy', 'Adventure', 'Animation', 'Comedy', 'Family']",2006-07-27,20.239061,88.0,2006
40000000.0,30925690.0,6.5,562,"['Action', 'Science Fiction', 'Adventure']",1984-12-14,25.876582,137.0,1984
24000000.0,52313200.5,7.1,410,"['Adventure', 'Drama', 'Music', 'Romance']",2007-09-14,11.872841,133.0,2007
35000000.0,75225693.0,6.7,796,"['Drama', 'Romance']",2008-12-19,20.360549,119.0,2008
55000000.0,65664721.0,6.2,661,"['Action', 'Adventure', 'Crime', 'Thriller']",2006-03-01,32.31022,105.0,2006
70000000.0,72108608.0,5.4,676,"['Action', 'Adventure', 'Science Fiction', 'Thriller']",2008-08-20,27.568194,101.0,2008
45000000.0,52313200.5,4.7,100,"['Action', 'Adventure', 'Crime', 'Drama', 'Thriller']",1996-10-04,6.250282,92.0,1996
45000000.0,52313200.5,5.5,154,"['Comedy', 'Fantasy', 'Science Fiction']",1996-07-19,11.120344,117.0,1996
45000000.0,57881056.0,5.3,244,"['Adventure', 'Comedy', 'Family', 'Fantasy', 'Science Fiction']",2009-07-31,13.707183,86.0,2009
35000000.0,29400000.0,6.5,215,"['Crime', 'Drama', 'Mystery', 'Thriller']",2001-01-09,12.495436,123.0,2001
45000000.0,38058335.0,6.1,151,"['Comedy', 'Music']",2005-12-25,6.803965,134.0,2005
45000000.0,17300889.0,4.7,136,"['Adventure', 'Action']",1996-06-06,9.025236,100.0,1996
57000000.0,52313200.5,5.8,60,"['Drama', 'Romance', 'Western']",2000-12-11,7.524671,117.0,2000
44000000.0,13681765.0,7.1,71,"['History', 'Drama']",1995-12-22,3.770161,104.0,1995
45000000.0,60222298.0,6.7,670,"['Thriller', 'Mystery']",2010-02-12,21.118196,128.0,2010
45000000.0,11203026.0,6.0,154,"['Adventure', 'Action', 'Horror', 'Science Fiction']",1998-01-30,6.513856,106.0,1998
45000000.0,9323833.0,6.3,90,"['Drama', 'War']",2008-09-15,11.387408,160.0,2008
110.0,52313200.5,6.6,203,"['Action', 'Drama', 'Fantasy']",2006-12-21,9.950505,114.0,2006
45000000.0,42487390.0,5.0,332,"['Action', 'Crime', 'Thriller']",2008-08-21,14.813057,99.0,2008
40000000.0,8493890.0,6.3,80,"['Action', 'Comedy', 'Thriller']",2002-04-05,5.201688,85.0,2002
45000000.0,4607608.0,6.4,81,"['Drama', 'Romance']",2007-10-04,5.361699,139.0,2007
45000000.0,2154540.0,4.0,11,"['Action', 'Thriller']",1997-01-31,3.848893,103.0,1997
45000000.0,160078586.0,6.0,1007,"['Crime', 'Adventure', 'Action', 'Comedy', 'Thriller']",2011-09-15,35.6585,101.0,2011
65000000.0,73706.0,2.3,28,"['Animation', 'Action', 'Comedy', 'Family']",2012-06-15,5.258726,104.0,2012
44500000.0,232324128.0,7.1,3423,[],2012-10-11,62.01056,120.0,2012
44000000.0,368875760.0,7.2,1220,"['Adventure', 'Action', 'Thriller', 'Crime', 'Mystery']",1993-08-06,54.884297,130.0,1993
40000000.0,136000000.0,5.5,858,['Action'],2010-03-16,33.747825,110.0,2010
44000000.0,165615285.0,7.3,715,"['Crime', 'Drama', 'Thriller']",1996-10-18,16.245068,147.0,1996
44000000.0,300400432.0,6.3,864,"['Action', 'Adventure', 'Thriller', 'War']",1985-05-21,38.653969,96.0,1985
44000000.0,52313200.5,5.5,89,[],1996-02-02,3.937352,118.0,1996
2600000.0,84300000.0,6.9,1355,[],1940-02-23,46.007991,88.0,1940
50000000.0,111340801.0,6.4,1528,"['Fantasy', 'Action', 'Science Fiction', 'Thriller']",2006-01-12,49.020045,106.0,2006
40000000.0,34227298.0,5.6,685,"['Drama', 'Science Fiction', 'Thriller']",2015-11-10,24.821138,109.0,2015
43000000.0,80049764.0,7.0,302,['Drama'],2000-12-21,19.043286,136.0,2000
43000000.0,52313200.5,6.0,208,"['Comedy', 'Drama']",2000-04-06,5.418921,103.0,2000
45000000.0,50871113.0,6.6,518,"['Action', 'Crime']",2005-02-02,25.999888,104.0,2005
43000000.0,68696770.0,5.3,280,"['Romance', 'Comedy']",2002-04-12,18.65632,84.0,2002
42000000.0,270248367.0,6.6,501,"['Drama', 'Mystery', 'Thriller']",1993-06-30,23.736535,154.0,1993
44000000.0,48190704.0,6.8,566,['Drama'],2010-05-01,21.75433,99.0,2010
40000000.0,51070807.0,6.3,1045,"['Action', 'Thriller', 'Crime']",2011-01-13,44.094856,93.0,2011
42000000.0,201585328.0,6.7,4074,"['Action', 'Comedy', 'Crime']",2012-03-12,62.714026,109.0,2012
42000000.0,363889678.0,7.0,1262,"['Romance', 'Comedy', 'Drama']",1999-05-13,28.969151,124.0,1999
45000000.0,224834564.0,6.5,1150,"['Animation', 'Comedy', 'Family']",2000-06-21,31.789029,84.0,2000
42000000.0,171963386.0,5.8,773,"['Comedy', 'Romance']",2004-01-16,33.238296,90.0,2004
40000000.0,70100000.0,5.4,134,[],1992-06-30,6.420434,117.0,1992
43000000.0,158674180.0,6.5,1575,"['Action', 'Comedy', 'Crime']",2013-06-27,37.654688,117.0,2013
24000000.0,73100172.0,6.0,593,['Comedy'],2012-10-11,26.799913,105.0,2012
42000000.0,63781810.0,6.1,184,"['Drama', 'Mystery', 'Thriller', 'Crime']",2002-04-03,14.046705,115.0,2002
42000000.0,52313200.5,6.5,47,"['Comedy', 'Drama', 'Romance']",1996-11-15,3.844926,104.0,1996
32000000.0,55157539.0,6.1,305,[],2002-01-25,14.733513,119.0,2002
42000000.0,52313200.5,5.4,518,['Comedy'],2009-07-08,16.122168,83.0,2009
32000000.0,156167015.0,5.9,541,[],1989-07-07,28.22119,133.0,1989
42000000.0,89162162.0,5.6,922,"['Fantasy', 'Thriller', 'Horror']",2011-03-11,45.151657,100.0,2011
60000000.0,56359980.0,5.7,191,"['Action', 'Crime', 'Thriller']",2001-03-01,15.205371,120.0,2001
48000000.0,20915465.0,4.0,232,"['Adventure', 'Comedy', 'Family', 'Fantasy']",1993-05-28,14.587367,104.0,1993
42000000.0,24127895.0,7.0,1335,"['Crime', 'Drama', 'Thriller']",2005-09-16,34.828241,122.0,2005
31000000.0,177394432.0,7.2,635,"['Drama', 'Adventure', 'Action', 'History']",2002-12-19,23.607392,99.0,2002
40000000.0,36893721.0,5.3,388,"['Action', 'Comedy', 'Crime']",2012-01-26,19.438503,104.0,2012
44000000.0,12342632.0,6.1,2304,"['Action', 'Comedy']",2014-12-25,74.168016,112.0,2014
42000000.0,11087569.0,6.3,136,"['Adventure', 'Fantasy', 'Action', 'Western', 'Thriller']",2010-12-02,7.349497,100.0,2010
33000000.0,14000000.0,6.8,148,"['Action', 'Comedy', 'Crime']",2009-10-28,7.663515,100.0,2009
41000000.0,215000000.0,6.8,1626,['Drama'],2002-11-08,32.798571,110.0,2002
24000000.0,52313200.5,5.3,125,"['Adventure', 'Comedy', 'Animation']",2015-04-08,5.794466,100.0,2015
65000000.0,117487473.0,6.6,907,"['Adventure', 'Drama', 'Romance', 'Action']",2001-05-11,36.670399,132.0,2001
41000000.0,52313200.5,5.3,281,"['Thriller', 'Fantasy', 'Action', 'Comedy']",2003-08-15,14.653718,88.0,2003
40000000.0,672806292.0,7.7,3147,"['Mystery', 'Thriller', 'Drama']",1999-08-06,73.085576,107.0,1999
42000000.0,46221189.0,6.2,925,"['Action', 'Thriller', 'Crime']",2012-01-13,34.041407,102.0,2012
41000000.0,7448385.0,5.6,248,['Comedy'],2011-10-13,9.419726,100.0,2011
8000000.0,90815558.0,6.9,891,['Drama'],1984-06-22,28.456572,126.0,1984
40000000.0,251171807.0,6.8,2807,"['Drama', 'Crime']",2013-12-12,49.664128,138.0,2013
40000000.0,317375031.0,6.7,1804,"['Comedy', 'Romance', 'Drama']",2009-06-01,36.238968,108.0,2009
70000000.0,177841558.0,6.2,278,"['Crime', 'Drama', 'Mystery', 'Thriller']",1999-09-24,19.439386,105.0,1999
40000000.0,332000000.0,7.4,3829,"['Adventure', 'Comedy', 'Family', 'Science Fiction']",1989-11-20,43.345252,108.0,1989
38000000.0,197011982.0,4.7,511,"['Action', 'Adventure', 'Comedy', 'Family', 'Science Fiction']",2003-07-25,21.998734,84.0,2003
40000000.0,152266007.0,7.0,509,"['Crime', 'Drama', 'Thriller']",1996-07-24,25.219805,149.0,1996
40000000.0,190212113.0,6.0,699,['Comedy'],2003-12-24,26.516624,98.0,2003
40000000.0,149295601.0,7.4,1526,"['Action', 'Drama', 'Thriller', 'War']",2013-12-24,37.084384,121.0,2013
40000000.0,107458785.0,6.7,354,['Comedy'],1992-07-01,21.661028,128.0,1992
40000000.0,320170008.0,7.0,1949,['Horror'],2016-05-13,68.794673,134.0,2016
40000000.0,224920315.0,7.1,3391,['Drama'],2010-09-30,69.27822,120.0,2010
40000000.0,177259441.0,6.2,959,[],2009-02-06,26.253357,129.0,2009
45000000.0,178262620.0,5.3,750,['Comedy'],2006-04-13,32.549282,83.0,2006
40000000.0,161834276.0,5.7,736,"['Horror', 'Mystery']",2000-02-03,24.992057,116.0,2000
40000000.0,244527583.0,7.1,2900,"['Adventure', 'Comedy', 'Family', 'Science Fiction']",1990-05-25,45.769562,118.0,1990
40000000.0,111811453.0,5.9,944,['Comedy'],2015-03-26,36.301202,100.0,2015
40000000.0,215862692.0,7.1,1056,"['Romance', 'Horror']",1992-11-13,45.022964,128.0,1992
40000000.0,129540499.0,6.6,560,"['Romance', 'Drama']",2009-08-06,22.853006,123.0,2009
40000000.0,95020213.0,6.8,787,['Drama'],2013-04-12,31.884559,128.0,2013
40000000.0,128798265.0,7.0,767,"['Thriller', 'Crime', 'Drama']",1999-12-25,31.385257,139.0,1999
40000000.0,169837010.0,5.4,1127,['Comedy'],2014-11-12,67.767785,110.0,2014
40000000.0,120455994.0,6.7,542,"['Adventure', 'Drama', 'Family']",2006-02-17,24.287306,120.0,2006
35000000.0,194564672.0,7.1,1881,['Comedy'],2015-09-24,53.114573,121.0,2015
40000000.0,124827316.0,6.1,555,"['Action', 'Comedy']",2016-01-14,25.136082,102.0,2016
40000000.0,75505856.0,7.1,732,"['Action', 'Adventure', 'Drama', 'History', 'Romance', 'War']",1992-09-25,37.776566,112.0,1992
40000000.0,124731534.0,7.2,467,[],2004-10-29,21.743321,152.0,2004
40000000.0,158733820.0,7.2,2691,"['Action', 'Thriller', 'Crime']",2005-04-01,66.003433,124.0,2005
40000000.0,151161491.0,6.2,716,"['Drama', 'Action', 'Thriller', 'Crime']",2008-02-01,24.862767,90.0,2008
41000000.0,91636986.0,6.5,515,['Comedy'],2009-03-20,25.391899,105.0,2009
40000000.0,141069860.0,5.7,731,"['Comedy', 'Romance']",2001-11-01,29.854773,114.0,2001
40000000.0,138259062.0,5.4,371,"['Comedy', 'Crime']",2006-01-26,17.61292,104.0,2006
57000000.0,147845033.0,5.8,441,"['Action', 'Comedy', 'Crime', 'Romance']",2001-03-01,21.021809,123.0,2001
20000000.0,136267476.0,6.1,1350,['Comedy'],2009-03-11,52.571674,102.0,2009
40000000.0,196781193.0,6.2,1437,"['Comedy', 'Romance']",2014-04-16,34.519636,109.0,2014
40000000.0,186167139.0,5.4,831,"['Horror', 'Mystery']",2009-08-26,32.478077,82.0,2009
40000000.0,165478348.0,7.2,2583,"['Thriller', 'Drama']",2015-10-15,48.445978,104.0,2015
40000000.0,91753202.0,6.0,457,"['Action', 'Drama', 'Thriller', 'War']",2001-11-17,24.012986,106.0,2001
40000000.0,90029656.0,5.9,612,['Comedy'],2010-06-04,17.869443,109.0,2010
50000000.0,170128460.0,5.9,297,"['Drama', 'Romance', 'Comedy']",2004-10-15,14.231899,107.0,2004
40000000.0,54682547.0,6.2,511,"['Comedy', 'Adventure', 'Fantasy', 'Science Fiction', 'Action']",1998-07-10,23.088571,110.0,1998
40000000.0,87840042.0,5.0,336,[],1997-07-31,19.833664,96.0,1997
35000000.0,75395048.0,7.3,453,"['Action', 'Adventure', 'Drama', 'Thriller']",2002-01-23,26.595983,131.0,2002
40000000.0,85412898.0,7.0,902,"['Crime', 'Drama', 'Thriller']",2011-03-17,26.072228,119.0,2011
30000000.0,130786397.0,6.5,1265,"['Action', 'Mystery', 'Thriller']",2011-02-16,38.643914,113.0,2011
40000000.0,109676311.0,8.0,4391,"['Drama', 'Mystery', 'Thriller']",2006-10-19,74.440708,130.0,2006
42000000.0,107670357.0,6.1,1536,['Comedy'],2014-11-26,82.185281,108.0,2014
40000000.0,74597643.0,5.7,332,"['Animation', 'Comedy', 'Adventure', 'Family', 'Science Fiction']",2013-02-14,18.14218,89.0,2013
40000000.0,120175290.0,7.3,1221,"['Action', 'Adventure', 'Drama', 'Thriller']",2006-12-07,41.570047,139.0,2006
40000000.0,191185897.0,6.2,440,"['Action', 'Adventure', 'Thriller']",1987-06-29,23.331459,130.0,1987
40000000.0,126248813.0,6.0,1206,"['Action', 'Science Fiction', 'Adventure', 'Thriller']",2010-07-03,47.649554,107.0,2010
24000000.0,52313200.5,5.8,51,"['Comedy', 'Crime', 'Drama', 'Romance', 'Thriller']",1986-06-18,7.519433,116.0,1986
40000000.0,92913171.0,6.4,972,"['Thriller', 'Mystery']",2004-03-12,32.908414,96.0,2004
40000000.0,114830111.0,6.5,670,"['Romance', 'Drama', 'Mystery']",2006-06-16,29.88736,99.0,2006
43000000.0,91974818.0,6.4,573,"['Drama', 'Horror', 'Mystery', 'Thriller']",2005-07-29,29.105407,104.0,2005
24000000.0,51854875.0,6.5,386,"['Fantasy', 'Drama', 'Comedy', 'Family']",2012-08-15,16.394452,105.0,2012
40000000.0,84601681.0,6.0,394,"['Comedy', 'Romance']",2008-05-02,19.574774,101.0,2008
40000000.0,67347013.0,6.8,255,"['Music', 'Drama']",2014-06-05,14.199933,134.0,2014
40000000.0,45916769.0,6.7,235,"['Drama', 'Crime', 'Thriller']",1997-11-18,12.229516,135.0,1997
40000000.0,141591324.0,5.8,629,"['Horror', 'Thriller']",2003-11-21,27.303608,98.0,2003
36000000.0,74000000.0,6.8,316,"['Drama', 'History', 'Mystery']",1997-12-03,3.698276,155.0,1997
40000000.0,52313200.5,5.8,114,['Adventure'],1992-02-07,7.021871,106.0,1992
40000000.0,41797066.0,4.9,740,[],2007-12-25,39.381913,94.0,2007
40000000.0,52313200.5,5.4,415,"['Comedy', 'Family']",1994-12-19,14.398356,95.0,1994
65000000.0,52313200.5,5.7,135,"['Drama', 'Romance']",2000-08-11,8.680334,103.0,2000
40000000.0,145896422.0,6.2,554,"['Comedy', 'Music', 'Romance']",2007-02-09,17.659032,96.0,2007
40000000.0,97552050.0,6.5,1789,"['Adventure', 'Comedy', 'Science Fiction']",2011-02-14,43.151268,104.0,2011
40000000.0,41863726.0,5.4,284,['Comedy'],2012-12-19,15.283444,95.0,2012
40000000.0,97138686.0,6.1,902,"['Horror', 'Mystery']",2011-04-11,35.21926,111.0,2011
40000000.0,96618699.0,6.1,474,"['Thriller', 'Crime', 'Mystery']",1999-02-26,25.580272,123.0,1999
38000000.0,34416893.0,6.7,275,"['Drama', 'Music']",1991-03-01,10.794175,140.0,1991
40000000.0,126069509.0,5.3,1695,['Comedy'],2014-07-17,72.641296,97.0,2014
40000000.0,36037909.0,5.0,40,"['Comedy', 'Drama']",2000-02-16,3.415534,94.0,2000
47000000.0,157887643.0,5.9,866,[],2011-08-12,38.555482,92.0,2011
24000000.0,52313200.5,5.3,140,"['Comedy', 'Crime', 'Romance']",1999-08-16,6.786117,102.0,1999
40000000.0,55707411.0,7.0,432,"['Drama', 'Romance']",2000-10-12,24.313684,122.0,2000
30000000.0,50451307.0,5.9,182,"['Comedy', 'Drama', 'Romance']",2005-04-06,9.965073,103.0,2005
40000000.0,52313200.5,5.5,275,['Comedy'],2008-03-20,15.055732,102.0,2008
24000000.0,52313200.5,5.8,1468,"['Comedy', 'Western']",2014-05-22,32.808675,116.0,2014
25000000.0,48063435.0,5.4,138,"['Adventure', 'Fantasy', 'Action', 'Thriller', 'Science Fiction']",1994-07-01,8.178203,108.0,1994
40000000.0,55247881.0,6.9,708,['Drama'],2011-12-24,31.066874,129.0,2011
40000000.0,58785180.0,6.1,412,"['Comedy', 'Drama', 'Romance']",2010-01-12,22.491388,102.0,2010
40000000.0,46442528.0,6.3,186,['Drama'],2005-11-09,12.885985,117.0,2005
40000000.0,30199105.0,5.6,135,"['Crime', 'Action', 'Adventure']",2000-08-23,7.832337,117.0,2000
40000000.0,31670620.0,6.7,155,"['Drama', 'Romance']",2005-11-23,10.433667,135.0,2005
40000000.0,52313200.5,4.9,71,"['Drama', 'Horror', 'Thriller', 'Crime']",2000-08-11,3.321949,107.0,2000
75000000.0,29000000.0,5.0,45,['Comedy'],1999-04-02,4.842626,90.0,1999
40000000.0,49627779.0,4.6,147,"['Fantasy', 'Horror', 'Science Fiction']",1996-08-23,13.210898,96.0,1996
40000000.0,27053815.0,5.2,56,"['Action', 'Adventure', 'Drama']",2001-09-07,3.296933,104.0,2001
35000000.0,52313200.5,6.4,477,['Drama'],2008-02-28,22.939557,115.0,2008
40000000.0,65754228.0,6.4,278,"['Drama', 'Romance']",2001-02-16,19.372805,119.0,2001
40000000.0,62771059.0,5.4,205,['Horror'],2007-04-05,13.445697,99.0,2007
500000.0,3000000.0,7.2,345,"['Drama', 'Crime']",1973-10-02,17.002096,104.0,1973
40000000.0,24332324.0,5.9,81,"['Comedy', 'War']",1994-06-03,4.516953,128.0,1994
40000000.0,60965854.0,6.5,824,"['Action', 'Thriller', 'Crime', 'Drama']",2011-07-27,33.785969,108.0,2011
40000000.0,38172500.0,6.9,190,"['Fantasy', 'Animation', 'Drama', 'Romance', 'Family']",1998-05-15,16.059443,86.0,1998
40000000.0,22433915.0,5.7,92,"['Crime', 'Drama', 'Mystery']",2002-09-06,3.476966,108.0,2002
24000000.0,52313200.5,5.9,48,"['Drama', 'Romance']",1999-01-15,5.778724,128.0,1999
40000000.0,46546197.0,4.7,119,['Action'],2004-01-16,7.360793,84.0,2004
24000000.0,52313200.5,6.0,67,"['Drama', 'Thriller']",1996-02-16,3.621837,111.0,1996
45000000.0,20350754.0,4.9,256,['Drama'],1995-09-22,14.513305,128.0,1995
40000000.0,60474340.0,6.5,642,"['Drama', 'History']",2006-05-24,22.364549,123.0,2006
40000000.0,52313200.5,5.7,81,"['Action', 'Crime', 'Drama', 'Thriller']",1995-04-21,6.90894,101.0,1995
63600000.0,19412993.0,4.8,145,"['Action', 'Drama', 'Thriller', 'Crime']",2000-10-06,4.494788,102.0,2000
42000000.0,180274123.0,7.0,2025,"['Thriller', 'Drama']",2012-09-09,47.559928,113.0,2012
55000000.0,14375181.0,4.2,28,"['Action', 'Adventure', 'Comedy']",1987-05-15,2.410546,107.0,1987
40000000.0,46471023.0,7.5,1176,"['Adventure', 'Animation', 'Comedy', 'Family']",2009-10-23,41.258956,87.0,2009
40000000.0,16872671.0,5.7,124,"['Comedy', 'Drama', 'Romance']",2002-04-26,8.980846,103.0,2002
40000000.0,14358033.0,5.7,125,"['Comedy', 'Fantasy', 'Science Fiction']",1992-02-28,7.222985,99.0,1992
10000000.0,173921954.0,7.8,3310,"['Comedy', 'Romance']",2001-04-25,73.720244,122.0,2001
24000000.0,52313200.5,5.5,185,['Comedy'],2004-05-01,10.0403,104.0,2004
60000000.0,13395939.0,5.6,248,['Comedy'],2004-10-22,15.219263,103.0,2004
40000000.0,24719215.0,6.6,152,"['Adventure', 'Drama', 'Romance']",2012-02-02,8.303696,107.0,2012
38000000.0,28121100.0,5.9,54,"['Drama', 'Mystery']",1999-03-12,4.746085,106.0,1999
40000000.0,18902015.0,3.2,105,"['Horror', 'Thriller']",2002-08-09,6.756886,101.0,2002
40000000.0,28169671.0,5.5,348,[],2009-10-23,16.424807,109.0,2009
40000000.0,19322135.0,5.9,482,"['Action', 'Comedy', 'Thriller']",2003-09-26,15.590001,89.0,2003
24000000.0,52313200.5,6.3,47,"['Comedy', 'Music']",2008-11-07,5.483671,103.0,2008
24000000.0,52313200.5,5.2,21,"['Action', 'Drama', 'Thriller']",1980-01-01,1.630541,115.0,1980
45000000.0,10667893.0,4.2,135,"['Action', 'Science Fiction']",1999-08-05,14.566664,82.0,1999
33000000.0,20645327.0,6.5,774,"['Action', 'Horror', 'Mystery', 'Science Fiction', 'Thriller']",2009-09-08,28.353517,108.0,2009
40000000.0,52313200.5,6.1,135,"['Action', 'Science Fiction', 'Thriller']",2001-12-03,9.579975,102.0,2001
40000000.0,10959475.0,5.0,28,"['Action', 'Adventure', 'Drama', 'Thriller']",2002-11-27,2.911819,93.0,2002
24000000.0,52313200.5,4.8,171,"['Comedy', 'Fantasy', 'Science Fiction']",2001-04-06,10.844882,88.0,2001
50000000.0,32017803.0,7.0,1182,"['Science Fiction', 'Thriller']",2007-04-05,51.502884,107.0,2007
40000000.0,22044277.0,6.0,373,"['Drama', 'Comedy']",2012-03-07,13.119133,91.0,2012
40000000.0,52313200.5,5.4,15,"['Adventure', 'Fantasy', 'Animation', 'Comedy', 'Science Fiction', 'Family']",2008-12-12,4.238482,94.0,2008
40000000.0,13644292.0,5.5,392,"['Action', 'Drama', 'Crime']",2015-02-16,26.935458,115.0,2015
40000000.0,23937870.0,5.1,213,"['Adventure', 'Action', 'Family']",2006-07-21,16.282962,93.0,2006
20000000.0,117760134.0,6.6,1006,"['Thriller', 'Drama', 'Mystery']",2007-04-12,31.690456,105.0,2007
20000000.0,7563728.0,6.2,398,"['Action', 'Crime', 'Thriller', 'Drama']",1995-09-14,17.842246,107.0,1995
24000000.0,52313200.5,6.6,96,"['Action', 'Adventure', 'Thriller', 'Drama']",2007-09-03,8.048305,101.0,2007
30000000.0,52313200.5,7.1,275,"['Comedy', 'Drama']",1994-03-11,14.188982,111.0,1994
40000000.0,52313200.5,6.3,83,"['Action', 'Drama', 'History']",2007-12-12,6.884467,126.0,2007
25000000.0,52313200.5,4.3,17,"['Action', 'History', 'War']",2005-07-17,8.212018,112.0,2005
39200000.0,86758912.0,6.7,2854,"['Action', 'Science Fiction', 'Drama']",2013-08-01,64.238688,126.0,2013
25000000.0,52313200.5,6.5,313,"['Adventure', 'Animation', 'Comedy', 'Family', 'Fantasy']",2011-10-12,17.375562,90.0,2011
24000000.0,52313200.5,5.9,15,"['Action', 'Comedy']",2004-09-24,6.7698,104.0,2004
15000000.0,94000000.0,7.3,953,"['Fantasy', 'Action', 'Thriller']",1994-05-11,44.690107,102.0,1994
40000000.0,100000000.0,7.5,135,"['Action', 'Adventure', 'War', 'History']",2015-07-10,16.254032,159.0,2015
39000000.0,101229792.0,6.7,798,"['Drama', 'Romance', 'Fantasy']",2009-08-14,37.492928,107.0,2009
24000000.0,69485490.0,5.8,191,['Comedy'],2007-02-02,18.678415,102.0,2007
39000000.0,35287788.0,6.6,932,"['Animation', 'Comedy', 'Family']",2012-10-04,27.908783,87.0,2012
39000000.0,38869464.0,7.4,1264,"['Science Fiction', 'Action', 'Adventure', 'Thriller']",2005-08-25,45.388937,119.0,2005
39000000.0,6614280.0,4.5,32,"['Romance', 'Drama']",2004-02-20,2.817364,106.0,2004
39000000.0,75850624.0,5.3,490,"['Comedy', 'Action', 'Adventure', 'Fantasy', 'Science Fiction']",1983-06-17,22.164202,104.0,1983
40000000.0,44907260.0,6.0,433,['Comedy'],2013-12-25,21.362949,104.0,2013
80341000.0,127814609.0,7.1,205,"['Adventure', 'Drama', 'Action']",2008-07-10,14.8375,150.0,2008
30000000.0,180622424.0,6.0,394,"['Comedy', 'Romance']",2002-09-26,18.256028,108.0,2002
38000000.0,205298907.0,6.4,972,"['Comedy', 'Romance']",2009-07-24,22.332927,96.0,2009
24000000.0,52313200.5,5.5,94,"['Comedy', 'Family']",1996-03-29,5.417787,90.0,1996
38000000.0,119723358.0,5.3,521,"['Action', 'Adventure', 'Family']",2002-08-07,24.085144,100.0,2002
38000000.0,120000000.0,6.4,452,"['Science Fiction', 'Action', 'Adventure', 'Thriller']",1994-11-17,14.779041,118.0,1994
3860000.0,64076736.0,6.3,273,"['Action', 'Drama', 'History']",2013-01-08,19.947265,130.0,2013
38000000.0,114156230.0,6.7,850,"['Drama', 'Romance']",2011-03-15,16.801218,120.0,2011
40000000.0,52313200.5,6.8,19,"['Adventure', 'Family', 'Fantasy', 'Animation']",2014-05-20,5.057695,88.0,2014
50000000.0,73956241.0,7.2,396,['Drama'],1999-09-17,20.825781,146.0,1999
38000000.0,51801187.0,6.2,264,"['Drama', 'Thriller']",2002-05-24,11.500783,114.0,2002
35000000.0,52313200.5,5.7,254,"['Crime', 'Comedy', 'Romance']",2001-03-23,13.932203,104.0,2001
38000000.0,107597242.0,5.0,567,"['Action', 'Comedy', 'Family']",2015-04-16,41.258487,94.0,2015
53000000.0,29700000.0,5.6,88,"['Drama', 'Romance', 'Thriller']",2001-05-15,6.454634,104.0,2001
38000000.0,52313200.5,5.5,40,['Comedy'],2001-12-21,5.257009,99.0,2001
38000000.0,58401898.0,6.3,756,"['Horror', 'Mystery', 'Thriller']",1999-08-24,30.359164,133.0,1999
38000000.0,17380126.0,5.7,80,"['Drama', 'Thriller']",1996-09-27,3.426555,118.0,1996
57000000.0,16991902.0,6.0,190,"['Music', 'Drama', 'Comedy']",2001-09-04,11.60815,105.0,2001
10000000.0,47536959.0,6.9,417,['Drama'],2009-11-06,18.664624,110.0,2009
38000000.0,10300000.0,6.3,86,"['Action', 'Drama']",1996-02-02,10.047579,129.0,1996
15000000.0,19629760.0,7.8,1588,"['Horror', 'Mystery', 'Science Fiction']",1982-06-25,52.731379,109.0,1982
38000000.0,98337295.0,6.2,2035,"['Science Fiction', 'Action', 'Thriller']",2013-09-02,46.630062,119.0,2013
37000000.0,6482195.0,5.8,52,"['Action', 'Adventure', 'Mystery', 'Thriller']",1997-10-31,4.131546,118.0,1997
24000000.0,52313200.5,5.4,19,"['Action', 'Western']",2001-11-30,5.641978,110.0,2001
55000000.0,17869048.0,6.2,605,"['Adventure', 'Family', 'Fantasy']",2008-10-07,23.465539,90.0,2008
32000000.0,28258060.0,7.0,701,[],2012-09-07,25.682509,137.0,2012
38000000.0,5410749.0,4.3,75,"['Adventure', 'Action', 'Comedy', 'Romance']",2007-12-17,6.760922,104.0,2007
40000000.0,9793496.0,7.1,71,['Drama'],2008-10-10,3.87823,130.0,2008
38000000.0,109906372.0,5.6,1945,"['Adventure', 'Science Fiction']",2016-01-14,57.889964,112.0,2016
37000000.0,173567581.0,7.3,1915,['Drama'],2015-11-25,57.773583,133.0,2015
37000000.0,154026136.0,7.0,1468,"['Crime', 'Drama', 'Thriller']",2010-09-15,24.218358,125.0,2010
40000000.0,79700000.0,5.8,594,"['Romance', 'Comedy', 'Drama']",2012-05-17,27.009723,104.0,2012
37000000.0,163720069.0,6.5,1222,"['Comedy', 'Drama']",2008-09-05,31.941347,96.0,2008
37000000.0,100076342.0,5.6,330,"['Adventure', 'Comedy', 'Family', 'Fantasy']",2008-04-03,14.353279,96.0,2008
38000000.0,90247624.0,7.7,2277,"['Drama', 'Action']",2013-09-02,33.003828,123.0,2013
30000000.0,55583804.0,5.3,511,"['Action', 'Comedy', 'Crime']",2010-02-26,25.825771,107.0,2010
38000000.0,112343513.0,5.9,1201,"['Comedy', 'Romance']",2016-01-21,46.078371,110.0,2016
37000000.0,95404397.0,6.7,163,"['Drama', 'Family']",2011-09-23,6.63839,113.0,2011
36000000.0,102244770.0,7.0,594,"['Drama', 'Thriller', 'Crime']",2002-02-15,27.465433,116.0,2002
65000000.0,117758500.0,6.1,352,"['Action', 'Comedy', 'Crime']",1999-09-17,16.865782,93.0,1999
36500000.0,21834845.0,5.3,23,"['Action', 'Fantasy', 'Science Fiction', 'Thriller']",2008-12-18,2.785832,115.0,2008
36000000.0,160000000.0,5.8,338,"['Adventure', 'Action', 'Thriller']",1983-10-07,23.380757,134.0,1983
36000000.0,64572262.0,6.0,894,"['Science Fiction', 'Comedy', 'Adventure']",2010-03-26,33.926473,101.0,2010
36000000.0,52424533.0,6.7,96,"['Family', 'Drama']",2014-09-12,6.967857,107.0,2014
42000000.0,32168970.0,5.4,173,['Thriller'],2000-02-25,11.470135,124.0,2000
36000000.0,44350926.0,5.8,258,"['Action', 'Drama']",2003-04-04,19.854932,109.0,2003
37000000.0,26250020.0,5.2,692,"['Drama', 'Comedy', 'Romance']",2015-05-27,29.652536,105.0,2015
24000000.0,52313200.5,6.2,40,"['History', 'Drama']",1996-12-20,8.102925,104.0,1996
24000000.0,52313200.5,6.3,32,"['Drama', 'Romance']",1999-12-22,2.79483,127.0,1999
37000000.0,96047633.0,5.8,556,"['Drama', 'Thriller', 'Horror']",2011-01-28,11.492474,114.0,2011
36000000.0,12532777.0,7.5,1808,"['Thriller', 'Science Fiction', 'Mystery', 'Romance']",1997-09-07,70.398356,106.0,1997
36000000.0,3003296.0,4.6,14,"['Drama', 'Comedy']",2000-01-28,1.068453,95.0,2000
37000000.0,63800345.0,5.2,99,"['Animation', 'Family']",2008-07-17,6.293217,81.0,2008
24000000.0,52313200.5,5.3,71,['Comedy'],2003-01-01,3.457194,95.0,2003
36000000.0,156844753.0,6.5,379,"['Action', 'Drama', 'History']",2015-12-19,19.167377,105.0,2015
33000000.0,310940086.0,6.2,1011,"['Adventure', 'Comedy', 'Crime', 'Science Fiction']",1999-06-08,18.316151,95.0,1999
35000000.0,411348924.0,7.0,2096,"['Fantasy', 'Action']",1989-06-23,44.104469,126.0,1989
24000000.0,52313200.5,5.9,27,['Drama'],2011-03-25,6.668679,112.0,2011
35000000.0,321731527.0,6.4,811,"['Adventure', 'Action', 'Comedy', 'Thriller', 'Crime']",1992-05-15,36.172182,118.0,1992
29000000.0,309208309.0,7.2,1597,['Drama'],2009-11-20,25.767395,129.0,2009
35000000.0,147934180.0,5.5,867,"['Action', 'Comedy', 'Family', 'Adventure']",2001-03-18,21.543389,88.0,2001
35000000.0,117000000.0,6.5,2277,"['Comedy', 'Crime']",2011-07-08,50.309843,98.0,2011
38000000.0,252276927.0,7.2,1668,"['Drama', 'Adventure', 'Western']",2010-12-22,49.292384,110.0,2010
35000000.0,326551094.0,7.0,3088,"['Comedy', 'Drama', 'Romance']",2006-06-30,83.893257,109.0,2006
35000000.0,139000000.0,6.2,530,"['Science Fiction', 'Adventure', 'Mystery']",1979-12-06,24.616634,132.0,1979
35000000.0,173965010.0,5.6,1645,"['Comedy', 'Crime']",2013-02-07,34.005726,111.0,2013
35000000.0,182300000.0,7.0,675,"['Crime', 'Thriller']",1991-11-15,27.714043,128.0,1991
35000000.0,69823199.0,6.5,1375,"['Drama', 'Crime']",2008-03-27,45.149948,123.0,2008
35000000.0,140795793.0,5.9,1181,['Comedy'],2015-07-17,72.774941,104.0,2015
35000000.0,68915888.0,5.5,225,"['Comedy', 'Romance']",2005-03-25,3.74263,105.0,2005
27000000.0,231976425.0,7.0,542,[],1996-11-14,29.381878,162.0,1996
35000000.0,126216940.0,7.7,1310,"['Crime', 'Drama', 'Mystery', 'Thriller']",1997-09-19,24.860326,138.0,1997
35000000.0,86369815.0,5.8,550,[],2005-07-29,11.041659,100.0,2005
35000000.0,52313200.5,6.3,177,"['Comedy', 'Romance']",1997-09-10,11.897925,90.0,1997
35000000.0,113374103.0,5.5,453,"['Science Fiction', 'Horror', 'Action']",1995-07-07,23.607071,108.0,1995
1800000.0,25504513.0,7.2,1180,['Horror'],1984-11-14,38.204158,91.0,1984
33000000.0,104155843.0,6.0,436,"['Horror', 'Science Fiction', 'Thriller']",2000-08-17,25.413955,107.0,2000
24000000.0,52313200.5,6.3,1018,"['Action', 'Adventure', 'Drama']",1998-03-12,28.98027,132.0,1998
35000000.0,60251371.0,6.8,103,['Drama'],2010-08-20,9.525037,123.0,2010
34000000.0,95608995.0,6.0,345,"['Adventure', 'Animation', 'Comedy', 'Family']",2007-03-23,18.39217,90.0,2007
32000000.0,52277485.0,6.8,141,['Drama'],2003-10-24,9.254647,109.0,2003
35000000.0,150483765.0,6.5,2237,"['Romance', 'Comedy']",2011-07-21,40.526587,109.0,2011
35000000.0,108758521.0,5.6,1462,['Comedy'],2016-05-04,50.179171,91.0,2016
35000000.0,112544580.0,7.3,1226,"['Comedy', 'Drama', 'History']",2013-11-16,31.957947,125.0,2013
35000000.0,88058786.0,5.6,896,['Comedy'],2012-12-20,38.429648,134.0,2012
35000000.0,92219310.0,5.2,210,"['Comedy', 'Family']",2009-11-24,13.707843,88.0,2009
35000000.0,91353501.0,6.2,1428,"['Fantasy', 'Action', 'Adventure', 'Science Fiction', 'Thriller']",2009-01-22,51.927471,92.0,2009
35000000.0,69307224.0,5.2,253,['Comedy'],2007-07-04,14.503568,91.0,2007
24000000.0,52313200.5,5.2,242,['Comedy'],2006-04-07,6.74556,80.0,2006
30000000.0,58405313.0,5.8,140,"['Comedy', 'Romance']",2005-07-21,11.120167,98.0,2005
35000000.0,41954997.0,7.4,1147,[],1997-02-27,40.370442,127.0,1997
33000000.0,102984862.0,6.4,2065,"['Horror', 'Action', 'Science Fiction']",2002-03-15,40.715623,100.0,2002
10700000.0,122200000.0,7.0,794,['Horror'],1982-06-04,36.230204,114.0,1982
24000000.0,52313200.5,6.0,415,"['Comedy', 'Crime', 'Thriller']",2004-03-25,23.666229,104.0,2004
35000000.0,85416905.0,5.2,613,['Action'],2008-10-15,25.903237,100.0,2008
40000000.0,173930596.0,6.7,3417,"['Action', 'Thriller', 'Science Fiction']",2011-10-27,60.231382,109.0,2011
35000000.0,77477008.0,5.7,458,"['Comedy', 'Romance']",2010-04-23,18.38292,106.0,2010
35000000.0,59901913.0,5.9,296,"['Comedy', 'Drama', 'Romance']",2011-05-05,14.029012,112.0,2011
24000000.0,52313200.5,5.1,287,"['Adventure', 'Comedy', 'Fantasy']",2001-11-21,15.913783,95.0,2001
35000000.0,35323292.0,6.9,97,"['Comedy', 'Family']",1976-04-07,6.889633,102.0,1976
35000000.0,99423521.0,4.1,325,"['Action', 'Adventure', 'Thriller']",1994-12-22,19.286099,102.0,1994
35000000.0,120072577.0,8.0,1864,"['Drama', 'War']",2002-09-24,50.587541,150.0,2002
35000000.0,52313200.5,6.4,35,"['Drama', 'History']",2006-12-01,3.721272,101.0,2006
40000000.0,68766121.0,5.5,677,['Horror'],2005-04-30,17.157738,113.0,2005
27000000.0,115505027.0,6.7,811,"['Drama', 'Romance']",2004-12-01,22.636908,104.0,2004
35000000.0,84606030.0,6.0,741,"['Drama', 'Crime', 'History']",2011-11-09,28.069419,137.0,2011
35000000.0,72436439.0,6.0,485,"['Horror', 'Mystery', 'Thriller']",2008-08-15,19.774543,110.0,2008
35000000.0,45479110.0,5.4,239,"['Drama', 'Fantasy', 'Horror']",2002-02-10,11.644243,101.0,2002
35000000.0,57120318.0,5.9,730,"['Science Fiction', 'Action', 'Thriller']",1990-11-20,27.934978,104.0,1990
35000000.0,32483410.0,5.9,238,['Drama'],2008-01-22,12.677505,101.0,2008
35000000.0,40263020.0,6.3,245,"['Comedy', 'Romance']",1999-02-12,8.737058,112.0,1999
35000000.0,27107960.0,6.1,233,['Science Fiction'],1980-09-01,12.343507,111.0,1980
35000000.0,36098382.0,5.8,325,"['Comedy', 'Romance']",2004-03-25,14.699342,102.0,2004
45000000.0,30353232.0,5.1,300,"['Action', 'Thriller', 'Crime', 'Mystery']",2012-10-18,14.513243,101.0,2012
35000000.0,25105255.0,6.3,157,"['Crime', 'Drama', 'Mystery', 'Thriller']",1997-11-21,5.525544,155.0,1997
8900000.0,4100000.0,5.6,318,"['Crime', 'Action', 'Thriller']",2015-11-13,15.079993,93.0,2015
35000000.0,93246388.0,6.0,436,"['Comedy', 'Fantasy']",2010-03-26,23.835055,109.0,2010
35000000.0,52313200.5,6.1,81,"['Crime', 'History']",1992-12-25,5.926966,140.0,1992
30000000.0,68369434.0,5.5,523,"['Drama', 'Mystery', 'Science Fiction', 'Thriller']",2008-07-24,25.454549,104.0,2008
31000000.0,27388767.0,5.9,437,"['Family', 'Fantasy', 'Comedy']",2004-04-09,22.71592,104.0,2004
35000000.0,50363790.0,7.0,823,['Drama'],2015-11-12,35.120736,123.0,2015
35000000.0,82087155.0,5.6,961,"['Thriller', 'Action', 'Mystery']",2011-09-22,19.893646,106.0,2011
35000000.0,19478106.0,5.2,235,"['Animation', 'Family', 'Adventure']",2005-03-25,14.051852,76.0,2005
35000000.0,52313200.5,6.9,161,"['Comedy', 'Drama']",2000-02-22,9.011729,111.0,2000
35000000.0,25871834.0,4.9,379,"['Action', 'Comedy', 'Science Fiction']",2008-03-27,19.088655,85.0,2008
56000000.0,19701164.0,5.7,593,"['Thriller', 'Crime', 'Drama']",2013-01-18,29.490057,109.0,2013
35000000.0,19294901.0,5.1,167,"['Horror', 'Comedy']",2005-02-25,11.195593,97.0,2005
35000000.0,31083599.0,6.2,832,"['Crime', 'Action', 'Thriller']",2012-08-24,17.709888,91.0,2012
35000000.0,51680201.0,5.4,647,"['Action', 'Comedy', 'Crime']",2015-05-08,18.262017,87.0,2015
35000000.0,29882645.0,6.5,159,"['War', 'Adventure', 'Drama', 'Romance']",2002-09-08,10.10364,132.0,2002
35000000.0,46216641.0,5.7,1455,"['Action', 'Crime']",2013-01-23,28.670477,118.0,2013
31000000.0,41512007.0,6.0,293,"['Comedy', 'Romance']",2004-09-13,16.736734,98.0,2004
35000000.0,39340177.0,4.6,149,['Comedy'],2010-04-02,13.668633,92.0,2010
30000000.0,52313200.5,5.3,191,"['Action', 'Horror', 'Thriller']",2012-09-05,9.780588,93.0,2012
27000000.0,16519460.0,5.8,129,"['Fantasy', 'Action', 'Adventure']",1983-07-29,9.904881,117.0,1983
35000000.0,63215872.0,6.0,216,"['Action', 'Adventure', 'Drama', 'History']",2007-10-22,9.789027,92.0,2007
35000000.0,52313200.5,5.7,31,"['Action', 'Adventure', 'Drama', 'Thriller']",1991-01-18,6.81729,115.0,1991
35000000.0,18317151.0,6.6,212,"['Comedy', 'Music']",2007-12-21,10.73522,96.0,2007
24000000.0,52313200.5,6.4,108,"['Drama', 'Romance']",2001-12-18,11.1399,111.0,2001
35000000.0,13678913.0,5.7,55,"['Action', 'Western']",2001-08-17,6.727949,94.0,2001
35000000.0,27409889.0,7.0,322,"['Drama', 'History', 'Romance']",2009-03-04,16.343317,105.0,2009
40000000.0,12206028.0,5.3,220,"['Action', 'Crime', 'Mystery', 'Thriller']",2009-09-09,14.818718,101.0,2009
32000000.0,54674226.0,6.5,987,"['Drama', 'Fantasy']",2011-05-18,43.862456,139.0,2011
33000000.0,52313200.5,4.7,64,"['Action', 'Adventure', 'Thriller']",1998-09-04,2.706207,91.0,1998
35000000.0,17508518.0,5.5,555,"['Action', 'Drama', 'Thriller', 'Crime']",2014-03-28,27.903999,104.0,2014
35000000.0,11560806.0,4.8,91,[],2003-09-05,3.746806,104.0,2003
20500000.0,10089373.0,5.6,294,"['Action', 'Crime']",2008-12-05,17.112498,102.0,2008
35000000.0,12506188.0,4.9,135,"['Family', 'Fantasy', 'Comedy']",2006-08-11,10.304172,83.0,2006
35000000.0,61181942.0,6.9,1121,"['Adventure', 'Drama', 'Thriller']",2015-09-30,37.335721,123.0,2015
24000000.0,52313200.5,4.7,9,"['Fantasy', 'Family', 'Action']",1997-05-02,0.912395,103.0,1997
35000000.0,42064105.0,6.5,357,"['Comedy', 'Drama', 'Romance']",2006-09-09,16.782471,118.0,2006
35000000.0,4651977.0,6.6,53,['Drama'],1992-02-21,3.503408,114.0,1992
35000000.0,52313200.5,6.6,60,"['Action', 'Crime', 'Drama', 'Mystery', 'Thriller']",1997-02-13,5.419181,121.0,1997
35000000.0,16838910.0,6.2,142,"['Thriller', 'Crime', 'Romance']",2002-11-06,9.07278,114.0,2002
35000000.0,52313200.5,7.4,34,"['Action', 'History', 'War']",1981-04-17,2.864979,173.0,1981
35000000.0,15000000.0,6.7,25,"['War', 'Adventure', 'Drama', 'Romance']",1995-09-20,2.877488,135.0,1995
38000000.0,635096.0,6.6,49,"['Drama', 'War', 'Romance', 'Western']",1999-11-24,5.516207,138.0,1999
24000000.0,25147786.0,7.0,291,['Drama'],2010-10-20,13.930763,148.0,2010
35000000.0,10496317.0,5.8,307,"['Action', 'Comedy', 'Western', 'Crime']",2006-01-18,20.27704,93.0,2006
24000000.0,52313200.5,0.0,0,"['Drama', 'Crime']",2009-05-13,0.126738,100.0,2009
35000000.0,14431253.0,5.0,320,['Comedy'],2015-03-05,16.832312,91.0,2015
34000000.0,32255440.0,7.0,169,"['Drama', 'Romance']",1993-09-17,9.133747,139.0,1993
35000000.0,15304890.0,6.8,827,"['Drama', 'Adventure', 'Science Fiction', 'Romance']",2006-09-06,24.606012,96.0,2006
70000000.0,11263966.0,5.3,29,"['Action', 'Comedy', 'Thriller']",1999-09-01,3.276912,101.0,1999
35000000.0,2106557.0,5.1,344,[],2012-05-17,16.830184,96.0,2012
41677699.0,187479518.0,7.5,926,"['Animation', 'Family']",2008-07-19,39.58676,100.0,2008
34000000.0,63013281.0,7.3,1064,"['Drama', 'Romance']",2015-04-09,41.946523,128.0,2015
75000000.0,19598588.0,5.4,254,"['Drama', 'Science Fiction', 'Thriller']",1999-08-26,20.697556,109.0,1999
34000000.0,52313200.5,5.3,18,"['Romance', 'Drama', 'Adventure']",2000-05-05,1.656695,114.0,2000
35000000.0,52313200.5,5.4,240,"['Comedy', 'Romance']",2012-11-29,17.932561,106.0,2012
35000000.0,27330000.0,6.5,224,"['Drama', 'History']",2013-12-06,15.50957,141.0,2013
40000000.0,243240178.0,7.1,877,['Drama'],1992-12-11,40.379966,138.0,1992
50000000.0,79958599.0,5.3,110,"['Action', 'Crime', 'Thriller']",2001-03-13,12.601306,101.0,2001
30000000.0,173959438.0,5.6,506,"['Crime', 'Comedy']",2000-05-31,24.389194,98.0,2000
34000000.0,52313200.5,6.3,121,"['Family', 'Fantasy', 'Animation', 'Adventure']",2013-12-24,12.867326,85.0,2013
30000000.0,64626786.0,4.8,469,"['Horror', 'Action', 'Thriller', 'Science Fiction']",2011-12-22,23.328823,104.0,2011
33000000.0,140470746.0,6.7,663,"['Music', 'Drama', 'Romance']",2012-07-26,29.775441,99.0,2012
33000000.0,62022014.0,5.1,497,[],2006-08-06,19.642328,105.0,2006
33000000.0,52313200.5,4.9,110,"['Mystery', 'Thriller']",2000-09-08,7.339908,96.0,2000
33000000.0,54700105.0,6.1,766,"['Action', 'Crime', 'Drama']",2004-04-15,35.099611,124.0,2004
30000000.0,27610873.0,6.6,238,['Drama'],2005-06-06,16.541791,118.0,2005
30000000.0,40346186.0,6.3,799,"['Action', 'Crime', 'Thriller']",2012-04-16,31.92695,94.0,2012
33000000.0,52313200.5,5.7,116,[],1999-04-23,9.060642,124.0,1999
32350000.0,572700000.0,7.9,4665,"['Adventure', 'Action', 'Science Fiction']",1983-05-23,46.509071,135.0,1983
30000000.0,22211426.0,5.8,363,"['Action', 'Thriller', 'Science Fiction']",2008-03-14,21.538222,108.0,2008
32000000.0,113019290.0,7.2,813,"['Drama', 'Romance']",2008-12-10,33.923786,124.0,2008
35000000.0,24159934.0,5.3,394,['Comedy'],2012-02-23,20.908494,98.0,2012
32000000.0,173398518.0,6.4,987,"['Comedy', 'Family', 'Fantasy']",2003-10-09,16.901954,97.0,2003
32000000.0,152036382.0,6.2,323,"['Drama', 'Fantasy', 'Romance', 'Science Fiction']",1996-07-05,15.039407,123.0,1996
33000000.0,52313200.5,5.3,185,"['Adventure', 'Comedy', 'Family']",2002-01-18,13.655735,99.0,2002
24000000.0,60328000.0,6.7,390,"['Fantasy', 'Comedy', 'Drama']",1988-11-22,21.620317,101.0,1988
32000000.0,80197993.0,5.6,359,"['Comedy', 'Family']",2006-06-16,14.642055,92.0,2006
32000000.0,126041322.0,6.3,2359,"['Action', 'Comedy']",2013-06-12,38.21708,107.0,2013
29000000.0,50041732.0,6.0,242,['Horror'],1999-09-10,14.993169,103.0,1999
32000000.0,48814909.0,7.0,544,['Drama'],2000-09-13,24.147269,129.0,2000
32000000.0,69055695.0,6.0,394,"['Action', 'Crime', 'Drama', 'Thriller']",2010-08-26,18.47242,107.0,2010
35000000.0,21819348.0,5.7,414,['Comedy'],2013-04-25,18.84332,90.0,2013
32000000.0,83615414.0,5.3,313,"['Crime', 'Comedy', 'Action']",2011-02-16,15.901137,107.0,2011
32000000.0,147332697.0,7.1,2699,"['Thriller', 'Science Fiction', 'Mystery']",2011-03-30,59.19888,93.0,2011
32000000.0,36733909.0,6.7,374,"['Action', 'Adventure', 'Drama', 'Thriller']",1993-01-15,14.48851,120.0,1993
30000000.0,77566815.0,6.3,1018,"['Thriller', 'Drama', 'Mystery']",2007-02-23,23.197408,101.0,2007
33000000.0,9494789.0,6.7,232,"['Adventure', 'Drama', 'Family']",2013-10-16,10.651202,105.0,2013
35000000.0,31755742.0,5.6,143,"['Action', 'Comedy']",1979-12-13,10.032626,113.0,1979
24000000.0,52313200.5,6.3,67,"['Drama', 'Family']",2005-09-10,6.048743,106.0,2005
32000000.0,60740827.0,6.9,832,"['Drama', 'Thriller', 'Crime']",2005-09-23,34.628738,96.0,2005
32000000.0,85167639.0,6.2,1061,"['Action', 'Thriller', 'Crime']",2005-08-02,47.5612,87.0,2005
32000000.0,18552460.0,6.3,427,"['Action', 'Western']",1995-02-09,16.473355,107.0,1995
28000000.0,30016165.0,5.6,104,"['Action', 'Comedy', 'Romance', 'Thriller']",2004-04-04,6.201404,90.0,2004
32000000.0,52313200.5,6.6,225,['Drama'],1999-10-22,15.560918,121.0,1999
32000000.0,18409891.0,6.2,620,"['Action', 'Science Fiction', 'Thriller', 'Crime']",2010-03-18,25.799697,111.0,2010
70000000.0,53587404.0,4.0,104,"['Fantasy', 'Drama', 'Horror', 'Action', 'Thriller', 'Science Fiction']",2007-02-08,4.822033,90.0,2007
32000000.0,52313200.5,5.4,44,"['Fantasy', 'Comedy', 'Family']",1996-09-06,3.379454,110.0,1996
30000000.0,27437881.0,5.3,724,['Comedy'],2013-03-14,26.9385,100.0,2013
32000000.0,3566637.0,7.1,24,"['Animation', 'Comedy', 'Family', 'Music']",1997-03-26,4.098444,75.0,1997
24000000.0,52313200.5,7.2,18,['Drama'],1999-12-10,4.901553,132.0,1999
32000000.0,5914908.0,5.9,86,"['War', 'Crime', 'Drama', 'Mystery', 'Romance', 'Thriller']",2006-12-08,5.347936,108.0,2006
32000000.0,52313200.5,5.0,13,['Adventure'],2004-03-28,4.120549,93.0,2004
31500000.0,89460381.0,8.0,2055,"['Drama', 'War']",1979-08-15,49.973462,153.0,1979
32000000.0,42045846.0,6.0,262,"['Comedy', 'Drama', 'Romance']",2010-09-01,13.611544,102.0,2010
24000000.0,106269971.0,6.9,113,"['Music', 'Drama', 'Family']",1995-12-29,6.775294,137.0,1995
31500000.0,14708696.0,5.7,557,['Action'],2016-04-14,27.891012,113.0,2016
31000000.0,128499205.0,7.0,279,['Drama'],1985-12-20,13.864975,161.0,1985
31000000.0,161772375.0,6.5,2415,['Drama'],2012-11-02,42.213765,138.0,2012
34000000.0,210308099.0,5.9,541,"['Action', 'Adventure', 'Thriller', 'Science Fiction']",1979-06-26,29.887404,126.0,1979
31000000.0,24185781.0,6.4,131,"['Drama', 'Mystery']",2001-09-07,7.06762,101.0,2001
31000000.0,53208180.0,6.2,433,"['Comedy', 'Horror']",1990-08-09,15.895661,103.0,1990
31000000.0,68106245.0,7.0,462,[],2000-04-28,19.258041,104.0,2000
31000000.0,104384188.0,6.2,1195,['Comedy'],2015-07-28,47.753598,99.0,2015
30250000.0,115101622.0,6.4,302,"['Comedy', 'Thriller', 'Crime']",1995-10-20,15.585138,105.0,1995
45000000.0,306776732.0,6.9,677,"['Action', 'Comedy', 'Crime', 'Drama', 'Music']",2002-12-26,32.217425,113.0,2002
34200000.0,234801895.0,6.1,875,"['Comedy', 'Drama']",1999-06-25,34.86859,93.0,1999
30000000.0,287553595.0,6.0,1344,"['Comedy', 'Romance']",2001-08-10,36.432598,108.0,2001
30000000.0,350448145.0,6.8,1783,"['Action', 'Adventure', 'Crime']",1994-06-09,49.526736,116.0,1994
30000000.0,196114570.0,7.0,1293,"['Drama', 'Romance']",2012-02-05,26.780961,104.0,2012
31000000.0,15134293.0,6.0,89,['Drama'],2010-01-21,6.487344,105.0,2010
30000000.0,136706683.0,7.4,821,['Drama'],2000-09-29,25.996219,113.0,2000
30000000.0,199200000.0,7.2,957,"['Action', 'Adventure', 'Thriller']",1990-03-02,46.212155,134.0,1990
25000000.0,115922175.0,7.2,1101,['Drama'],2013-08-16,32.105328,132.0,2013
20000000.0,167722310.0,6.2,981,['Comedy'],2004-06-18,41.156217,92.0,2004
30000000.0,191502426.0,6.7,848,"['Horror', 'Comedy', 'Fantasy']",1991-11-22,37.179547,99.0,1991
30000000.0,212385533.0,6.1,1099,"['Crime', 'Comedy', 'Adventure']",1995-11-10,34.391792,90.0,1995
37000000.0,165335153.0,6.5,1023,"['Comedy', 'Family', 'Romance']",2001-08-03,40.176265,115.0,2001
26000000.0,116400000.0,6.5,166,[],1996-09-20,10.704596,102.0,1996
30000000.0,210819611.0,7.3,3382,['Science Fiction'],2009-08-05,63.13678,112.0,2009
30000000.0,140161792.0,6.7,574,"['Animation', 'Comedy', 'Family']",2004-11-14,27.870755,104.0,2004
25000000.0,156822020.0,7.6,1422,"['Thriller', 'Crime', 'Drama', 'Mystery']",2003-10-07,31.242999,138.0,2003
30000000.0,216763646.0,7.7,2439,['Drama'],2004-12-15,70.456012,132.0,2004
80000000.0,176885658.0,6.4,503,"['Comedy', 'Crime']",1999-03-05,29.415229,103.0,1999
29000000.0,115603229.0,7.7,3067,"['Romance', 'Drama']",2004-06-25,55.109138,104.0,2004
30000000.0,160259319.0,6.1,978,[],2008-01-10,30.695228,111.0,2008
35000000.0,155545279.0,6.0,449,"['Comedy', 'Drama', 'Family', 'Music', 'Romance']",2009-04-10,13.788422,102.0,2009
30.0,103.0,6.0,100,"['Adventure', 'Animation', 'Comedy', 'Family']",2000-09-14,4.590277,78.0,2000
30000000.0,74787599.0,5.9,56,"['Drama', 'Romance']",1991-12-25,3.845231,104.0,1991
30000000.0,160638883.0,7.2,619,"['Adventure', 'Drama', 'Romance', 'War']",1994-12-16,26.952727,133.0,1994
25000000.0,163670000.0,6.7,1205,[],2009-09-05,33.704181,109.0,2009
30000000.0,105834556.0,6.7,362,"['Drama', 'Comedy']",2002-12-13,19.925026,125.0,2002
35000000.0,116980662.0,6.4,2652,"['Horror', 'Comedy', 'Romance']",2013-01-31,43.742241,97.0,2013
30000000.0,47042000.0,6.6,4697,"['Action', 'Thriller', 'Science Fiction']",2012-09-26,46.377628,118.0,2012
24000000.0,52313200.5,4.9,95,"['Fantasy', 'Comedy', 'Science Fiction', 'Romance']",2001-02-16,9.166658,87.0,2001
30000000.0,254134910.0,6.0,733,"['Fantasy', 'Drama', 'Comedy', 'Family']",1995-07-18,34.36645,89.0,1995
30000000.0,114281051.0,5.8,284,"['Drama', 'Comedy', 'Romance']",2012-08-07,12.967137,100.0,2012
30000000.0,105173115.0,6.4,1172,"['Comedy', 'Romance', 'Drama']",2008-04-17,50.670253,111.0,2008
45000000.0,92374674.0,6.7,607,"['Action', 'Crime']",2005-08-11,24.694551,109.0,2005
30000000.0,63833449.0,5.8,205,['Comedy'],2008-04-23,11.409124,99.0,2008
24000000.0,52313200.5,5.8,81,"['Drama', 'Romance']",1998-05-29,7.922716,114.0,1998
30000000.0,114663461.0,5.9,856,['Comedy'],2009-01-09,33.385429,89.0,2009
19000000.0,69631118.0,5.3,214,"['Action', 'Adventure', 'Comedy', 'Thriller']",2004-08-20,8.584398,95.0,2004
37000000.0,96455697.0,6.3,1204,"['Comedy', 'Fantasy', 'Romance']",2004-04-13,41.569541,98.0,2004
30000000.0,151119219.0,7.4,1990,"['Fantasy', 'Comedy', 'Romance']",2011-05-11,43.753585,94.0,2011
24000000.0,52313200.5,5.5,319,"['Animation', 'Comedy', 'Family', 'Adventure']",2014-01-17,18.568021,85.0,2014
53000000.0,83282296.0,7.4,1317,"['Crime', 'Drama']",2001-04-04,28.350529,124.0,2001
80000000.0,118880016.0,5.8,196,"['Romance', 'Drama']",1999-02-22,10.81051,131.0,1999
30000000.0,70200000.0,5.6,376,"['Science Fiction', 'Action', 'Adventure', 'Thriller']",1989-06-09,19.578249,107.0,1989
30000000.0,52313200.5,5.7,100,"['Comedy', 'Drama', 'Family', 'Fantasy']",2002-07-03,5.73667,99.0,2002
30000000.0,51132598.0,6.3,521,"['Comedy', 'Crime']",1994-03-18,28.624038,83.0,1994
30000000.0,152427960.0,6.0,506,"['Adventure', 'Action', 'Thriller']",1985-05-24,27.230493,131.0,1985
30000000.0,192452832.0,6.8,643,"['Adventure', 'Animation', 'Comedy', 'Family']",2005-09-04,30.380747,85.0,2005
30000000.0,156835339.0,6.9,977,"['Drama', 'Romance']",2007-11-15,29.489274,126.0,2007
30000000.0,93772522.0,5.1,123,['Comedy'],2005-01-06,8.058109,102.0,2005
30000000.0,129266061.0,7.4,1049,"['Drama', 'Romance']",2007-08-29,33.369305,104.0,2007
30000000.0,52313200.5,6.6,796,"['Comedy', 'Drama', 'Romance']",2010-05-14,16.52083,105.0,2010
30000000.0,45892212.0,6.2,243,"['Action', 'Thriller', 'Crime']",1989-09-22,11.19602,125.0,1989
30000000.0,54819301.0,4.9,140,['Comedy'],2012-04-13,14.585968,92.0,2012
40000000.0,117195061.0,7.2,1894,"['Romance', 'Fantasy', 'Animation', 'Music']",2005-09-09,43.571612,77.0,2005
24000000.0,42647449.0,7.2,144,['Drama'],2006-01-13,8.305085,118.0,2006
30000000.0,84025816.0,7.2,2416,"['Action', 'Crime', 'Drama', 'Mystery', 'Thriller']",2015-09-17,55.424027,121.0,2015
30000000.0,91709827.0,7.3,2067,"['Action', 'Drama']",2015-06-15,65.364452,123.0,2015
30000000.0,90810892.0,6.2,966,"['Horror', 'Thriller']",2009-03-15,45.083509,99.0,2009
25000000.0,65663276.0,7.4,1990,"['Fantasy', 'Drama', 'Romance']",2015-04-16,82.052056,112.0,2015
24000000.0,52313200.5,6.9,260,"['Comedy', 'Drama', 'Family']",2003-09-19,15.011624,111.0,2003
30000000.0,159291809.0,6.6,582,"['Drama', 'Romance']",2010-08-04,25.060342,107.0,2010
25000000.0,51842679.0,5.6,159,['Adventure'],2002-08-08,11.42943,104.0,2002
30000000.0,53653224.0,7.1,721,"['Comedy', 'Drama', 'Fantasy', 'Romance']",2006-09-09,32.26789,113.0,2006
30000000.0,75505973.0,6.2,767,"['Horror', 'Thriller']",2007-10-17,33.394082,113.0,2007
30000000.0,66486080.0,6.5,2263,"['Horror', 'Thriller']",2012-04-12,73.987775,95.0,2012
30000000.0,84646831.0,3.7,359,[],2008-01-24,10.608998,84.0,2008
30000000.0,38413606.0,7.2,238,"['Adventure', 'Comedy', 'Crime']",1988-07-20,12.821329,126.0,1988
27000000.0,38122105.0,6.4,703,"['Action', 'Science Fiction']",1987-11-13,30.131498,101.0,1987
25000000.0,38748395.0,6.6,384,"['Horror', 'Comedy', 'Music']",1986-12-19,12.113235,94.0,1986
30000000.0,63782078.0,6.5,1263,"['Action', 'Thriller', 'Adventure']",2011-04-07,31.191975,111.0,2011
30000000.0,51376861.0,3.8,221,[],1997-11-21,11.916389,95.0,1997
30000000.0,36160375.0,5.7,359,"['Comedy', 'Romance', 'Drama']",2011-06-30,20.355458,98.0,2011
30000000.0,82394288.0,5.8,1463,"['Drama', 'Horror']",2013-10-16,63.848541,100.0,2013
30000000.0,34742066.0,6.6,162,['Music'],2006-03-17,8.999675,108.0,2006
30000000.0,41480851.0,6.5,206,[],2006-09-15,9.278361,104.0,2006
45000000.0,52313200.5,5.1,66,"['Action', 'Comedy']",2001-05-31,7.185212,104.0,2001
30000000.0,48428063.0,6.6,1262,"['Action', 'Adventure', 'Animation', 'Science Fiction', 'Thriller']",2009-08-19,55.806402,79.0,2009
30000000.0,63372757.0,6.4,1323,"['Thriller', 'Crime', 'Drama']",2013-02-07,48.237797,104.0,2013
24000000.0,52313200.5,5.9,278,"['Comedy', 'Romance']",2004-03-28,17.943945,111.0,2004
30000000.0,14460000.0,6.8,258,"['Animation', 'Family']",2011-04-13,19.143721,63.0,2011
19000000.0,39267515.0,4.1,210,['Comedy'],2003-06-13,15.67747,85.0,2003
30000000.0,29202884.0,6.3,66,"['Comedy', 'Drama']",1998-05-15,4.52363,108.0,1998
24000000.0,31911598.0,6.4,158,"['Drama', 'Music']",2014-08-01,13.064264,139.0,2014
24000000.0,52313200.5,6.2,27,"['Drama', 'Romance']",1998-09-18,2.644427,104.0,1998
30000000.0,24048000.0,5.4,163,"['Action', 'Crime', 'Science Fiction', 'Thriller']",1995-08-04,5.301589,106.0,1995
24000000.0,60896147.0,4.8,442,"['Fantasy', 'Drama', 'Action', 'Comedy', 'Crime', 'Science Fiction']",2006-06-20,20.252143,95.0,2006
30000000.0,52313200.5,5.9,690,"['Thriller', 'Crime', 'Horror']",2014-07-01,29.359201,118.0,2014
30000000.0,108609310.0,5.8,339,"['Action', 'Thriller']",2011-02-03,20.063165,108.0,2011
35000000.0,22034832.0,5.2,112,"['Comedy', 'Romance', 'Drama']",2004-08-06,6.246199,111.0,2004
30000000.0,53909751.0,5.7,457,['Comedy'],2012-04-27,27.71063,124.0,2012
30000000.0,21800302.0,5.0,66,"['Comedy', 'Drama']",2004-06-15,2.850896,104.0,2004
30000000.0,51148651.0,6.9,905,"['Romance', 'Drama', 'Thriller', 'Crime']",2010-11-18,34.421696,133.0,2010
30000000.0,31070211.0,4.8,458,"['Science Fiction', 'Action', 'Thriller']",2006-03-03,15.89534,104.0,2006
30000000.0,35294470.0,6.0,311,['Thriller'],2005-01-19,18.706504,109.0,2005
30000000.0,19204929.0,6.0,127,"['Action', 'Drama', 'Crime', 'Thriller']",1998-02-06,9.607391,87.0,1998
25000000.0,17193231.0,5.2,47,"['Action', 'Comedy', 'Thriller']",1996-07-19,2.77255,98.0,1996
24000000.0,52313200.5,5.4,295,"['Action', 'Comedy', 'Horror', 'Thriller']",2002-07-17,17.834976,99.0,2002
30000000.0,102820008.0,6.6,1233,"['Drama', 'Comedy', 'Romance']",2010-11-22,20.236951,104.0,2010
30000000.0,16930884.0,5.7,313,"['Crime', 'Mystery', 'Thriller']",2007-02-14,16.883429,108.0,2007
35000000.0,25224242.0,6.8,125,['Drama'],2005-02-12,12.779201,126.0,2005
40000000.0,26155781.0,5.5,278,"['Comedy', 'Thriller', 'Crime']",2004-04-07,14.729386,98.0,2004
26000000.0,52313200.5,5.5,671,"['Horror', 'Thriller', 'Science Fiction']",2009-10-06,23.227877,104.0,2009
37000000.0,37962774.0,5.1,221,"['Comedy', 'Fantasy', 'Science Fiction']",1986-08-01,11.374306,110.0,1986
30000000.0,31148328.0,6.3,240,"['Thriller', 'Crime', 'Drama']",2008-09-09,10.703602,130.0,2008
30000000.0,15007991.0,5.1,202,"['Action', 'Adventure', 'Horror', 'Thriller']",2005-08-25,10.756266,97.0,2005
30000000.0,15368897.0,5.0,68,"['Comedy', 'Romance']",2003-06-16,4.352422,96.0,2003
30000000.0,13001257.0,6.7,157,"['Drama', 'Mystery', 'Romance', 'Thriller']",2004-09-03,9.301562,114.0,2004
17000000.0,24922237.0,6.0,603,"['Horror', 'Comedy']",2011-08-18,18.27083,106.0,2011
30000000.0,30536013.0,6.4,330,"['Drama', 'History', 'Romance']",2005-12-25,19.106154,135.0,2005
30000000.0,52313200.5,4.0,72,"['Action', 'Science Fiction']",1999-03-11,5.259585,100.0,1999
24000000.0,52313200.5,5.4,44,"['Drama', 'Thriller']",1999-01-15,3.226243,100.0,1999
100000000.0,52313200.5,2.9,462,"['Action', 'Adventure', 'Fantasy', 'Science Fiction', 'Thriller']",2009-04-01,21.677732,85.0,2009
30000000.0,52313200.5,5.7,1266,"['Action', 'Crime', 'Thriller']",2013-01-12,43.882857,107.0,2013
25000000.0,30114487.0,4.7,114,"['Drama', 'Horror', 'Science Fiction', 'Thriller']",2004-04-30,12.10235,102.0,2004
23000000.0,12.0,6.1,152,"['Comedy', 'Romance']",2004-01-09,3.362045,111.0,2004
30000000.0,13521829.0,4.8,131,"['Comedy', 'Animation', 'Family']",2011-04-29,10.694417,86.0,2011
30000000.0,18618284.0,6.7,161,['Drama'],2005-09-09,6.353971,108.0,2005
30000000.0,64352607.0,6.3,869,"['Adventure', 'Fantasy', 'Mystery']",2009-10-01,37.181019,123.0,2009
30000000.0,8454301.0,7.2,129,"['Comedy', 'Drama']",2010-10-26,4.952735,104.0,2010
30000000.0,62616646.0,5.5,543,"['Crime', 'Thriller', 'Drama']",2013-09-24,22.975918,91.0,2013
30000000.0,18195610.0,5.8,153,"['Action', 'Crime', 'Drama']",2001-01-12,8.359599,108.0,2001
18000000.0,26828365.0,7.4,383,['War'],1989-12-15,16.102271,122.0,1989
24000000.0,18074539.0,5.9,638,"['Thriller', 'Action', 'Crime', 'Drama']",2013-03-08,29.647844,118.0,2013
24000000.0,52313200.5,6.7,144,"['Drama', 'Romance']",2004-09-03,12.467267,138.0,2004
24000000.0,52313200.5,6.0,31,"['Crime', 'Drama', 'Thriller']",2003-04-03,2.774811,108.0,2003
24000000.0,3102550.0,5.4,29,[],2005-08-16,3.71305,80.0,2005
30000000.0,35078241.0,6.3,141,"['Drama', 'Family', 'Romance']",2006-12-03,8.386432,92.0,2006
24000000.0,52313200.5,5.0,29,"['Fantasy', 'Drama', 'Action', 'Thriller', 'Romance']",2005-12-15,3.866026,98.0,2005
21000000.0,480314.0,5.0,205,"['Adventure', 'Action', 'Thriller']",2006-09-07,12.790408,87.0,2006
30000000.0,14711793.0,7.0,776,"['Action', 'Drama', 'Western']",2007-09-02,35.53352,160.0,2007
30000000.0,108348.0,5.0,41,"['Adventure', 'Drama', 'Action', 'History', 'War']",2011-07-03,4.065212,125.0,2011
24000000.0,52313200.5,5.9,306,['Comedy'],2009-09-30,20.362025,91.0,2009
30000000.0,52313200.5,5.4,656,"['Thriller', 'Crime', 'Drama']",2015-01-14,48.0343,92.0,2015
30000000.0,2527904.0,6.4,286,"['Action', 'Thriller', 'Crime']",2011-09-23,13.268936,129.0,2011
24000000.0,52313200.5,5.5,90,"['Animation', 'Family', 'Comedy']",2010-10-07,8.010046,93.0,2010
30000000.0,52313200.5,7.0,38,"['History', 'Drama']",2007-02-11,12.257654,140.0,2007
27000000.0,52313200.5,3.0,16,['Drama'],2014-06-19,6.036684,110.0,2014
30000000.0,52313200.5,5.8,195,"['Romance', 'Drama']",2014-05-14,10.958697,103.0,2014
30000000.0,52313200.5,6.4,7,[],2015-11-12,2.625594,85.0,2015
30000000.0,52313200.5,6.6,69,"['Crime', 'Thriller']",2002-09-02,2.981047,110.0,2002
19000000.0,140752617.0,5.6,2238,"['Adventure', 'Animation', 'Comedy', 'Fantasy']",2016-07-11,66.242737,83.0,2016
29000000.0,287506194.0,6.8,1940,"['Comedy', 'Music']",2015-05-07,71.496894,115.0,2015
28000000.0,186438883.0,7.3,718,[],2005-09-13,35.580032,136.0,2005
30000000.0,37036004.0,5.9,159,['Comedy'],2000-04-14,8.085872,127.0,2000
29000000.0,52313200.5,5.8,135,"['Adventure', 'Fantasy', 'Action', 'Comedy', 'Family']",1997-12-05,10.364582,86.0,1997
24000000.0,52313200.5,7.2,328,"['Drama', 'History']",2008-10-15,16.87784,122.0,2008
30000000.0,33013805.0,6.6,275,"['Comedy', 'Crime', 'Drama', 'Romance', 'Thriller']",2002-12-30,18.165957,113.0,2002
29000000.0,16930185.0,5.0,85,"['Comedy', 'Romance']",2002-08-20,8.93941,100.0,2002
29000000.0,78636257.0,5.5,431,['Comedy'],2016-04-07,20.55509,91.0,2016
24000000.0,52313200.5,6.9,51,['Drama'],1987-11-05,3.735723,157.0,1987
24000000.0,52313200.5,6.3,26,"['Comedy', 'Drama', 'Romance']",1999-09-24,4.310168,112.0,1999
12000000.0,24829644.0,4.9,287,"['Drama', 'Horror', 'Comedy']",2004-11-11,12.653831,87.0,2004
29000000.0,21126225.0,6.8,455,"['Drama', 'Mystery', 'Thriller', 'Fantasy']",2005-03-04,24.240361,103.0,2005
28000000.0,201634991.0,7.7,1355,"['Drama', 'Music']",2015-08-13,61.76233,147.0,2015
28000000.0,333000000.0,7.1,2781,"['Adventure', 'Action']",1984-05-23,66.976776,118.0,1984
30000000.0,100491683.0,5.7,147,"['Animation', 'Family']",1998-11-20,7.981116,79.0,1998
60000000.0,105178561.0,6.1,400,"['Crime', 'Mystery', 'Thriller', 'Action']",2001-04-06,21.252797,104.0,2001
29000000.0,48902953.0,6.6,392,"['Comedy', 'Drama']",2016-05-06,19.237254,110.0,2016
29000000.0,98185582.0,6.2,594,['Action'],2003-09-11,27.555646,102.0,2003
28000000.0,140767956.0,7.5,3948,"['Action', 'Thriller']",1988-07-15,66.169628,131.0,1988
28000000.0,92380927.0,6.4,564,['Comedy'],2008-02-03,24.917665,99.0,2008
28000000.0,133346506.0,7.3,2607,"['Comedy', 'Drama']",2015-12-11,57.518472,130.0,2015
24000000.0,52313200.5,6.2,127,"['Music', 'Comedy', 'Drama']",2009-09-03,11.870161,120.0,2009
28000000.0,64445708.0,7.0,159,"['Drama', 'History']",2004-02-06,7.534003,104.0,2004
28000000.0,102356381.0,6.8,1016,"['Fantasy', 'Horror', 'Action']",2004-03-19,44.529429,101.0,2004
35000000.0,94728529.0,5.5,427,['Comedy'],2001-01-26,14.949395,103.0,2001
30000000.0,17137302.0,6.5,356,"['Animation', 'Science Fiction']",2013-09-07,14.726338,115.0,2013
21000000.0,71441250.0,7.4,1286,"['Comedy', 'Drama']",2001-10-05,24.13081,110.0,2001
30000000.0,90259536.0,7.1,1061,"['Mystery', 'Thriller']",2003-04-25,45.915165,90.0,2003
28000000.0,134402450.0,6.4,799,['Comedy'],2013-10-31,28.043508,105.0,2013
28000000.0,195312802.0,6.3,490,"['Adventure', 'Action', 'Thriller']",1981-06-23,26.090746,127.0,1981
28000000.0,77516304.0,6.6,521,"['Comedy', 'Romance']",2001-10-05,14.530803,90.0,2001
27000000.0,101646581.0,5.5,282,"['Thriller', 'Science Fiction', 'Action', 'Crime']",1994-09-15,13.308127,99.0,1994
28000000.0,60780981.0,6.1,1337,['Comedy'],2001-09-28,38.0958,89.0,2001
28000000.0,97594140.0,6.9,823,['Romance'],2013-02-07,37.729059,115.0,2013
28000000.0,39514713.0,6.4,471,"['Comedy', 'Family', 'Fantasy']",1993-07-16,18.650748,96.0,1993
28000000.0,92601050.0,6.1,327,['Comedy'],2007-07-25,15.794946,104.0,2007
28000000.0,96188903.0,7.1,4645,"['Action', 'Crime']",2010-03-22,45.054936,117.0,2010
28000000.0,40547440.0,5.6,531,"['Action', 'Adventure', 'Comedy']",2011-08-11,25.039383,83.0,2011
28000000.0,33000337.0,4.6,148,"['Thriller', 'Horror']",2000-12-22,6.756771,99.0,2000
28000000.0,100654149.0,6.1,493,"['Family', 'Comedy']",2014-10-08,22.14595,81.0,2014
28000000.0,121147947.0,7.7,1358,"['Drama', 'Romance']",2005-09-16,36.58383,135.0,2005
28000000.0,31596911.0,6.5,148,['Adventure'],1995-04-13,10.703456,139.0,1995
28000000.0,52597999.0,6.0,883,"['Action', 'Drama', 'Thriller', 'Crime']",2014-02-14,41.638961,113.0,2014
21000000.0,54926886.0,6.5,323,"['Drama', 'Crime', 'Thriller']",2007-05-25,14.518708,117.0,2007
24000000.0,52313200.5,4.5,38,"['Horror', 'Thriller']",2000-10-13,3.312385,97.0,2000
35866397.0,20217080.0,7.0,49,['Documentary'],2001-12-12,3.75074,98.0,2001
28000000.0,38159905.0,5.8,491,"['Comedy', 'Drama', 'Family', 'Fantasy', 'Romance']",2006-05-12,22.074306,103.0,2006
28000000.0,8888143.0,6.0,69,"['Drama', 'Comedy']",1999-10-01,4.436792,119.0,1999
28000000.0,45236543.0,5.5,345,"['Action', 'Comedy', 'Family']",2010-01-15,14.639324,94.0,2010
28000000.0,8345056.0,5.5,46,"['Adventure', 'Comedy', 'Family', 'Fantasy']",1997-07-11,1.767479,86.0,1997
28000000.0,14010832.0,4.8,296,"['Action', 'Horror', 'Science Fiction']",2001-08-24,13.145205,98.0,2001
28000000.0,7002261.0,5.8,195,"['Comedy', 'Drama']",2015-09-11,12.921594,108.0,2015
28000000.0,16374328.0,5.5,640,"['Romance', 'Horror', 'Comedy', 'Thriller']",2016-02-04,28.397048,108.0,2016
28000000.0,5684789.0,6.8,91,['Drama'],1997-12-25,7.039189,134.0,1997
27000000.0,17286299.0,6.2,244,"['Comedy', 'Romance', 'Drama']",2008-10-02,16.785866,110.0,2008
28000000.0,60700000.0,6.3,2224,[],2013-07-17,40.28635,103.0,2013
24000000.0,23321954.0,5.6,61,['Action'],2006-09-01,6.009644,145.0,2006
28000000.0,68896829.0,5.7,615,"['Action', 'Crime', 'Drama']",2014-04-22,25.520976,90.0,2014
27500000.0,187500000.0,6.2,527,"['Adventure', 'Action', 'Thriller']",1983-06-05,25.633663,131.0,1983
30000000.0,219076518.0,6.2,1214,"['Comedy', 'Romance', 'Drama']",2007-06-01,22.527211,129.0,2007
30000000.0,95714875.0,7.1,598,['Drama'],2009-06-26,24.09152,109.0,2009
8000000.0,27187653.0,6.9,67,"['Drama', 'Adventure', 'History']",1984-12-14,9.548391,163.0,1984
15000000.0,49469904.0,6.9,235,"['Drama', 'Romance']",2006-12-25,12.576381,92.0,2006
27500000.0,24748670.0,6.2,205,"['Drama', 'Thriller']",2007-09-07,12.741073,120.0,2007
27000000.0,96900000.0,6.7,413,"['Science Fiction', 'Action', 'Adventure', 'Thriller']",1991-12-05,16.188572,104.0,1991
27000000.0,52313200.5,5.6,65,"['Comedy', 'Drama', 'Romance']",2002-06-07,5.576937,116.0,2002
27000000.0,60527873.0,6.2,345,"['Drama', 'Mystery', 'Thriller', 'Crime']",1997-10-03,18.913,115.0,1997
27000000.0,115229890.0,7.5,1065,"['Music', 'Comedy', 'Action', 'Crime']",1980-06-17,44.714264,133.0,1980
27000000.0,44352417.0,6.0,238,"['Adventure', 'Comedy', 'Drama', 'Family']",2008-08-06,11.870301,117.0,2008
24000000.0,52313200.5,6.7,33,"['Comedy', 'Music']",2012-01-13,5.753705,117.0,2012
27000000.0,129000000.0,6.6,607,"['Drama', 'Comedy', 'Romance']",2002-04-26,28.227984,101.0,2002
27000000.0,56870414.0,5.5,247,"['Horror', 'Comedy', 'Action', 'Science Fiction', 'Thriller']",1999-07-15,11.678561,82.0,1999
27000000.0,56308881.0,7.4,1323,"['Drama', 'Thriller', 'Crime', 'Mystery']",2006-02-24,36.921445,110.0,2006
30000000.0,15395087.0,6.3,288,"['Drama', 'History', 'Thriller']",2011-10-21,16.698316,130.0,2011
27000000.0,20158808.0,7.0,1002,"['Drama', 'Family', 'Fantasy', 'Adventure']",1984-04-05,47.862016,102.0,1984
27000000.0,27200316.0,7.2,828,"['Mystery', 'Science Fiction']",1998-02-27,39.324831,100.0,1998
24000000.0,52313200.5,6.7,396,"['Drama', 'History', 'Romance']",2008-09-05,18.591657,110.0,2008
25000000.0,11137801.0,6.7,120,"['Adventure', 'Family', 'Fantasy']",1985-06-21,5.650125,109.0,1985
27000000.0,76000000.0,5.9,44,"['Crime', 'Action', 'Drama']",1998-03-26,3.123583,113.0,1998
27000000.0,29000000.0,6.1,563,[],2009-08-13,23.917982,109.0,2009
27000000.0,13000000.0,5.5,98,"['Crime', 'Thriller']",2004-08-27,8.715822,99.0,2004
24000000.0,52313200.5,6.8,79,[],2007-11-02,5.737161,106.0,2007
27000000.0,85564310.0,4.4,222,"['Family', 'Comedy', 'Action']",2011-08-18,14.788073,89.0,2011
27000000.0,93282604.0,6.5,1068,['Thriller'],2016-05-12,38.279458,98.0,2016
28.0,14.0,5.9,173,"['Thriller', 'Action', 'Comedy', 'Crime']",2001-12-07,9.670031,93.0,2001
24000000.0,4488529.0,5.9,56,"['Comedy', 'Drama']",1999-11-26,5.271559,112.0,1999
27000000.0,21148829.0,6.3,333,"['Mystery', 'Thriller', 'Crime']",2004-05-07,17.193659,106.0,2004
25000000.0,6673422.0,5.2,127,"['Comedy', 'Drama']",2008-10-17,8.31653,104.0,2008
24000000.0,52313200.5,5.9,23,"['Drama', 'Thriller']",2003-12-12,2.653988,120.0,2003
24000000.0,52313200.5,6.9,6,"['Comedy', 'Drama', 'Music']",2006-09-07,0.548435,133.0,2006
26000000.0,183293131.0,5.2,788,"['Action', 'Adventure', 'Comedy', 'Family']",2009-01-15,31.250383,91.0,2009
26000000.0,110230332.0,6.0,879,[],2003-08-03,24.345651,97.0,2003
26000000.0,109449237.0,6.2,1983,"['Comedy', 'Romance']",2005-08-11,38.473732,116.0,2005
25000000.0,289317794.0,6.8,796,"['Romance', 'History']",1998-12-11,31.792964,122.0,1998
28000000.0,53181600.0,6.2,1131,"['Crime', 'Drama', 'Mystery', 'Thriller']",2014-09-18,61.309619,113.0,2014
15000000.0,201957688.0,5.8,628,['Comedy'],1990-12-21,5.411154,111.0,1990
27000000.0,101624843.0,6.6,1148,"['Action', 'Comedy']",2008-08-06,41.832392,111.0,2008
26000000.0,65705772.0,6.8,399,"['Drama', 'Romance', 'Comedy']",1998-07-31,21.988861,121.0,1998
22000000.0,68296293.0,7.0,262,['Western'],2003-08-29,19.068175,139.0,2003
26000000.0,57891803.0,6.2,455,"['Horror', 'Thriller']",2005-08-04,8.802626,85.0,2005
26000000.0,90426405.0,5.9,1023,"['Horror', 'Mystery']",2003-01-31,37.355826,90.0,2003
26000000.0,71868327.0,7.3,1112,"['Action', 'Adventure', 'Comedy']",2000-08-30,39.742009,106.0,2000
26000000.0,67918658.0,5.2,629,['Horror'],2010-01-21,30.981604,100.0,2010
25000000.0,86175291.0,6.1,1573,"['Thriller', 'Crime', 'Action']",2013-04-18,31.893932,130.0,2013
24000000.0,52313200.5,5.9,194,"['Comedy', 'Drama', 'Romance']",2004-12-29,15.376391,109.0,2004
26000000.0,38793283.0,4.9,89,"['Adventure', 'Family', 'Science Fiction', 'Thriller']",2002-03-17,5.894163,94.0,2002
26000000.0,52313200.5,7.1,146,[],1985-07-10,10.981038,127.0,1985
26000000.0,43318349.0,6.8,633,"['Drama', 'Thriller', 'War']",2009-01-27,22.07638,104.0,2009
26000000.0,28818995.0,5.2,144,['Comedy'],2004-12-03,10.925618,100.0,2004
56000000.0,142044638.0,5.7,718,"['Comedy', 'Romance']",2011-12-08,21.219292,118.0,2011
42000000.0,35402320.0,5.8,198,"['Drama', 'Thriller', 'Mystery', 'Romance']",2001-08-03,14.831402,118.0,2001
26000000.0,29657751.0,6.1,426,"['Crime', 'Thriller', 'Mystery']",2012-03-09,22.520842,111.0,2012
30000000.0,14000000.0,4.8,54,['Comedy'],2004-02-24,3.314094,110.0,2004
26000000.0,36800000.0,4.5,110,"['Action', 'Fantasy', 'Science Fiction']",1994-11-29,7.964451,99.0,1994
26000000.0,52313200.5,5.5,34,"['Crime', 'Drama', 'Thriller']",1996-10-03,1.492056,101.0,1996
26000000.0,52313200.5,6.0,62,"['Fantasy', 'Horror']",1997-07-18,4.810621,100.0,1997
24000000.0,52313200.5,6.5,165,"['Comedy', 'Crime', 'Mystery', 'Romance', 'Thriller']",2001-08-05,9.317265,103.0,2001
26000000.0,52313200.5,3.9,95,"['Romance', 'Comedy']",2015-02-10,5.644844,100.0,2015
25530000.0,20080020.0,5.3,84,"['Adventure', 'Family']",1996-05-17,4.475007,95.0,1996
26000000.0,30523226.0,6.3,1091,"['Science Fiction', 'Mystery', 'Thriller']",2015-07-10,66.097437,116.0,2015
25000000.0,82466670.0,6.8,417,"['Drama', 'Mystery', 'Thriller']",2005-08-31,20.679652,129.0,2005
30000000.0,611899420.0,6.9,864,['Drama'],2004-02-25,38.171417,127.0,2004
25000000.0,441286195.0,7.0,1591,"['Comedy', 'Drama', 'Family']",1993-11-24,30.884535,125.0,1993
25000000.0,412800000.0,7.6,1709,['Drama'],1988-12-11,49.510658,133.0,1988
33000000.0,269958228.0,7.8,3086,[],2008-12-09,50.7453,116.0,2008
25100000.0,29506464.0,6.1,143,"['Drama', 'History']",2008-10-17,10.445391,131.0,2008
25000000.0,226830568.0,7.2,4369,"['Action', 'Thriller']",2008-02-18,80.879032,93.0,2008
26000000.0,35926213.0,7.2,765,"['Drama', 'Romance']",2014-10-16,33.93914,117.0,2014
25000000.0,411006740.0,6.1,661,"['Thriller', 'Action', 'Drama', 'Music', 'Romance']",1992-11-25,26.576385,129.0,1992
25000000.0,124272124.0,7.8,1910,['Drama'],2011-08-09,42.191509,146.0,2011
28000000.0,8555008.0,5.7,364,"['Drama', 'Thriller']",2013-10-11,20.267062,128.0,2013
24000000.0,181466833.0,5.4,500,"['Mystery', 'Fantasy', 'Adventure', 'Comedy']",2004-03-24,22.644275,93.0,2004
26000000.0,52313200.5,4.9,71,"['Thriller', 'Adventure', 'Mystery', 'Fantasy']",2014-01-30,7.182761,127.0,2014
30000000.0,114908830.0,5.8,594,['Horror'],2003-08-15,26.69592,97.0,2003
24000000.0,52313200.5,4.7,64,"['Thriller', 'Drama']",2014-09-06,7.336256,100.0,2014
25000000.0,80936232.0,5.6,231,"['Action', 'Adventure', 'Animation', 'Comedy', 'Family', 'Fantasy', 'Science Fiction']",2001-12-21,12.739721,83.0,2001
25000000.0,170764026.0,6.4,2251,"['Action', 'Thriller', 'Science Fiction']",2008-01-15,46.942396,85.0,2008
25000000.0,78000000.0,5.8,286,"['Science Fiction', 'Adventure', 'Action', 'Comedy', 'Family']",1991-03-22,15.505137,88.0,1991
25000000.0,76270454.0,7.6,1384,"['Crime', 'Drama', 'History', 'Thriller']",1987-06-02,38.272889,119.0,1987
25000000.0,171600000.0,7.7,3003,"['Crime', 'Drama', 'Thriller']",2007-11-08,53.645267,122.0,2007
25000000.0,153997819.0,6.1,853,"['Action', 'Comedy']",2014-01-07,28.468,99.0,2014
25000000.0,281929795.0,6.5,1356,"['Comedy', 'Romance', 'Drama']",2001-04-13,35.310712,97.0,2001
25000000.0,152500343.0,6.8,951,"['Comedy', 'Drama', 'Romance']",2000-12-14,28.727731,104.0,2000
45000000.0,124914842.0,5.1,377,['Comedy'],2003-07-02,4.340616,95.0,2003
25000000.0,119772232.0,5.7,210,[],2012-12-25,14.604911,104.0,2012
25000000.0,147780440.0,6.1,1331,"['Comedy', 'Romance']",2011-01-21,38.688822,107.0,2011
25000000.0,56505065.0,7.4,626,"['Action', 'Adventure', 'Drama', 'History', 'Western']",1993-12-25,30.537845,130.0,1993
25000000.0,91036760.0,6.0,330,"['Action', 'Crime', 'Thriller']",2000-03-20,19.750059,115.0,2000
2800000.0,60922980.0,7.2,476,"['Horror', 'Thriller']",1976-06-06,25.939385,111.0,1976
25000000.0,117719158.0,5.8,974,"['Horror', 'Mystery']",2006-02-10,31.64341,93.0,2006
25000000.0,99357138.0,6.8,946,"['Drama', 'Romance']",2012-04-19,26.811541,101.0,2012
60000000.0,137587063.0,7.0,1113,"['Adventure', 'Drama', 'Family']",2007-02-16,40.646102,96.0,2007
25000000.0,116766556.0,7.2,1223,['Drama'],2004-10-17,34.160448,106.0,2004
24000000.0,52313200.5,7.0,35,"['Comedy', 'Drama']",2013-12-13,5.377155,100.0,2013
25000000.0,77278331.0,6.4,1451,"['Action', 'Drama', 'Thriller']",2012-01-26,48.552871,117.0,2012
25000000.0,122644820.0,6.1,440,"['Horror', 'Mystery', 'Thriller']",2005-01-27,18.228538,101.0,2005
26000000.0,90574188.0,6.7,1493,['Comedy'],2004-07-09,29.342744,94.0,2004
25000000.0,46836394.0,8.2,3128,"['Drama', 'Crime']",1990-09-12,63.654244,145.0,1990
28000000.0,58795814.0,5.0,284,['Action'],2003-03-14,11.859396,102.0,2003
25000000.0,122489822.0,6.4,711,"['Fantasy', 'Comedy', 'Family']",2005-10-21,24.356483,97.0,2005
25000000.0,65884703.0,8.0,2948,"['Action', 'Crime', 'Drama', 'Thriller']",1983-12-08,70.105981,170.0,1983
25000000.0,52313200.5,6.3,174,"['Action', 'Adventure', 'Comedy']",1997-07-18,8.618208,97.0,1997
23000000.0,43984230.0,7.4,355,"['Drama', 'History']",1987-10-21,21.189028,163.0,1987
25000000.0,63100000.0,6.1,770,"['Thriller', 'Action', 'Drama', 'Crime']",2012-01-12,31.364901,109.0,2012
24000000.0,52313200.5,5.9,87,"['Action', 'Adventure', 'Comedy']",1997-08-22,7.615653,97.0,1997
25000000.0,77208711.0,7.9,1537,['Drama'],2007-12-28,37.817905,158.0,2007
35000000.0,52313200.5,5.8,44,"['Animation', 'Adventure', 'Family']",2002-12-20,5.784661,85.0,2002
24000000.0,52313200.5,5.6,61,"['Animation', 'Family']",2003-06-13,8.255708,84.0,2003
25000000.0,41604473.0,5.5,112,"['Action', 'Comedy']",2002-05-31,6.086083,86.0,2002
25000000.0,39053061.0,6.3,386,"['Drama', 'Comedy']",2005-06-01,17.17372,119.0,2005
25000000.0,64437847.0,6.4,298,"['Action', 'Crime', 'Thriller']",2001-07-06,16.936576,98.0,2001
25000000.0,70442940.0,5.6,529,"['Romance', 'Comedy']",2008-08-22,25.838073,97.0,2008
25000000.0,36351350.0,5.4,115,"['Comedy', 'Romance']",2005-06-02,5.625632,105.0,2005
25000000.0,38307627.0,6.6,259,['Drama'],2014-05-09,17.312433,124.0,2014
25000000.0,66980456.0,6.4,1798,"['Drama', 'Science Fiction']",2014-08-11,53.811461,94.0,2014
24000000.0,52313200.5,5.8,368,['Comedy'],2003-03-27,7.057765,105.0,2003
17000000.0,63102666.0,5.5,299,"['Horror', 'Thriller']",2003-08-08,19.045146,104.0,2003
25000000.0,59192128.0,5.5,444,"['Comedy', 'Drama', 'Romance']",2007-09-21,21.729434,101.0,2007
25000000.0,56489558.0,5.8,236,"['Action', 'Crime', 'Drama']",2003-02-28,12.837116,101.0,2003
25000000.0,41597830.0,7.0,451,['Drama'],2002-12-27,20.953265,114.0,2002
20000000.0,33889159.0,6.4,671,"['Comedy', 'Drama', 'Family', 'Romance']",2006-03-17,10.81439,105.0,2006
25000000.0,229736344.0,6.1,663,"['Family', 'Comedy']",2007-03-22,27.683874,90.0,2007
20000000.0,70992898.0,4.9,199,"['Adventure', 'Action', 'Horror', 'Science Fiction', 'Thriller']",2004-08-26,9.855474,97.0,2004
25500000.0,2415472.0,6.0,171,"['Thriller', 'Crime', 'Drama']",2013-08-22,12.756344,128.0,2013
25000000.0,66122026.0,7.1,797,['Drama'],2007-11-21,29.533437,114.0,2007
30000000.0,82150642.0,7.1,334,"['Drama', 'History']",1998-09-13,14.179538,124.0,1998
25000000.0,50671850.0,5.5,350,"['Horror', 'Comedy']",1998-10-16,14.340095,89.0,1998
25485000.0,29548291.0,6.9,147,"['History', 'Action', 'Drama', 'Adventure', 'War']",1970-01-26,9.795985,144.0,1970
25000000.0,100000000.0,4.7,123,"['Adventure', 'Fantasy', 'Drama', 'Comedy', 'Music']",1997-12-19,6.889437,93.0,1997
25000000.0,34942188.0,5.4,325,['Comedy'],2011-12-09,19.428994,81.0,2011
24000000.0,52313200.5,4.7,71,"['Action', 'Comedy', 'Music']",2009-05-22,7.326034,83.0,2009
21150000.0,39438674.0,4.7,146,"['Adventure', 'Comedy']",2001-04-12,6.081772,92.0,2001
27000000.0,25023434.0,6.7,244,['Comedy'],1996-07-04,17.329269,113.0,1996
25000000.0,39171130.0,5.7,543,"['Thriller', 'Crime', 'Drama']",2014-12-25,22.622453,111.0,2014
25000000.0,74188937.0,6.9,483,"['Comedy', 'Drama']",2013-12-26,20.561682,121.0,2013
25000000.0,27645491.0,5.9,185,"['Drama', 'Comedy', 'Family']",2005-03-17,13.288177,98.0,2005
30000000.0,42886719.0,6.5,318,['Comedy'],2005-04-22,19.212552,107.0,2005
23000000.0,46152800.0,7.2,661,"['Comedy', 'Drama', 'History']",2016-02-26,29.365851,106.0,2016
25000000.0,21567853.0,6.7,134,['Drama'],1998-05-01,10.232599,136.0,1998
25000000.0,22200000.0,6.2,183,"['Romance', 'Drama', 'Comedy']",1994-10-01,8.870614,97.0,1994
25000000.0,114977104.0,6.6,1262,"['Drama', 'Romance', 'War']",2010-02-04,19.402816,115.0,2010
25000000.0,23580000.0,6.2,515,"['Action', 'Adventure', 'Crime', 'Mystery', 'Thriller']",2010-04-23,24.903418,104.0,2010
25000000.0,36993168.0,5.4,341,"['Fantasy', 'Horror', 'Thriller']",2010-11-06,14.562197,99.0,2010
25000000.0,40452643.0,6.0,414,"['Action', 'Thriller', 'Crime']",2007-08-24,18.896239,103.0,2007
25000000.0,17000000.0,6.9,530,"['Comedy', 'Drama', 'Romance']",2002-10-25,15.960916,95.0,2002
25000000.0,20796847.0,6.5,656,['Comedy'],2004-02-20,25.848003,93.0,2004
13000000.0,52313200.5,4.6,82,"['Crime', 'Action', 'Thriller']",2002-11-15,6.337063,98.0,2002
26000000.0,52313200.5,5.4,66,"['Comedy', 'Family']",2006-12-08,10.006282,90.0,2006
24000000.0,52313200.5,4.7,28,['Drama'],1988-04-01,2.753501,107.0,1988
24000000.0,52313200.5,5.0,54,"['Animation', 'Family', 'Fantasy']",1996-07-26,6.718497,90.0,1996
25000000.0,15431177.0,6.9,110,"['Drama', 'Family']",2005-09-30,7.538513,120.0,2005
30000000.0,33333531.0,5.4,597,"['Thriller', 'Science Fiction']",2009-09-17,21.606001,115.0,2009
8000000.0,52313200.5,5.6,265,"['Drama', 'Horror']",2008-04-02,13.715715,91.0,2008
25000000.0,24362772.0,4.3,29,['Comedy'],2000-03-03,3.707511,108.0,2000
25000000.0,19829957.0,5.2,147,"['Drama', 'Horror', 'Mystery', 'Thriller']",2010-10-08,7.001176,107.0,2010
25000000.0,30411183.0,6.3,824,['Comedy'],2004-04-09,39.784026,108.0,2004
25000000.0,51702483.0,5.2,101,"['Action', 'Adventure', 'Thriller']",1996-09-13,10.115011,104.0,1996
24000000.0,52313200.5,4.4,46,"['Action', 'Comedy', 'Drama']",2002-09-13,7.321181,85.0,2002
25000000.0,42972994.0,6.7,973,"['Crime', 'Thriller']",2015-09-09,32.854557,131.0,2015
24000000.0,14334401.0,6.3,313,"['Action', 'Comedy']",2007-08-03,6.309587,88.0,2007
28000000.0,10126458.0,4.9,132,"['Horror', 'Thriller']",2011-09-02,8.363702,91.0,2011
25.0,13.0,7.0,59,['Drama'],1999-12-25,4.88794,145.0,1999
25000000.0,28831145.0,6.5,304,['Drama'],2014-04-11,14.17009,109.0,2014
25000000.0,52313200.5,6.2,135,"['Fantasy', 'Horror', 'Science Fiction', 'Thriller']",1985-06-20,12.18362,116.0,1985
25000000.0,15478800.0,6.2,137,"['Crime', 'Drama', 'History']",2010-09-10,9.169271,122.0,2010
25000000.0,13411957.0,7.0,210,['Drama'],2005-06-03,8.127728,107.0,2005
25000000.0,24902723.0,6.0,378,"['Drama', 'History']",2015-08-06,10.699952,120.0,2015
25000000.0,11000000.0,7.1,705,"['Action', 'Adventure', 'Comedy', 'Fantasy']",1986-05-30,29.796394,99.0,1986
24000000.0,52313200.5,5.6,194,"['Comedy', 'Romance']",2012-10-29,11.60921,104.0,2012
25000000.0,23057115.0,7.7,1272,"['Action', 'Drama']",2011-09-09,51.915025,140.0,2011
28000000.0,16900000.0,6.7,97,"['Drama', 'Thriller']",1996-10-25,8.314624,132.0,1996
25000000.0,11207130.0,6.1,82,"['Drama', 'War']",2008-03-28,4.002579,113.0,2008
25000000.0,10719357.0,4.6,45,"['Drama', 'Mystery', 'Thriller']",2002-10-14,3.888776,104.0,2002
25000000.0,13000000.0,6.2,111,"['Drama', 'Thriller']",1999-08-13,7.296459,100.0,1999
14000000.0,85446075.0,5.8,498,"['Horror', 'Thriller']",2012-08-30,21.680424,92.0,2012
25000000.0,10070000.0,5.3,25,"['Comedy', 'Romance', 'Drama']",1996-04-19,7.946769,105.0,1996
25000000.0,10324441.0,5.5,144,"['Drama', 'Thriller']",2011-09-16,7.473455,110.0,2011
25000000.0,11772461.0,6.4,60,"['Comedy', 'Drama']",2006-10-14,5.073536,116.0,2006
24000000.0,52313200.5,5.7,34,"['Action', 'Crime', 'Thriller']",1991-05-17,3.623002,92.0,1991
32000000.0,27635305.0,6.8,1087,"['Adventure', 'Drama']",2009-11-25,41.075532,111.0,2009
25000000.0,5778353.0,5.0,22,"['Action', 'Adventure', 'Comedy', 'Fantasy', 'Science Fiction']",1984-08-17,4.020194,117.0,1984
24000000.0,52313200.5,5.5,28,[],2005-09-02,2.083856,95.0,2005
25000000.0,52313200.5,4.8,47,"['Comedy', 'Romance']",2001-03-12,2.909346,95.0,2001
25000000.0,52313200.5,7.3,166,['Drama'],2005-10-12,8.450513,127.0,2005
25000000.0,4064495.0,5.5,138,"['Action', 'Comedy', 'Fantasy', 'Science Fiction']",1995-03-31,8.186936,98.0,1995
24000000.0,52313200.5,5.1,14,"['Comedy', 'Crime']",2005-04-22,5.079017,95.0,2005
25000000.0,19844979.0,6.4,387,"['Drama', 'Mystery', 'Science Fiction', 'Thriller']",2008-05-14,17.603823,121.0,2008
25000000.0,2405420.0,3.5,118,"['Action', 'Adventure', 'Fantasy', 'Horror']",2005-10-22,7.008216,95.0,2005
25000000.0,27603069.0,7.0,738,[],2011-09-16,20.011435,80.0,2011
25000000.0,52313200.5,5.9,66,"['Drama', 'Mystery', 'Thriller']",2005-10-07,4.051221,107.0,2005
24000000.0,34153101.0,6.1,58,"['Fantasy', 'Family']",2012-11-09,5.987486,91.0,2012
25000000.0,777423.0,6.2,19,['Drama'],1998-09-11,3.849873,117.0,1998
25000000.0,2336172.0,6.6,49,"['Comedy', 'Drama', 'Romance']",2009-11-25,3.593165,114.0,2009
13500000.0,19255873.0,7.7,704,"['Drama', 'Romance', 'Crime', 'Mystery']",2013-01-01,30.058263,124.0,2013
25000000.0,10589102.0,6.0,326,"['Drama', 'Crime']",2009-09-11,17.339852,122.0,2009
24000000.0,52313200.5,5.6,151,"['Animation', 'Family']",2010-08-03,15.805449,88.0,2010
25000000.0,48531470.0,7.1,380,"['Comedy', 'Drama']",2010-10-20,15.279021,154.0,2010
24000000.0,52313200.5,6.0,21,['Drama'],2010-06-30,5.000126,117.0,2010
24000000.0,52313200.5,3.8,7,"['Family', 'Adventure', 'Animation']",2009-04-01,1.684948,82.0,2009
25000000.0,6500000.0,6.3,10,"['Family', 'Animation']",2010-03-18,5.753564,104.0,2010
25000000.0,71009334.0,5.0,712,"['Thriller', 'Crime', 'Drama']",2013-10-25,35.022029,117.0,2013
25000000.0,52313200.5,6.2,227,"['Romance', 'Adventure', 'Action', 'History']",2011-03-03,12.31708,121.0,2011
25000000.0,3052000.0,7.0,31,"['History', 'Action', 'Drama']",1970-10-26,1.894749,128.0,1970
25000000.0,52313200.5,6.5,114,"['Crime', 'Action', 'Thriller']",2014-10-31,6.895866,100.0,2014
25000000.0,52313200.5,4.1,26,"['Action', 'Thriller']",2014-03-12,3.344158,100.0,2014
14000000.0,34670720.0,7.0,257,[],1988-12-16,14.480628,119.0,1988
25000000.0,8784318.0,5.5,301,"['Adventure', 'Drama']",2012-05-22,14.613152,137.0,2012
24000000.0,133000000.0,6.9,477,"['Science Fiction', 'Adventure']",1986-11-25,22.258428,119.0,1986
24000000.0,155721132.0,6.5,835,['Drama'],2006-12-20,30.445257,102.0,2006
24000000.0,172363301.0,6.1,840,"['Horror', 'Mystery']",1997-12-09,35.244037,120.0,1997
25000000.0,1397284.0,5.4,285,"['Action', 'Drama', 'Western']",2016-01-01,15.333575,98.0,2016
24000000.0,70181428.0,6.4,225,"['Comedy', 'Romance']",2014-06-20,15.237142,105.0,2014
41300000.0,106371651.0,6.2,531,"['Comedy', 'Crime']",2000-02-18,23.441135,98.0,2000
8200000.0,80035402.0,6.4,505,"['Drama', 'Family', 'Music', 'Romance']",1984-02-17,25.03414,107.0,1984
24000000.0,87055349.0,6.6,541,['Comedy'],2003-02-21,24.70166,91.0,2003
24000000.0,41895491.0,7.2,341,"['Comedy', 'Drama']",1991-09-09,16.146572,137.0,1991
65000000.0,40002112.0,5.1,374,"['Horror', 'Mystery', 'Thriller']",1998-11-13,20.793026,100.0,1998
24000000.0,36609995.0,6.1,67,"['Romance', 'Comedy', 'Drama']",2000-04-07,5.771479,115.0,2000
24000000.0,42105111.0,6.1,721,['Comedy'],2008-09-18,27.326466,102.0,2008
24000000.0,52313200.5,5.9,111,"['Comedy', 'Crime', 'Thriller']",2000-09-08,3.572339,108.0,2000
24000000.0,68729358.0,5.9,742,"['Comedy', 'War']",2009-10-17,20.69219,93.0,2009
24000000.0,52313200.5,5.5,24,"['Adventure', 'Drama', 'Action', 'Comedy', 'Romance']",2001-01-12,1.903405,88.0,2001
40000000.0,52313200.5,7.6,721,['Drama'],1999-12-21,10.713521,127.0,1999
17000000.0,16980098.0,5.5,160,"['Comedy', 'Romance']",2004-01-23,7.701041,95.0,2004
24000000.0,16290976.0,5.8,92,[],1999-07-14,6.589193,87.0,1999
24000000.0,21049053.0,5.9,58,"['Adventure', 'Family', 'Fantasy', 'Music']",1978-10-24,2.753313,104.0,1978
24000000.0,12372410.0,4.7,49,"['Action', 'Comedy', 'Drama']",2000-04-07,3.113009,107.0,2000
24000000.0,8434146.0,5.7,53,"['Comedy', 'Drama']",1999-12-25,5.566203,124.0,1999
24000000.0,30551495.0,5.0,141,"['Romance', 'Comedy']",2011-09-16,8.630825,89.0,2011
24000000.0,83188165.0,5.3,581,"['Comedy', 'Horror']",2010-08-20,23.343839,88.0,2010
23000000.0,52313200.5,6.5,55,"['Drama', 'Music']",2004-12-17,6.138213,118.0,2004
24000000.0,4562146.0,4.1,19,"['Animation', 'Comedy', 'Family']",1998-03-27,2.353441,93.0,1998
28000000.0,669276.0,6.8,26,"['Adventure', 'Fantasy', 'Animation', 'Science Fiction', 'Family']",1993-09-23,2.439184,72.0,1993
24000000.0,52313200.5,5.4,15,"['Romance', 'Drama']",2004-01-01,0.515677,120.0,2004
24000000.0,23081726.0,6.1,568,"['Crime', 'Drama', 'Action', 'Thriller']",2010-11-23,26.324874,98.0,2010
24000000.0,234710455.0,8.2,1991,"['Fantasy', 'Animation', 'Adventure']",2004-11-19,49.549984,119.0,2004
23600000.0,102391382.0,7.2,3550,"['Comedy', 'Horror']",2009-10-07,57.300674,88.0,2009
23000000.0,185991646.0,5.9,512,['Comedy'],1998-11-06,23.839127,90.0,1998
19000000.0,141407024.0,6.5,1699,"['Action', 'Comedy', 'Crime', 'Thriller']",1995-04-07,33.872182,118.0,1995
23000000.0,86930411.0,6.6,546,"['Comedy', 'Crime']",1991-06-28,27.33256,85.0,1991
23000000.0,53302314.0,6.4,1378,['Horror'],2000-03-16,38.799596,98.0,2000
12500000.0,75993061.0,6.5,910,['Drama'],2011-09-24,20.317469,104.0,2011
23000000.0,53187659.0,6.7,1789,"['Thriller', 'Science Fiction', 'Action']",2000-02-18,18.493202,108.0,2000
23000000.0,52313200.5,6.0,118,"['Comedy', 'Romance']",2001-03-30,7.901891,97.0,2001
23000000.0,47351251.0,7.9,4097,"['Romance', 'Science Fiction', 'Drama']",2013-12-18,53.682367,104.0,2013
23000000.0,36642838.0,6.3,325,"['Mystery', 'Thriller', 'Drama']",2001-10-05,11.183197,97.0,2001
25000000.0,6399.0,5.1,73,"['Fantasy', 'Adventure', 'Family']",2013-12-05,8.842722,99.0,2013
23000000.0,18653615.0,5.9,66,"['Drama', 'Comedy', 'Romance']",1999-11-12,8.976738,114.0,1999
24000000.0,52313200.5,6.4,11,[],2000-08-21,2.634119,88.0,2000
23000000.0,33372606.0,5.6,505,"['Action', 'Thriller']",2011-11-06,26.257951,93.0,2011
23000000.0,51881013.0,3.5,224,"['Adventure', 'Thriller']",1987-07-17,12.777008,89.0,1987
24000000.0,52313200.5,6.6,124,['Drama'],1996-12-18,6.130231,98.0,1996
24000000.0,52313200.5,6.5,11,"['Drama', 'Family']",2008-08-22,4.030724,94.0,2008
23000000.0,10827816.0,6.6,55,['Drama'],1999-12-03,6.921263,102.0,1999
23000000.0,7434726.0,6.1,82,"['Action', 'Thriller']",1991-08-23,12.869436,98.0,1991
23000000.0,29541790.0,6.6,261,"['History', 'Drama', 'Thriller', 'Crime', 'Mystery']",2007-08-31,15.676123,124.0,2007
24000000.0,52313200.5,6.6,246,"['Drama', 'History']",2009-04-22,8.426589,110.0,2009
11000000.0,52313200.5,5.8,101,"['Western', 'Drama']",2015-09-16,11.071522,90.0,2015
23000000.0,9366227.0,5.9,56,"['Drama', 'Comedy', 'Romance']",2009-02-10,5.494047,86.0,2009
23000000.0,16123851.0,5.5,73,"['Drama', 'Romance']",2004-09-01,6.618149,141.0,2004
23000000.0,5837674.0,6.5,57,"['Drama', 'Action', 'History']",2009-12-18,7.876883,139.0,2009
25000000.0,94679598.0,6.5,1343,"['Horror', 'Thriller']",2007-07-12,35.169779,104.0,2007
22700000.0,38119483.0,6.7,902,"['Comedy', 'Science Fiction']",1987-06-24,39.890798,96.0,1987
22500000.0,15520023.0,6.8,431,"['War', 'Drama']",2014-12-25,22.096286,112.0,2014
22000000.0,505000000.0,6.9,1339,"['Fantasy', 'Drama', 'Thriller', 'Mystery', 'Romance']",1990-07-12,41.967005,127.0,1990
23000000.0,369884651.0,6.5,1590,"['Romance', 'Comedy']",1998-07-15,57.110486,119.0,1998
22000000.0,189833357.0,6.3,489,[],1994-11-10,16.234053,97.0,1994
20000000.0,75597042.0,6.5,110,"['Drama', 'Family']",2002-03-25,11.263361,127.0,2002
22000000.0,147880543.0,6.0,428,"['Comedy', 'Family']",2007-09-28,20.699212,110.0,2007
24000000.0,182016617.0,7.3,385,"['Drama', 'Romance']",1995-05-28,17.606087,135.0,1995
22000000.0,84772742.0,4.6,304,[],2001-06-01,13.786075,84.0,2001
22000000.0,88880821.0,7.3,508,['Drama'],2014-08-06,27.898438,122.0,2014
22000000.0,110627965.0,5.6,354,"['Crime', 'Drama', 'Mystery', 'Thriller', 'Action']",1995-07-28,23.218144,114.0,1995
22000000.0,92542418.0,7.2,530,['Drama'],2001-12-28,26.071644,132.0,2001
22000000.0,67800064.0,5.9,83,['Drama'],2014-02-28,9.175762,138.0,2014
22000000.0,95708457.0,6.6,2512,"['Fantasy', 'Action', 'Thriller']",2003-09-19,81.829237,121.0,2003
22000000.0,57479076.0,6.1,319,"['Drama', 'Thriller']",2005-11-11,17.7091,108.0,2005
22000000.0,35424826.0,6.0,301,"['Drama', 'Comedy', 'Crime']",2009-09-18,17.772518,108.0,2009
22000000.0,52313200.5,6.8,61,"['Drama', 'Romance']",1993-12-25,5.609755,131.0,1993
22000000.0,22400154.0,4.7,225,['Comedy'],2005-08-06,10.259461,83.0,2005
26000000.0,51164106.0,6.2,551,['Comedy'],2013-10-10,30.114383,105.0,2013
24000000.0,9930095.0,6.0,160,['Thriller'],2016-05-05,10.547959,108.0,2016
22000000.0,19351569.0,5.4,154,"['Comedy', 'Crime', 'Romance']",2001-02-09,12.887673,90.0,2001
22000000.0,77112176.0,6.0,223,[],2012-08-02,13.410919,104.0,2012
24000000.0,52313200.5,6.3,112,"['Thriller', 'Drama', 'Crime', 'Romance']",1999-07-02,3.70789,142.0,1999
22000000.0,33788161.0,6.4,480,['Comedy'],2001-08-22,21.865021,104.0,2001
30000000.0,23619609.0,5.4,201,"['Drama', 'Thriller']",2001-09-14,9.448517,106.0,2001
22000000.0,63647656.0,5.7,1309,"['Comedy', 'Drama', 'Mystery']",2016-02-05,39.006187,106.0,2016
22000000.0,52313200.5,5.3,72,"['Comedy', 'Music']",2001-04-06,6.404571,98.0,2001
22000000.0,43058898.0,6.4,875,"['Action', 'Thriller']",2013-11-27,35.737655,100.0,2013
22000000.0,13555988.0,6.1,77,[],2000-10-27,4.365196,95.0,2000
22000000.0,52313200.5,6.2,239,"['Comedy', 'Romance']",2004-09-10,14.925633,106.0,2004
22000000.0,10696210.0,4.2,305,"['Action', 'Adventure', 'Crime', 'Science Fiction', 'Thriller']",1993-04-17,14.725467,104.0,1993
24000000.0,52313200.5,3.6,8,"['Action', 'Science Fiction', 'Thriller']",2001-09-07,0.809588,104.0,2001
24000000.0,52313200.5,4.9,8,"['Drama', 'Comedy', 'Thriller', 'Music', 'Romance']",1970-01-01,0.816883,107.0,1970
70000000.0,52313200.5,3.8,48,"['Comedy', 'Family', 'Romance']",1999-08-27,8.792054,104.0,1999
25000000.0,72629670.0,5.2,559,"['Thriller', 'Action', 'Crime']",2015-09-03,25.002715,96.0,2015
24000000.0,52313200.5,5.9,128,"['Drama', 'Romance']",2004-09-16,7.588597,114.0,2004
21000000.0,26193068.0,7.2,277,"['Drama', 'Thriller', 'War']",2006-09-01,13.906611,145.0,2006
22000000.0,17709155.0,7.2,212,"['Romance', 'Drama', 'History', 'War', 'Music']",2005-11-09,13.960945,104.0,2005
2000000.0,14400000.0,5.5,224,"['Action', 'Comedy', 'Romance']",2012-08-22,16.668854,100.0,2012
24000000.0,52313200.5,5.9,140,"['Action', 'Comedy', 'Crime']",2008-01-17,6.847133,104.0,2008
22000000.0,15447154.0,6.2,659,"['Mystery', 'Thriller']",2014-09-03,48.784734,92.0,2014
22000000.0,12000000.0,7.4,98,"['Action', 'Thriller', 'Adventure']",1977-06-24,9.088209,121.0,1977
22000000.0,9479718.0,5.2,192,['Drama'],2010-10-07,12.445176,105.0,2010
24000000.0,52313200.5,6.7,45,"['Romance', 'Drama', 'Comedy']",2007-01-31,4.61335,115.0,2007
22000000.0,15400000.0,6.5,720,"['Thriller', 'Drama', 'Crime']",2013-12-06,29.230298,116.0,2013
25000000.0,92991835.0,6.5,501,"['Drama', 'Mystery', 'Crime']",2007-09-28,18.961323,104.0,2007
24000000.0,52313200.5,6.3,46,"['Comedy', 'Drama']",1996-12-20,2.809378,101.0,1996
21500000.0,52313200.5,7.0,239,"['Drama', 'Thriller', 'Mystery']",1999-03-19,12.819447,117.0,1999
22000000.0,24000000.0,6.0,122,"['Animation', 'Adventure', 'Romance']",2013-07-18,14.866351,106.0,2013
17000000.0,73244881.0,5.6,546,"['Romance', 'Comedy']",2012-04-20,15.013386,111.0,2012
18000000.0,70687344.0,5.5,139,"['Science Fiction', 'Action', 'Adventure', 'Thriller']",1982-06-13,8.700565,136.0,1982
21000000.0,52313200.5,7.1,893,"['Animation', 'Comedy', 'Music']",1999-06-30,27.197799,81.0,1999
9000000.0,46.0,6.9,497,"['Comedy', 'Drama']",2007-02-09,20.410354,90.0,2007
21000000.0,42000000.0,5.1,184,"['Action', 'Adventure', 'Comedy', 'Family', 'Fantasy', 'Science Fiction']",1993-03-17,10.207065,96.0,1993
32000000.0,40222729.0,6.3,123,"['Comedy', 'Romance']",2001-09-14,5.683281,106.0,2001
21000000.0,205738714.0,6.9,4742,"['Drama', 'Comedy', 'Romance']",2012-09-08,63.599973,122.0,2012
21000000.0,41170784.0,7.5,356,"['Crime', 'Drama']",2007-01-05,17.746981,123.0,2007
24000000.0,37000000.0,7.0,22,['Drama'],2010-11-05,1.934524,134.0,2010
21000000.0,43928932.0,6.6,1692,"['Action', 'Crime', 'Thriller']",2002-10-02,34.433521,92.0,2002
20000000.0,41627431.0,6.4,497,"['Drama', 'Action']",2008-03-04,26.21425,115.0,2008
21000000.0,17762705.0,5.1,76,"['Horror', 'Thriller', 'Science Fiction']",1999-03-11,4.781538,104.0,1999
17000000.0,14899417.0,6.7,189,"['Drama', 'Comedy', 'Romance']",2009-06-05,10.13559,98.0,2009
21000000.0,17600000.0,5.8,65,"['Drama', 'Comedy']",2008-08-01,5.815881,120.0,2008
21000000.0,10011050.0,6.5,52,"['Romance', 'Drama']",2002-09-09,8.982335,117.0,2002
30000000.0,52313200.5,6.6,840,"['Drama', 'Thriller', 'Mystery']",2011-09-16,33.649652,127.0,2011
24000000.0,52313200.5,5.5,14,"['Drama', 'Comedy', 'Romance']",1999-10-22,2.636193,102.0,1999
21000000.0,970816.0,6.3,276,['Drama'],2011-02-11,13.847872,91.0,2011
35000000.0,69701637.0,5.9,41,['Comedy'],1982-07-23,4.189378,114.0,1982
15000000.0,2856712.0,6.7,475,"['Action', 'Thriller', 'Science Fiction', 'Horror']",1999-04-14,21.928025,97.0,1999
18000000.0,389925971.0,7.7,3854,"['Adventure', 'Action']",1981-06-12,68.159596,115.0,1981
18000000.0,358991681.0,6.3,2395,"['Comedy', 'Family', 'Adventure', 'Crime']",1992-11-19,81.487685,120.0,1992
20000000.0,303788635.0,7.2,1098,"['Science Fiction', 'Drama']",1977-11-16,52.456505,135.0,1977
38000000.0,29907685.0,5.0,150,"['Horror', 'Thriller']",2006-08-11,9.662715,90.0,2006
20000000.0,299965036.0,6.1,613,"['Action', 'Comedy', 'Crime']",1987-05-18,25.28436,100.0,1987
20000000.0,132675402.0,5.4,183,['Comedy'],2003-03-07,8.351385,105.0,2003
19000000.0,272742922.0,8.1,4443,"['Crime', 'Drama', 'Thriller']",1991-02-01,18.174804,119.0,1991
20000000.0,121697323.0,6.5,728,"['Music', 'Comedy']",1992-02-14,21.815122,94.0,1992
20000000.0,117224271.0,6.4,428,"['Comedy', 'Documentary', 'Action']",2010-10-15,20.99174,94.0,2010
20000000.0,187884007.0,5.9,406,"['Horror', 'Thriller']",1978-06-16,19.636044,104.0,1978
20000000.0,149281606.0,4.9,209,"['Adventure', 'Comedy', 'Family']",2008-10-03,12.25264,91.0,2008
13000000.0,318000141.0,7.4,3092,"['Horror', 'Thriller']",2013-07-18,49.975409,112.0,2013
32000000.0,97918663.0,5.2,221,[],2005-01-20,13.590677,95.0,2005
20000000.0,100525432.0,5.0,500,['Comedy'],2014-07-02,21.657563,97.0,2014
35000000.0,131282949.0,6.7,1414,"['Comedy', 'Music']",2003-10-03,43.057323,108.0,2003
18000000.0,122195920.0,5.4,442,"['Action', 'Fantasy']",1995-08-18,16.470895,101.0,1995
37000000.0,113086475.0,6.3,679,['Comedy'],2004-06-23,28.703007,109.0,2004
20000000.0,177243185.0,6.7,934,"['Comedy', 'Drama']",2011-09-09,40.903931,115.0,2011
20000000.0,52313200.5,6.7,383,"['Adventure', 'Family', 'Drama', 'Comedy']",2003-04-18,22.001408,117.0,2003
24000000.0,52313200.5,6.9,923,"['Drama', 'Family', 'Romance']",2010-03-31,23.139971,107.0,2010
20000000.0,57588485.0,6.2,116,"['Drama', 'Romance', 'Comedy', 'Music']",2002-12-13,4.748929,118.0,2002
20000000.0,60072596.0,6.1,29,"['Comedy', 'Romance']",2010-04-02,2.986286,121.0,2010
20000000.0,53000000.0,7.5,3601,"['Fantasy', 'Drama', 'Romance']",1990-12-05,47.51363,105.0,1990
20000000.0,207945075.0,7.6,2562,"['Drama', 'Romance']",2016-06-02,53.161905,110.0,2016
24000000.0,52313200.5,5.9,52,"['Drama', 'Comedy', 'Crime']",2012-06-29,7.050951,104.0,2012
1800000.0,41158757.0,7.4,422,"['Action', 'Crime', 'Thriller']",1971-10-09,15.978136,104.0,1971
20000000.0,183936074.0,6.3,1252,['Comedy'],2016-07-28,42.512296,104.0,2016
20000000.0,48548426.0,3.6,222,['Comedy'],2006-02-17,10.098722,83.0,2006
20000000.0,109862682.0,6.1,290,"['Adventure', 'Fantasy', 'Animation', 'Family']",2002-02-14,15.341196,72.0,2002
20000000.0,66787908.0,7.4,817,"['History', 'Drama']",2014-12-25,29.023184,127.0,2014
20000000.0,135680000.0,5.6,269,"['Family', 'Animation', 'Adventure']",2003-02-07,19.819893,72.0,2003
20000000.0,67192859.0,4.6,191,"['Thriller', 'Horror', 'Drama', 'Mystery']",2005-02-04,11.62423,89.0,2005
20000000.0,84146832.0,5.8,381,"['Thriller', 'Drama', 'Mystery']",2007-02-08,22.049787,96.0,2007
30000000.0,45554533.0,6.3,143,[],2000-02-11,9.829859,104.0,2000
20000000.0,41596251.0,6.7,1261,"['Horror', 'Thriller', 'Mystery']",2009-07-24,29.295801,123.0,2009
20000000.0,43967255.0,6.8,276,"['Adventure', 'Drama', 'Family']",2015-06-26,14.136476,111.0,2015
20000000.0,86865564.0,3.2,326,"['Action', 'Adventure', 'Comedy']",2007-01-25,6.064638,86.0,2007
20000000.0,88346473.0,7.8,2686,"['Drama', 'Thriller', 'History']",2015-11-06,41.503588,128.0,2015
20000000.0,27640028.0,5.9,292,"['Drama', 'Crime', 'Thriller']",2008-09-19,20.495749,110.0,2008
20000000.0,39143839.0,5.2,283,"['Horror', 'Thriller']",2006-10-13,13.906944,102.0,2006
20000000.0,37672350.0,6.0,24,"['Comedy', 'Drama', 'Romance']",1998-08-14,2.003047,124.0,1998
24000000.0,52313200.5,5.9,308,"['Adventure', 'Comedy', 'Family', 'Fantasy', 'Science Fiction']",1991-07-19,11.349664,98.0,1991
20000000.0,41237648.0,5.8,129,[],2006-10-09,11.203335,115.0,2006
20000000.0,35841901.0,6.1,131,"['Adventure', 'Family', 'Science Fiction', 'Action']",1979-12-18,8.265317,98.0,1979
20000000.0,65464324.0,5.8,481,"['Crime', 'Drama', 'Thriller']",2010-08-31,18.632156,104.0,2010
20000000.0,60000000.0,7.0,114,['Drama'],1997-03-21,6.92592,127.0,1997
20000000.0,80547866.0,4.2,315,[],2010-08-18,17.165039,82.0,2010
25000000.0,135330182.0,6.9,1055,['Drama'],2006-09-08,25.785925,143.0,2006
19800000.0,41296320.0,6.5,505,"['Drama', 'Comedy']",2014-09-10,20.311684,103.0,2014
20000000.0,50907234.0,7.0,435,"['Drama', 'Mystery']",2008-11-27,20.975165,104.0,2008
32000000.0,50907422.0,6.6,660,"['Music', 'Adventure', 'Animation', 'Action', 'Comedy']",2004-10-10,26.509175,98.0,2004
20000000.0,47241945.0,5.3,465,"['Horror', 'Thriller']",2013-01-03,26.497025,92.0,2013
24000000.0,52313200.5,6.4,194,"['Drama', 'Thriller']",1995-10-27,14.211699,124.0,1995
20000000.0,78378744.0,4.6,793,['Comedy'],2013-04-11,36.819044,86.0,2013
20000000.0,31678778.0,6.2,63,"['Drama', 'Action', 'Comedy', 'Western', 'Music']",1969-10-15,7.902536,158.0,1969
20000000.0,54586584.0,7.1,612,"['History', 'Drama']",2008-11-26,30.909699,128.0,2008
20000000.0,46069568.0,5.7,295,['Action'],2016-02-19,16.663797,107.0,2016
35000000.0,68349884.0,5.3,531,"['Horror', 'Mystery', 'Thriller']",2002-10-25,27.724913,91.0,2002
19000000.0,35387212.0,6.0,328,['Comedy'],2011-11-04,17.971883,108.0,2011
20000000.0,67200000.0,6.3,444,[],1998-03-20,25.041992,108.0,1998
24000000.0,52313200.5,5.4,167,"['Horror', 'Thriller', 'Mystery']",2009-10-16,7.924428,101.0,2009
20000000.0,45636368.0,6.3,257,"['Drama', 'Thriller']",2010-04-11,14.857884,113.0,2010
30000000.0,47126295.0,7.0,628,"['Comedy', 'Drama', 'Romance', 'Music']",2000-03-17,23.982956,113.0,2000
20000000.0,52313200.5,4.7,171,"['Horror', 'Mystery', 'Thriller']",2008-01-04,12.458131,87.0,2008
20000000.0,52313200.5,5.8,63,[],1996-01-12,3.996392,101.0,1996
20000000.0,64822796.0,6.6,697,[],2008-02-28,30.387754,112.0,2008
20000000.0,72258126.0,7.9,3652,"['Science Fiction', 'Drama', 'Romance']",2004-03-19,56.481487,108.0,2004
20000000.0,32005248.0,6.0,368,"['Comedy', 'Romance']",2010-09-24,19.962713,105.0,2010
20000000.0,65569869.0,6.3,363,"['Action', 'Crime', 'Drama', 'Thriller']",2008-04-10,18.666876,109.0,2008
20000000.0,46089287.0,6.7,1778,"['Comedy', 'Action', 'Science Fiction']",2013-07-18,55.964605,109.0,2013
24000000.0,52313200.5,5.8,143,"['Action', 'Adventure', 'Crime', 'Family', 'Mystery', 'Thriller']",2007-06-15,5.0348,99.0,2007
20000000.0,51416464.0,6.0,634,"['Fantasy', 'Horror', 'Action', 'Thriller', 'Science Fiction']",2009-01-06,28.019226,98.0,2009
20000000.0,49779728.0,5.9,525,"['Comedy', 'Romance']",2010-03-11,16.176976,104.0,2010
20000000.0,17425000.0,6.0,593,"['Adventure', 'Comedy', 'Romance']",2011-07-01,17.237143,109.0,2011
9000000.0,27105095.0,5.3,155,"['Horror', 'Thriller']",2006-03-24,4.34503,100.0,2006
24000000.0,52313200.5,6.5,119,"['Romance', 'Action', 'Adventure', 'Western', 'Drama']",1990-10-17,11.360997,119.0,1990
20000000.0,39300000.0,5.3,124,"['Family', 'Animation']",2010-09-17,12.300789,88.0,2010
20000000.0,37597471.0,5.2,288,"['Action', 'Adventure', 'Fantasy', 'Horror', 'Science Fiction', 'Thriller']",2006-09-08,15.804814,97.0,2006
24000000.0,52313200.5,6.3,148,"['Comedy', 'Drama']",2006-04-21,9.750557,105.0,2006
40000000.0,28972508.0,5.1,44,"['Comedy', 'Family']",2009-08-21,4.100942,89.0,2009
20000000.0,21284514.0,6.7,175,"['Fantasy', 'Drama', 'Comedy', 'Thriller']",1995-05-20,12.309715,106.0,1995
20000000.0,83707310.0,7.1,2181,[],2016-07-27,62.933899,96.0,2016
20000000.0,20211394.0,6.3,299,"['Drama', 'Western', 'Crime']",2008-09-12,16.074397,115.0,2008
20000000.0,52313200.5,5.8,255,"['Action', 'Drama', 'Fantasy', 'Horror', 'Thriller']",1998-04-15,17.016284,108.0,1998
20000000.0,36620508.0,5.4,220,"['Romance', 'Comedy']",2008-09-19,17.145287,101.0,2008
20000000.0,34077920.0,6.7,542,"['Drama', 'Romance']",2014-02-12,27.256849,103.0,2014
20000000.0,52313200.5,5.6,130,"['Comedy', 'Drama', 'Romance']",2007-05-11,7.878177,113.0,2007
20000000.0,2297493.0,4.9,7,['Comedy'],1981-07-31,0.173964,98.0,1981
20000000.0,18432000.0,6.8,260,"['Adventure', 'Drama', 'Fantasy', 'Romance']",1985-03-27,14.370111,121.0,1985
20000000.0,18253415.0,6.5,52,"['Comedy', 'Drama', 'Family']",1998-09-11,11.090254,114.0,1998
20000000.0,22222308.0,7.1,334,['Drama'],2007-03-23,20.82778,124.0,2007
15000000.0,56255142.0,7.8,3045,"['Adventure', 'Drama']",2007-09-11,43.644978,148.0,2007
20000000.0,17807569.0,5.6,111,"['Comedy', 'Drama', 'Romance']",2006-09-29,8.244324,100.0,2006
20000000.0,52302796.0,5.0,432,"['Thriller', 'Horror', 'Mystery']",2012-10-10,23.292761,94.0,2012
19000000.0,25836616.0,6.9,1603,"['Horror', 'Action', 'Thriller', 'Crime']",1996-01-19,64.181668,108.0,1996
24000000.0,52313200.5,6.4,88,"['Animation', 'Family']",2005-02-11,9.03154,68.0,2005
24000000.0,17519169.0,6.3,39,"['Comedy', 'Drama', 'Romance']",1995-11-02,4.031585,103.0,1995
20000000.0,100914445.0,7.2,831,"['Action', 'Comedy', 'Crime', 'Fantasy']",2004-02-10,13.658985,99.0,2004
35000000.0,52313200.5,4.3,20,"['Adventure', 'Comedy', 'Family']",2002-07-26,6.908351,88.0,2002
20000000.0,73276047.0,7.3,394,['Drama'],2007-10-14,10.446722,128.0,2007
20000000.0,60427839.0,7.2,918,"['Drama', 'Crime', 'Thriller']",2003-09-06,32.243357,104.0,2003
20000000.0,16605763.0,5.8,52,[],2004-09-03,9.149089,84.0,2004
20000000.0,17432163.0,5.3,83,"['Comedy', 'Romance']",2003-01-17,5.596835,101.0,2003
24000000.0,52313200.5,5.0,120,"['Drama', 'Comedy', 'Romance', 'Family']",2000-07-21,5.214408,98.0,2000
20000000.0,17436509.0,7.0,167,['Documentary'],2009-09-06,10.50098,104.0,2009
19500000.0,34854990.0,6.2,336,"['Crime', 'Drama', 'Mystery']",2015-10-14,15.012237,111.0,2015
25000000.0,14109284.0,3.0,240,"['Action', 'Comedy']",2008-08-29,16.238961,87.0,2008
20000000.0,22942221.0,5.5,208,"['Action', 'Crime', 'Drama', 'Thriller']",2009-12-04,15.21229,88.0,2009
20000000.0,13801755.0,6.5,125,"['Comedy', 'Thriller', 'Crime', 'Action']",1997-11-14,6.397042,97.0,1997
20000000.0,30426096.0,6.2,671,"['Comedy', 'Romance']",2011-09-30,19.220789,106.0,2011
20000000.0,32204030.0,5.8,715,"['Action', 'Thriller', 'Science Fiction']",2012-04-12,35.232278,95.0,2012
40000000.0,52313200.5,4.8,139,['Comedy'],2004-04-30,9.842771,99.0,2004
20000000.0,34560577.0,5.9,861,"['Action', 'Thriller', 'Crime']",2009-04-16,35.542809,96.0,2009
24000000.0,52313200.5,7.0,130,"['Action', 'Comedy', 'Thriller']",1994-10-14,7.829295,98.0,1994
20000000.0,13391174.0,6.1,12,['Drama'],2006-10-13,3.476925,123.0,2006
30000000.0,27674124.0,6.4,81,[],2002-11-22,5.133744,101.0,2002
20000000.0,12482775.0,6.0,289,"['Comedy', 'Drama']",2005-10-20,14.031377,101.0,2005
20000000.0,12398628.0,6.1,139,"['Action', 'Adventure', 'Drama', 'Thriller']",2002-08-23,17.227376,96.0,2002
24000000.0,52313200.5,6.4,286,"['Comedy', 'Fantasy', 'Romance']",2008-09-19,17.98817,102.0,2008
20000000.0,17280326.0,5.7,220,"['Action', 'Adventure', 'Drama', 'Thriller']",2009-03-19,15.66135,108.0,2009
20000000.0,24145613.0,6.7,641,"['Drama', 'Horror', 'Mystery']",2010-10-01,19.705311,116.0,2010
24000000.0,52313200.5,4.5,48,"['Adventure', 'Action', 'Comedy', 'Family']",1994-05-06,2.645722,93.0,1994
24000000.0,52313200.5,6.2,424,"['Drama', 'Comedy']",2008-01-20,17.662683,102.0,2008
24000000.0,52313200.5,6.4,62,[],2005-09-09,2.894154,103.0,2005
20000000.0,12639297.0,5.6,797,"['Action', 'Thriller']",2016-02-19,29.371987,115.0,2016
20000000.0,10686841.0,7.3,187,"['Comedy', 'Drama']",1997-08-26,11.352693,96.0,1997
20000000.0,52313200.5,5.4,62,[],1999-10-22,7.553773,98.0,1999
20000000.0,36606743.0,6.3,950,['Drama'],2015-10-02,30.477114,100.0,2015
20000000.0,52313200.5,5.6,105,"['Comedy', 'Crime', 'Drama']",1989-12-15,9.927018,106.0,1989
20000000.0,52313200.5,6.5,147,"['Music', 'Comedy', 'Romance']",1996-12-06,12.379781,101.0,1996
20000000.0,16974459.0,6.5,297,"['Action', 'Crime', 'Drama', 'Thriller']",2007-08-31,12.643703,105.0,2007
21000000.0,52313200.5,6.5,284,['Drama'],2009-12-04,15.440465,99.0,2009
24000000.0,9109322.0,1.9,35,"['Comedy', 'Family']",2004-08-27,5.886228,104.0,2004
24000000.0,12382362.0,5.4,133,"['Action', 'Comedy', 'Crime']",2005-09-08,6.925645,83.0,2005
20000000.0,10337477.0,4.7,78,"['Action', 'Comedy', 'Crime']",2007-01-05,9.36146,84.0,2007
20000000.0,11341016.0,6.4,24,['Comedy'],2004-04-16,6.102663,98.0,2004
8000000.0,20000000.0,6.5,15,"['Comedy', 'Drama', 'Music', 'Romance']",1969-01-01,0.709143,149.0,1969
20000000.0,11110975.0,6.5,833,"['Comedy', 'Romance', 'Crime', 'Drama', 'Mystery']",2014-12-25,45.742217,148.0,2014
24000000.0,52313200.5,3.2,18,['Family'],2006-02-24,1.682839,85.0,2006
20000000.0,16549477.0,5.9,88,"['Music', 'Drama']",2013-09-21,8.237336,110.0,2013
20000000.0,7000000.0,4.1,20,"['Comedy', 'Fantasy']",2008-10-03,2.605374,83.0,2008
12000000.0,15008161.0,5.3,631,"['Action', 'Crime', 'Thriller']",2013-09-12,29.072964,107.0,2013
22000000.0,52313200.5,5.8,82,['Horror'],2003-03-14,1.322528,100.0,2003
24000000.0,6575282.0,4.7,69,['Comedy'],2008-02-01,4.961306,87.0,2008
24000000.0,52313200.5,6.7,41,"['Comedy', 'Drama', 'Music']",1999-09-03,8.628519,160.0,1999
20000000.0,6420319.0,7.0,185,"['Comedy', 'Drama', 'War']",2015-04-23,12.232048,106.0,2015
15000000.0,27462041.0,6.2,571,"['Drama', 'Thriller']",2011-09-30,27.133277,99.0,2011
8700000.0,7659918.0,6.8,532,"['Animation', 'Science Fiction', 'Thriller']",2006-05-25,26.093043,100.0,2006
24000000.0,52313200.5,7.0,216,['Drama'],2012-10-25,13.621201,117.0,2012
20000000.0,10442808.0,3.1,173,"['Action', 'Fantasy', 'Horror', 'Thriller']",2005-01-28,9.292987,96.0,2005
20000000.0,5210988.0,5.4,126,"['Comedy', 'Drama', 'Family', 'Music']",2009-08-06,7.716606,111.0,2009
20000000.0,52313200.5,5.9,179,"['Drama', 'Mystery', 'Thriller']",2004-09-08,7.698075,100.0,2004
20000000.0,12007070.0,6.5,546,"['Crime', 'Drama', 'Thriller']",2014-12-30,37.629309,125.0,2014
24000000.0,52313200.5,6.3,26,"['Drama', 'Romance', 'War', 'History']",2008-10-17,2.405911,114.0,2008
24000000.0,52313200.5,6.3,59,['Drama'],2008-09-07,3.350297,119.0,2008
20000000.0,4001121.0,6.6,195,"['Drama', 'Music']",2007-10-01,13.032308,135.0,2007
20000000.0,16863583.0,4.8,271,"['Action', 'Thriller']",2012-04-04,15.131867,93.0,2012
20000000.0,5530764.0,6.8,203,"['Adventure', 'Comedy', 'Drama', 'Romance']",2008-09-09,10.218307,114.0,2008
21000000.0,52313200.5,7.4,278,['Drama'],2008-10-24,12.761176,124.0,2008
26500000.0,159375308.0,8.2,1983,"['Adventure', 'Fantasy', 'Animation']",1997-07-12,60.732738,104.0,1997
24000000.0,52313200.5,5.7,20,"['Comedy', 'Drama', 'Foreign']",2003-04-16,0.49446,114.0,2003
24000000.0,52313200.5,4.9,9,"['Comedy', 'Music']",1980-06-20,6.574285,124.0,1980
2000000.0,5048693.0,7.1,218,"['Action', 'Adventure', 'Crime', 'Drama', 'Thriller', 'Western']",2005-10-06,14.617944,104.0,2005
20000000.0,52313200.5,6.8,36,['Drama'],2015-11-13,3.102987,118.0,2015
20000000.0,1675706.0,3.3,12,['Comedy'],2003-08-22,5.65327,84.0,2003
20000000.0,5359645.0,6.9,1552,"['Action', 'Science Fiction', 'Thriller']",2002-12-06,44.566609,107.0,2002
40000000.0,7400000.0,6.5,52,"['Drama', 'War']",2008-07-03,8.978408,125.0,2008
24000000.0,52313200.5,6.0,97,"['Drama', 'Action', 'Thriller', 'Crime']",2000-04-27,10.150993,115.0,2000
24000000.0,52313200.5,2.2,8,['Family'],2012-08-29,0.28576,88.0,2012
10000000.0,3727746.0,5.4,156,"['Drama', 'Romance']",2015-11-12,11.267676,122.0,2015
20000000.0,52313200.5,6.4,102,"['Animation', 'Fantasy', 'Science Fiction']",2004-07-17,9.129808,126.0,2004
24000000.0,52313200.5,5.8,14,['Drama'],2005-01-01,2.013405,104.0,2005
24000000.0,52313200.5,5.9,286,"['Drama', 'Mystery', 'Thriller', 'Crime', 'Romance']",2010-12-03,20.086645,101.0,2010
20000000.0,305070.0,6.2,33,['Adventure'],1994-09-09,3.581906,107.0,1994
24000000.0,47301471.0,6.1,107,"['Comedy', 'Drama', 'Family', 'Fantasy', 'Science Fiction']",2008-01-30,12.373248,86.0,2008
24000000.0,52313200.5,5.8,221,"['Comedy', 'Fantasy']",1998-02-11,12.283025,118.0,1998
20000000.0,4634062.0,4.5,139,"['Action', 'Comedy', 'Horror', 'Mystery', 'Science Fiction', 'Thriller']",2011-03-16,10.617236,107.0,2011
20000000.0,52313200.5,5.5,48,"['Drama', 'Thriller']",2002-11-21,6.377308,100.0,2002
20000000.0,346594.0,6.0,31,"['Drama', 'Fantasy']",2010-12-10,3.620537,110.0,2010
24000000.0,17671101.0,5.3,585,"['Horror', 'Mystery', 'Thriller']",2015-10-01,27.215666,106.0,2015
24000000.0,52313200.5,6.6,35,"['Action', 'History', 'Drama']",2008-04-03,4.127155,102.0,2008
20000000.0,52313200.5,6.3,130,[],2007-07-27,13.118983,95.0,2007
20000000.0,52313200.5,5.3,68,[],2012-06-05,14.182301,83.0,2012
24000000.0,52313200.5,5.0,3,"['Drama', 'History']",2014-07-11,0.416179,170.0,2014
24000000.0,52313200.5,0.5,1,[],2014-01-24,0.485405,104.0,2014
20000000.0,52313200.5,6.1,109,['Drama'],2016-08-26,7.444189,105.0,2016
20000000.0,52313200.5,5.4,404,['Thriller'],2015-05-21,33.625477,96.0,2015
27220000.0,5496951.0,6.1,465,"['Thriller', 'Crime']",2013-07-18,28.060472,105.0,2013
19400000.0,52313200.5,7.1,312,[],2006-12-09,20.746932,125.0,2006
27000000.0,52313200.5,7.1,157,"['Action', 'Crime', 'Drama', 'History', 'Thriller']",2008-09-24,7.727035,150.0,2008
20000000.0,216197492.0,5.4,1584,['Comedy'],2011-05-16,28.497242,92.0,2011
19000000.0,110879513.0,6.7,141,"['Drama', 'Crime', 'Mystery']",1989-09-15,11.47316,113.0,1989
19000000.0,70067909.0,6.1,713,['Comedy'],2004-07-10,25.28132,95.0,2004
14000000.0,173046663.0,7.0,1476,"['Crime', 'Horror', 'Mystery']",1996-12-20,45.99611,111.0,1996
24000000.0,52313200.5,5.4,440,"['Horror', 'Thriller']",2001-10-26,20.392858,91.0,2001
19000000.0,44017374.0,8.1,3757,"['Horror', 'Thriller']",1980-05-22,78.699993,144.0,1980
19000000.0,40846082.0,5.5,209,"['Horror', 'Mystery', 'Thriller']",1999-10-29,13.664614,93.0,1999
24000000.0,52313200.5,6.0,40,"['Drama', 'Comedy']",2009-09-11,2.242809,113.0,2009
27000000.0,52313200.5,3.9,8,"['Action', 'Drama']",2016-07-22,1.224105,90.0,2016
19000000.0,49830607.0,5.9,583,"['Comedy', 'Romance', 'Drama']",2010-05-11,27.494037,101.0,2010
18000000.0,101564935.0,5.3,404,['Comedy'],2003-01-09,18.47518,95.0,2003
19100000.0,5728213.0,6.5,208,"['Drama', 'Action', 'Thriller', 'Crime', 'War']",2011-02-11,10.559414,109.0,2011
24000000.0,52313200.5,4.6,8,"['Animation', 'Drama', 'Family', 'Science Fiction']",2000-07-26,1.916351,85.0,2000
20000000.0,54956140.0,6.2,633,"['Mystery', 'Horror', 'Action']",2010-02-26,28.867568,101.0,2010
24000000.0,52313200.5,5.9,43,"['Action', 'Crime']",2013-12-12,3.376967,110.0,2013
25000000.0,8613462.0,6.5,108,"['Action', 'Drama', 'History']",1984-05-04,7.436491,132.0,1984
24000000.0,76586316.0,7.4,1486,['Drama'],2013-11-08,57.84156,131.0,2013
19000000.0,18755936.0,6.0,342,[],2008-10-16,17.952817,109.0,2008
19000000.0,29922472.0,6.4,465,"['Romance', 'Comedy']",2010-01-08,21.959742,100.0,2010
19000000.0,6928068.0,6.2,208,"['Comedy', 'Drama', 'Romance']",2011-03-04,11.766564,97.0,2011
24000000.0,5310554.0,5.8,40,['Drama'],2012-09-28,2.366251,121.0,2012
19000000.0,2119994.0,5.6,5,"['Family', 'Fantasy', 'Music']",1993-11-24,0.068228,93.0,1993
18000000.0,52313200.5,6.1,12,"['Thriller', 'Drama', 'Music', 'Crime']",1996-08-16,5.380733,116.0,1996
24000000.0,52313200.5,6.8,69,['Drama'],2016-07-29,5.625989,110.0,2016
19000000.0,108047131.0,6.0,588,"['Horror', 'Thriller', 'Drama']",2005-04-15,30.205943,90.0,2005
19000000.0,32801173.0,7.3,638,"['Comedy', 'Crime', 'Drama']",2002-12-06,26.441669,114.0,2002
24000000.0,52313200.5,5.8,11,['Action'],2013-03-10,1.583918,107.0,2013
18500000.0,10680275.0,7.2,1301,"['Adventure', 'Drama', 'Comedy']",1998-05-22,44.511363,118.0,1998
18500000.0,31912793.0,6.0,518,"['Comedy', 'Romance', 'Fantasy']",2009-09-13,16.665841,100.0,2009
18000000.0,268157400.0,6.2,2713,['Comedy'],2014-05-08,36.471231,96.0,2014
23000000.0,351583407.0,6.6,2472,"['Romance', 'Comedy', 'Crime', 'Fantasy']",1994-07-29,85.30318,101.0,1994
18000000.0,151668774.0,6.9,993,"['Fantasy', 'Drama', 'Comedy', 'Romance', 'Family']",1988-06-03,20.716023,104.0,1988
18000000.0,261572744.0,6.5,1579,[],2006-11-01,29.487784,82.0,2006
18000000.0,141774679.0,6.1,882,['Comedy'],2001-07-13,25.43954,96.0,2001
18000000.0,87000000.0,6.4,434,"['Science Fiction', 'Action', 'Adventure', 'Thriller']",1984-05-31,15.314027,105.0,1984
19000000.0,144216468.0,6.3,659,"['Crime', 'Drama', 'Horror', 'Thriller']",2005-09-09,32.602868,104.0,2005
17000000.0,65535067.0,5.5,308,['Comedy'],1999-12-10,9.832326,88.0,1999
16000000.0,19682924.0,3.7,392,"['Thriller', 'Action', 'Science Fiction']",2014-10-03,33.452469,110.0,2014
24000000.0,52313200.5,6.2,249,"['Comedy', 'Drama', 'Romance']",2005-12-14,14.190837,103.0,2005
18000000.0,65070412.0,5.6,74,"['Comedy', 'Drama']",2004-01-20,6.501815,106.0,2004
23000000.0,76488889.0,6.5,656,"['Drama', 'Comedy', 'Crime']",2003-11-26,26.58873,91.0,2003
16500000.0,67683989.0,6.5,1013,"['Science Fiction', 'Comedy', 'Crime']",1997-05-02,36.15716,94.0,1997
18000000.0,88923251.0,5.5,322,"['Romance', 'Comedy', 'Family']",2016-03-23,16.027955,94.0,2016
21000000.0,72417394.0,6.3,238,[],2011-03-25,14.329891,99.0,2011
18000000.0,98235548.0,7.3,2093,"['Science Fiction', 'Action', 'Adventure', 'Thriller']",1987-06-11,50.009408,107.0,1987
18000000.0,51973029.0,7.8,1076,"['Drama', 'History', 'Music']",1984-10-26,31.82675,160.0,1984
24000000.0,14796236.0,4.8,167,"['Crime', 'Horror']",2008-04-10,9.642041,88.0,2008
17000000.0,129042871.0,6.9,2320,[],2004-04-30,36.423717,97.0,2004
24000000.0,52313200.5,6.4,172,"['Comedy', 'Drama', 'Romance']",2003-04-30,12.309718,113.0,2003
19800000.0,87754044.0,6.8,246,"['Drama', 'Mystery', 'Thriller']",2001-11-07,11.693272,137.0,2001
18000000.0,41382841.0,5.9,136,"['Comedy', 'Drama', 'Fantasy', 'Romance']",1986-10-05,12.243887,103.0,1986
18000000.0,103215094.0,7.4,4535,"['Drama', 'Comedy']",2014-08-27,89.811154,119.0,2014
18000000.0,99206215.0,7.0,1098,"['Comedy', 'Drama']",2013-07-25,34.694216,98.0,2013
15000000.0,76286096.0,6.9,367,[],2006-04-28,17.50138,111.0,2006
18000000.0,62646763.0,6.0,303,"['Romance', 'Music', 'Family']",2003-11-24,18.492655,94.0,2003
18000000.0,52313200.5,4.9,147,"['Action', 'Comedy']",1996-05-24,11.238522,81.0,1996
1000000.0,21378361.0,6.4,311,['Horror'],1980-02-08,14.518598,89.0,1980
18000000.0,47088990.0,6.9,342,"['Action', 'Drama']",2011-04-08,19.234672,106.0,2011
18000000.0,24911670.0,6.7,72,"['War', 'Comedy', 'Drama']",1970-06-24,4.504377,121.0,1970
18000000.0,100000000.0,5.8,383,"['Adventure', 'Fantasy', 'Action']",1984-06-29,18.379124,103.0,1984
18000000.0,23000000.0,7.7,938,['Drama'],1980-11-14,35.524457,129.0,1980
18000000.0,36133014.0,5.6,180,"['Drama', 'Romance']",2009-09-18,13.472365,109.0,2009
18000000.0,52313200.5,6.7,167,"['Action', 'Adventure', 'Crime', 'Drama', 'Family', 'Mystery', 'Thriller']",1985-12-04,8.321586,109.0,1985
24000000.0,52313200.5,5.5,135,"['Music', 'Comedy', 'Drama', 'Romance']",2009-01-01,7.668063,107.0,2009
18000000.0,35692920.0,7.0,2606,"['Adventure', 'Drama', 'Thriller']",2010-11-05,52.464877,94.0,2010
24000000.0,52313200.5,6.4,155,"['Action', 'Comedy', 'Crime']",2000-05-19,11.423533,94.0,2000
18000000.0,17200925.0,6.8,90,"['Drama', 'Music']",2000-05-12,6.961736,115.0,2000
17000000.0,24000000.0,5.4,167,"['Comedy', 'Family']",2015-11-12,9.191187,107.0,2015
18000000.0,16702864.0,4.9,76,"['Family', 'Action', 'Adventure']",2004-02-06,4.492859,92.0,2004
18000000.0,52313200.5,7.2,120,['Drama'],2001-10-25,5.706767,125.0,2001
30000000.0,34441873.0,6.8,1573,"['Drama', 'History']",2015-10-09,53.670525,122.0,2015
18000000.0,52313200.5,5.1,197,"['Comedy', 'Romance']",2009-07-10,14.15192,102.0,2009
18000000.0,52313200.5,5.9,319,"['Drama', 'Comedy', 'Romance']",2009-09-11,13.462544,104.0,2009
18000000.0,2945600.0,3.7,14,"['Action', 'Adventure', 'Romance', 'Western']",1981-08-20,11.725805,98.0,1981
21000000.0,28008462.0,6.2,92,"['Drama', 'Thriller']",2001-02-11,7.047975,109.0,2001
18000000.0,12000000.0,7.3,236,"['Drama', 'Mystery', 'Thriller']",1981-07-24,13.628601,108.0,1981
18000000.0,10501938.0,4.9,246,"['Action', 'Crime']",2013-08-29,16.520516,90.0,2013
18000000.0,8038061.0,6.9,176,['Drama'],1997-09-27,14.916264,112.0,1997
18000000.0,25312387.0,5.7,164,"['Comedy', 'Drama', 'Romance']",2014-07-20,9.633711,94.0,2014
24000000.0,52313200.5,5.6,56,"['Adventure', 'Comedy', 'Family']",1989-03-22,3.455018,105.0,1989
24000000.0,52313200.5,6.4,23,"['Comedy', 'Drama', 'Romance']",2004-09-03,1.946634,104.0,2004
17000000.0,6735922.0,5.8,177,"['Drama', 'Romance']",1986-02-14,12.313143,117.0,1986
18000000.0,14110013.0,6.5,67,['Fantasy'],1981-06-26,3.258422,108.0,1981
24000000.0,52313200.5,6.7,55,"['Drama', 'Romance']",2009-09-04,3.659292,104.0,2009
18000000.0,5887457.0,7.3,630,"['Comedy', 'Drama', 'History']",1994-09-27,24.548633,127.0,1994
18000000.0,20275812.0,6.7,299,['Drama'],2013-12-27,17.683563,111.0,2013
18000000.0,26527510.0,6.5,158,[],2007-09-20,10.1449,120.0,2007
18000000.0,25739015.0,6.9,836,"['Action', 'Crime', 'Thriller']",2008-09-04,31.887978,114.0,2008
24000000.0,52313200.5,3.5,15,"['Adventure', 'Action', 'Science Fiction']",1982-06-25,1.110179,99.0,1982
25000000.0,20719451.0,6.8,28,"['Drama', 'Romance']",2009-10-01,1.876811,117.0,2009
18000000.0,6212282.0,6.2,694,"['Adventure', 'Drama', 'Science Fiction']",2016-02-18,32.717853,112.0,2016
24000000.0,52313200.5,6.2,149,"['Comedy', 'Romance']",2003-08-27,8.945081,108.0,2003
18000000.0,22309223.0,6.7,273,"['Drama', 'History']",2013-12-26,13.916583,116.0,2013
15238800.0,52313200.5,7.2,255,"['Crime', 'Drama', 'Mystery']",2009-05-21,17.94739,144.0,2009
24000000.0,52313200.5,5.3,11,['Horror'],2016-05-03,2.525569,90.0,2016
2700000.0,3500000.0,5.9,108,"['Romance', 'Science Fiction', 'Horror', 'Action', 'Crime']",1986-11-21,10.47644,93.0,1986
18000000.0,676698.0,7.0,104,"['Drama', 'Mystery', 'Thriller']",2002-01-01,10.991281,103.0,2002
18000000.0,7972967.0,6.7,83,['Music'],2013-09-25,7.871686,93.0,2013
18000000.0,382174.0,4.4,60,['Drama'],2008-11-05,6.333869,98.0,2008
18000000.0,52313200.5,5.6,20,"['Thriller', 'Drama']",2009-05-14,8.266124,114.0,2009
24000000.0,52313200.5,9.3,2,"['Western', 'Action', 'Drama', 'History']",1999-08-02,0.910529,121.0,1999
3500000.0,34000000.0,6.9,270,"['Horror', 'Science Fiction']",1985-07-19,18.025206,96.0,1985
18000000.0,52313200.5,4.5,179,"['Action', 'Crime', 'Drama', 'Thriller']",2016-04-14,10.144222,92.0,2016
18000000.0,1831348.0,6.7,77,"['Action', 'Animation', 'Science Fiction']",2006-03-16,9.244181,105.0,2006
17900000.0,6948633.0,5.0,206,"['Adventure', 'Fantasy', 'Action']",1985-04-09,12.752463,89.0,1985
14000000.0,13551174.0,6.0,376,['Thriller'],2012-03-02,22.748174,119.0,2012
20000000.0,121463226.0,7.0,2100,['Comedy'],2007-08-17,33.436092,113.0,2007
24000000.0,90508336.0,6.4,52,"['Comedy', 'Crime', 'Drama']",2009-02-16,3.107371,103.0,2009
18000000.0,52313200.5,5.7,82,"['Horror', 'Action']",2014-08-28,7.922639,90.0,2014
23000000.0,150816700.0,6.5,640,"['Music', 'Drama', 'Romance']",2008-02-14,28.973074,98.0,2008
15000000.0,51053787.0,5.9,479,"['Animation', 'Comedy', 'Family']",2005-12-16,23.980329,80.0,2005
17500000.0,38000000.0,7.5,793,"['Drama', 'History', 'War']",2004-09-11,28.60542,121.0,2004
24000000.0,99965753.0,5.9,966,"['Action', 'Crime', 'Drama', 'Thriller']",2007-11-21,42.669304,89.0,2007
17500000.0,7018189.0,5.8,16,"['Drama', 'Music']",2013-11-27,7.180403,93.0,2013
18000000.0,266586800.0,4.6,218,"['Thriller', 'Action']",2014-08-22,21.638673,93.0,2014
24000000.0,52313200.5,5.4,18,['Thriller'],2002-01-01,2.64486,104.0,2002
24000000.0,52313200.5,7.4,1660,"['Horror', 'Drama', 'Mystery', 'Thriller']",2001-08-02,25.881355,101.0,2001
18500000.0,183316455.0,7.7,3220,"['Horror', 'Action', 'Thriller', 'Science Fiction']",1986-07-18,67.66094,137.0,1986
17000000.0,72070731.0,7.4,352,"['Drama', 'Family', 'Music', 'Romance']",1964-10-21,20.786616,170.0,1964
17000000.0,125586134.0,5.6,687,"['Horror', 'Thriller', 'Mystery']",1997-10-17,27.654472,100.0,1997
17000000.0,136621271.0,6.4,1219,['Comedy'],2014-08-13,70.668923,104.0,2014
16000000.0,109502303.0,6.9,478,"['Comedy', 'Drama', 'Romance']",2004-10-22,23.425431,126.0,2004
17500000.0,19179969.0,5.8,172,['Comedy'],2006-08-25,14.304444,110.0,2006
300000.0,70000000.0,7.4,1035,"['Horror', 'Thriller']",1978-10-25,30.301307,91.0,1978
17000000.0,52313200.5,4.7,30,"['Comedy', 'Family', 'Science Fiction']",2003-10-10,3.56033,87.0,2003
17000000.0,71625195.0,6.7,110,['Comedy'],2013-11-15,7.210095,123.0,2013
17000000.0,57103895.0,6.4,534,"['Action', 'Comedy', 'Crime', 'Thriller']",2006-12-09,23.491962,109.0,2006
20000000.0,136150434.0,5.8,730,"['Horror', 'Crime']",2010-10-21,36.133536,90.0,2010
17000000.0,52313200.5,5.2,297,"['Comedy', 'Romance']",2002-03-01,14.18136,94.0,2002
17000000.0,30331165.0,5.9,198,['Comedy'],1998-10-01,12.709227,81.0,1998
17000000.0,43165571.0,6.0,849,"['Drama', 'Fantasy', 'Romance']",2011-01-21,24.054062,86.0,2011
15000000.0,69623713.0,6.1,705,"['Horror', 'Thriller']",2006-03-10,35.107857,107.0,2006
24000000.0,52313200.5,5.1,64,['Comedy'],2003-09-05,10.149569,98.0,2003
24000000.0,45710059.0,7.4,213,['Drama'],2015-02-20,14.023082,128.0,2015
24000000.0,52313200.5,5.6,54,['Comedy'],2010-08-20,9.054803,99.0,2010
20000000.0,21170563.0,6.0,32,['Drama'],2006-03-31,5.422285,105.0,2006
17000000.0,115350426.0,7.3,2247,"['Comedy', 'Music', 'Romance']",2012-09-28,32.746486,112.0,2012
34000000.0,19693891.0,4.8,63,"['Drama', 'Comedy', 'Romance']",2001-08-22,3.960098,108.0,2001
24000000.0,52313200.5,6.9,187,"['Drama', 'Crime', 'Thriller']",1998-12-11,10.178917,121.0,1998
17000000.0,52313200.5,4.6,74,"['Horror', 'Thriller']",2002-11-01,4.544216,89.0,2002
24000000.0,52313200.5,3.3,17,['Comedy'],2006-03-24,2.184708,89.0,2006
24000000.0,52313200.5,6.3,14,['Family'],1999-10-01,3.09159,73.0,1999
17000000.0,29536299.0,6.2,293,"['Crime', 'Drama', 'Thriller']",2009-01-16,18.790102,133.0,2009
17000000.0,10000000.0,6.3,36,"['Action', 'Drama', 'History']",1963-05-06,3.321095,154.0,1963
17000000.0,97542952.0,6.4,1723,['Horror'],2013-04-05,33.912116,91.0,2013
17000000.0,20455276.0,5.6,101,"['Comedy', 'Romance']",2009-02-06,5.787891,95.0,2009
17000000.0,7314027.0,4.9,95,"['Comedy', 'Drama', 'Family']",2006-03-04,7.864011,107.0,2006
17000000.0,19300000.0,4.1,318,"['Action', 'Adventure', 'Science Fiction']",1987-07-23,17.062117,90.0,1987
24000000.0,52313200.5,3.0,6,['Drama'],2008-01-25,1.782666,94.0,2008
17000000.0,9500000.0,7.0,331,"['Action', 'Crime', 'Drama', 'Thriller']",2006-01-06,19.311572,122.0,2006
24000000.0,52313200.5,5.5,19,['Drama'],2004-04-30,2.897449,120.0,2004
17000000.0,52313200.5,2.9,15,['Adventure'],1986-08-29,0.138564,97.0,1986
40000000.0,86915017.0,7.1,1615,"['Fantasy', 'Drama', 'Thriller', 'Romance']",2006-08-18,36.960953,110.0,2006
17000000.0,2000000.0,5.6,19,"['Adventure', 'Thriller']",1981-11-12,1.15641,104.0,1981
17000000.0,1569918.0,6.8,59,"['Drama', 'Crime', 'Thriller']",2003-07-11,9.583578,98.0,2003
17000000.0,3758328.0,6.1,271,"['Thriller', 'Romance']",2014-10-11,25.112567,120.0,2014
17000000.0,374743.0,5.2,153,"['Action', 'Adventure', 'Comedy', 'Drama', 'Science Fiction', 'Thriller']",2006-05-15,9.349386,144.0,2006
15000000.0,52313200.5,6.5,129,"['Animation', 'Family']",2008-03-19,8.884405,80.0,2008
17000000.0,8720000.0,5.0,27,"['Action', 'Adventure', 'Science Fiction']",1977-09-10,2.215261,91.0,1977
17000000.0,9627492.0,4.5,140,"['Horror', 'Thriller']",2012-08-23,6.385234,82.0,2012
16500000.0,52313200.5,7.0,428,"['Comedy', 'Drama', 'Family']",1991-11-27,20.935169,102.0,1991
16800000.0,2281089.0,5.8,73,"['Drama', 'Mystery', 'Romance']",2006-08-30,4.358255,122.0,2006
15000000.0,43848069.0,7.0,546,"['Crime', 'Drama']",1987-12-10,24.898687,126.0,1987
16500000.0,135000000.0,7.2,352,[],1995-12-13,20.898711,136.0,1995
16500000.0,37311672.0,6.9,317,"['Drama', 'Romance']",2007-03-02,18.236284,120.0,2007
16500000.0,13620075.0,6.0,236,['Comedy'],2007-09-21,10.74648,108.0,2007
16500000.0,16942795.0,7.0,199,['Drama'],2003-12-19,12.102725,126.0,2003
16400000.0,235860116.0,8.1,2705,['Drama'],1989-06-02,55.458584,129.0,1989
16000000.0,247275374.0,6.5,1859,['Comedy'],1994-12-16,35.777067,107.0,1994
16000000.0,92823546.0,7.3,950,"['Comedy', 'Romance', 'Drama']",1989-07-21,18.430419,96.0,1989
16000000.0,53977250.0,7.4,131,['Drama'],1982-12-08,7.980632,129.0,1982
16000000.0,119754278.0,5.9,542,"['Comedy', 'Adventure']",2000-05-19,14.759948,93.0,2000
24000000.0,52313200.5,6.0,122,"['Comedy', 'Drama', 'Romance']",1999-01-15,9.229999,106.0,1999
15000000.0,133432856.0,7.3,1049,"['Drama', 'Comedy', 'Romance']",2011-05-15,29.943316,100.0,2011
16000000.0,76514050.0,4.8,365,"['Horror', 'Thriller', 'Mystery']",2009-01-09,15.788784,104.0,2009
16000000.0,68263166.0,7.6,1662,"['Comedy', 'Drama', 'Romance']",2012-05-16,41.083914,94.0,2012
16000000.0,52313200.5,5.9,402,['Horror'],2006-10-06,21.380635,91.0,2006
18500000.0,6490401.0,6.4,30,['Drama'],2016-03-10,1.884558,120.0,2016
24000000.0,52313200.5,3.7,78,"['Comedy', 'Family']",2002-08-02,4.382761,80.0,2002
19000000.0,83258226.0,7.6,3041,"['Fantasy', 'Drama', 'War']",2006-05-27,90.809408,118.0,2006
24000000.0,52313200.5,4.8,44,"['Action', 'Comedy', 'Family']",2001-03-02,6.579017,94.0,2001
16000000.0,29381649.0,7.4,55,"['Crime', 'Drama', 'Romance']",2001-06-27,7.854989,130.0,2001
16000000.0,40492759.0,5.3,224,"['Thriller', 'Drama', 'Horror']",2011-02-04,11.807269,91.0,2011
17700000.0,30987695.0,5.5,242,"['Mystery', 'Adventure', 'Comedy', 'Romance', 'Drama']",2001-04-10,15.976335,91.0,2001
15000000.0,30102717.0,5.3,215,"['Thriller', 'Action', 'Crime', 'Drama']",1991-08-10,10.484642,110.0,1991
12000000.0,80573774.0,7.4,2199,"['Crime', 'Action', 'Comedy']",2007-02-14,38.623178,121.0,2007
16000000.0,50007546.0,4.6,96,"['Comedy', 'Drama', 'Romance']",2008-09-12,8.8321,114.0,2008
15000000.0,96408652.0,6.7,1020,"['Drama', 'Romance']",2008-08-15,32.758254,96.0,2008
25000000.0,52313200.5,6.4,76,"['Action', 'Adventure', 'Drama', 'Romance']",2007-12-17,6.091033,139.0,2007
16000000.0,20627372.0,5.4,103,"['Comedy', 'Drama', 'Romance']",2000-06-16,9.119797,94.0,2000
24000000.0,52313200.5,7.2,108,['Drama'],2002-10-11,9.423866,104.0,2002
16000000.0,31556061.0,5.3,837,"['Comedy', 'Horror']",2009-09-18,32.257414,100.0,2009
16000000.0,15427192.0,5.4,43,"['Comedy', 'Crime', 'Mystery']",2000-03-03,3.021835,96.0,2000
16000000.0,52313200.5,7.0,127,"['Comedy', 'Drama']",1987-01-30,7.612849,90.0,1987
20000000.0,52313200.5,6.9,948,"['Drama', 'Romance']",2010-03-12,36.764666,113.0,2010
24000000.0,52313200.5,5.7,42,"['Drama', 'Comedy', 'Romance']",2003-07-18,3.199784,99.0,2003
20000000.0,13854000.0,5.3,131,"['Comedy', 'Science Fiction']",1988-12-09,9.455596,108.0,1988
26000000.0,206678440.0,7.6,988,['Drama'],1993-12-22,44.301745,104.0,1993
16000000.0,18564088.0,6.8,378,"['Thriller', 'Science Fiction', 'Mystery']",1999-04-16,19.890428,100.0,1999
16000000.0,12.0,4.6,10,"['Comedy', 'Drama']",2004-09-03,0.830596,97.0,2004
24000000.0,52313200.5,5.1,36,"['Action', 'Science Fiction', 'Thriller']",1979-10-19,2.637355,107.0,1979
24000000.0,52313200.5,5.5,34,"['Comedy', 'Drama', 'Music']",2000-09-09,2.25453,112.0,2000
16000000.0,52313200.5,6.4,113,"['Comedy', 'Drama']",2002-05-03,8.711782,112.0,2002
6500000.0,4217115.0,6.7,100,"['Comedy', 'Music']",1999-08-13,5.700333,95.0,1999
16000000.0,5900000.0,6.8,624,"['Adventure', 'Action', 'Fantasy']",1986-03-07,29.253833,116.0,1986
16000000.0,2849142.0,6.7,90,['Drama'],2007-09-26,8.842869,113.0,2007
16000000.0,1686429.0,4.3,48,"['Science Fiction', 'Action', 'Adventure']",1997-08-15,2.848727,97.0,1997
16000000.0,5867686.0,6.2,250,"['Drama', 'Romance']",2013-07-03,13.832464,117.0,2013
24000000.0,52313200.5,6.9,21,"['Drama', 'History', 'Family', 'Romance']",2005-10-30,4.488547,135.0,2005
20000000.0,24261569.0,6.5,956,"['Thriller', 'Crime', 'Drama', 'Mystery']",2013-03-27,38.802415,101.0,2013
16000000.0,14822346.0,4.7,108,"['Romance', 'Comedy']",2004-05-28,9.400404,86.0,2004
11000000.0,53191886.0,6.8,615,['Comedy'],2008-01-09,18.923181,106.0,2008
24000000.0,52313200.5,6.3,29,['Drama'],2008-12-11,2.397987,104.0,2008
13000000.0,754249.0,7.2,387,"['Fantasy', 'Drama']",2009-05-05,20.39955,161.0,2009
16000000.0,52313200.5,4.8,91,"['Comedy', 'Romance', 'Horror']",2012-08-25,7.251897,93.0,2012
16000000.0,47801389.0,7.7,1717,"['Drama', 'Family']",2009-06-13,43.217089,93.0,2009
16000000.0,52313200.5,6.7,172,"['Crime', 'Drama', 'Thriller']",2013-12-04,14.529496,110.0,2013
16000000.0,3442853.0,6.4,258,"['Western', 'Drama']",2014-05-18,20.59148,122.0,2014
15600000.0,52313200.5,4.2,20,"['Comedy', 'Drama']",2002-06-21,2.244947,91.0,2002
24000000.0,52313200.5,5.7,16,"['War', 'Drama']",2002-05-20,1.326264,115.0,2002
24000000.0,52313200.5,5.3,3,"['Action', 'Adventure', 'Drama']",2001-01-23,0.212108,99.0,2001
15500000.0,1237615.0,5.5,16,"['Mystery', 'Crime', 'Drama', 'Thriller']",2005-09-12,6.630856,93.0,2005
15300000.0,52313200.5,6.2,283,"['Drama', 'Action', 'Comedy']",2001-10-31,18.20957,94.0,2001
15500000.0,52313200.5,6.3,317,"['Comedy', 'Horror', 'Science Fiction']",2006-03-31,17.327279,95.0,2006
15000000.0,316360478.0,6.8,961,"['Action', 'Comedy', 'Crime']",1984-11-29,29.843818,105.0,1984
18000000.0,476684675.0,7.1,2414,"['Comedy', 'Family']",1990-11-09,2.186927,103.0,1990
24000000.0,52313200.5,5.8,253,"['Family', 'Comedy', 'Drama']",1987-11-27,12.335827,102.0,1987
21000000.0,177200000.0,6.9,421,"['Comedy', 'Romance']",1982-12-16,20.818567,116.0,1982
15000000.0,356830601.0,6.7,1698,"['Action', 'Romance', 'War']",1986-05-16,58.900647,110.0,1986
17000000.0,213525736.0,7.2,927,"['Adventure', 'Drama', 'Action', 'Romance']",2000-10-01,45.742254,120.0,2000
15000000.0,356296601.0,7.9,3313,['Drama'],1999-09-15,80.878605,122.0,1999
15000000.0,414211549.0,7.6,2752,"['Drama', 'History']",2010-09-06,54.053576,118.0,2010
15000000.0,216614388.0,5.7,559,['Comedy'],1988-12-09,17.638286,107.0,1988
15000000.0,317000.0,6.4,52,"['Drama', 'Romance']",2008-12-17,3.803495,102.0,2008
15000000.0,146292009.0,7.7,338,['Drama'],1985-12-18,17.571533,154.0,1985
16000000.0,11301649.0,6.5,48,"['Action', 'Adventure', 'Drama', 'Thriller']",2009-06-06,4.628525,120.0,2009
24000000.0,52313200.5,6.0,102,['Comedy'],1980-10-06,12.18838,109.0,1980
15000000.0,67182787.0,7.2,67,"['Drama', 'Music']",1980-03-07,3.826685,125.0,1980
15000000.0,75700498.0,5.9,355,"['Comedy', 'Family']",2010-03-19,21.095489,92.0,2010
15000000.0,146497771.0,6.0,1401,['Horror'],2013-01-17,47.455148,100.0,2013
15000000.0,61399552.0,7.1,410,"['Comedy', 'Adventure', 'Romance']",1983-07-28,22.838834,98.0,1983
15000000.0,151831537.0,6.0,680,['Comedy'],2013-10-22,27.165222,92.0,2013
15000000.0,123384128.0,6.8,338,['Drama'],2006-09-15,19.113278,103.0,2006
15000000.0,73326666.0,7.1,1444,"['Fantasy', 'Comedy']",1988-02-29,58.553213,92.0,1988
15000000.0,55184721.0,6.1,33,"['Comedy', 'Drama']",2007-10-12,2.005111,113.0,2007
18000000.0,52313200.5,7.0,215,"['Drama', 'Romance']",1994-12-21,16.418639,115.0,1994
17000000.0,127730736.0,6.1,1206,"['Drama', 'Horror', 'Thriller']",2012-02-01,43.675191,95.0,2012
15000000.0,66966987.0,5.4,268,"['Horror', 'Thriller']",2006-02-03,4.688212,87.0,2006
15000000.0,52970014.0,5.6,197,"['Comedy', 'Family']",2002-02-08,9.125594,88.0,2002
15000000.0,64256513.0,6.7,270,"['Comedy', 'Drama']",1997-12-25,13.581966,97.0,1997
17000000.0,55534455.0,5.7,280,"['Family', 'Comedy']",2003-04-25,11.927667,94.0,2003
35000000.0,42930462.0,5.8,1138,"['Thriller', 'Drama']",2013-02-21,30.556135,112.0,2013
15000000.0,61548707.0,5.9,584,"['Horror', 'Comedy', 'Fantasy']",2015-11-26,31.565117,98.0,2015
15000000.0,40283321.0,6.2,492,"['Horror', 'Mystery', 'Science Fiction']",1998-12-25,21.535126,104.0,1998
24000000.0,52313200.5,6.9,72,"['Drama', 'Music']",1993-06-09,7.921311,118.0,1993
15000000.0,44862187.0,6.6,382,"['Action', 'Crime', 'Drama']",1997-08-15,19.284129,104.0,1997
16000000.0,66468332.0,5.5,431,['Comedy'],2001-12-07,23.423082,89.0,2001
7000000.0,48126384.0,7.2,1170,"['Crime', 'Drama', 'Thriller']",2012-09-20,49.517264,109.0,2012
15000000.0,35007180.0,5.8,156,"['Crime', 'Drama', 'Thriller']",2000-03-31,11.375032,106.0,2000
15000000.0,123726688.0,7.8,3311,[],2014-11-26,61.182331,123.0,2014
24000000.0,52313200.5,4.7,77,"['Comedy', 'Crime']",2003-04-10,7.314796,104.0,2003
15000000.0,33771174.0,6.9,155,"['Comedy', 'Drama', 'Romance']",2000-04-27,6.857923,120.0,2000
15000000.0,39421467.0,5.1,267,['Horror'],2009-08-28,12.929525,105.0,2009
15000000.0,52501541.0,7.0,951,['Drama'],2014-12-05,42.952942,115.0,2014
15000000.0,32721635.0,6.2,440,"['Crime', 'Thriller', 'Horror', 'Drama']",2009-03-13,19.760383,110.0,2009
15000000.0,47175038.0,6.2,230,"['Comedy', 'Romance']",2005-02-04,10.194097,88.0,2005
13000000.0,37664855.0,4.5,228,"['Horror', 'Thriller']",2002-07-01,11.045593,94.0,2002
16000000.0,30857814.0,7.6,1486,"['Adventure', 'Family', 'Fantasy', 'Comedy', 'Romance']",1987-09-18,44.533612,98.0,1987
15000000.0,30226144.0,6.9,151,['Drama'],2007-12-27,10.84158,126.0,2007
15000000.0,78054825.0,7.4,3725,"['Drama', 'Action', 'Thriller', 'Crime']",2011-08-06,49.294864,100.0,2011
15000000.0,29331068.0,5.1,221,['Comedy'],2004-02-17,7.424798,89.0,2004
15000000.0,46905889.0,5.6,72,"['Comedy', 'Drama', 'Romance']",1998-04-17,5.164281,111.0,1998
15000000.0,64238440.0,6.5,1197,"['Horror', 'Thriller', 'Science Fiction']",2007-04-26,34.759855,100.0,2007
15000000.0,30127963.0,6.3,130,[],2014-08-22,7.297757,115.0,2014
14000000.0,32645546.0,6.1,61,"['Comedy', 'Drama', 'Family']",2005-02-18,3.334804,106.0,2005
20000000.0,27728118.0,7.4,88,"['Action', 'Comedy', 'Drama', 'Romance']",2000-04-21,2.027393,104.0,2000
24000000.0,28084357.0,6.9,275,"['Action', 'Comedy', 'Thriller', 'Romance']",1997-04-11,13.817269,107.0,1997
15000000.0,40105542.0,4.7,295,['Comedy'],2009-09-04,13.237835,99.0,2009
24000000.0,52313200.5,4.3,212,"['Mystery', 'Thriller', 'Horror']",2000-10-27,3.890223,90.0,2000
15000000.0,24769466.0,6.3,380,"['Drama', 'Fantasy', 'Horror', 'Thriller']",1996-05-03,19.517239,101.0,1996
15000000.0,85306374.0,7.3,1105,"['Drama', 'Thriller', 'Crime', 'Romance']",2005-10-26,30.669913,124.0,2005
24000000.0,52313200.5,6.1,245,"['Comedy', 'Family']",2010-07-23,9.681147,103.0,2010
11500000.0,23237911.0,7.5,202,"['Drama', 'Romance']",1993-11-05,15.355589,134.0,1993
15000000.0,43101594.0,7.5,796,['Drama'],1997-09-11,19.85579,155.0,1997
24000000.0,52313200.5,5.5,119,"['Action', 'Adventure', 'Drama', 'Thriller']",1993-01-15,11.689337,94.0,1993
15000000.0,21000000.0,6.1,52,['Drama'],2006-10-20,3.043589,95.0,2006
15000000.0,52313200.5,5.2,351,"['Horror', 'Thriller']",2007-03-22,17.141376,89.0,2007
14000000.0,38574362.0,4.4,100,['Horror'],2000-09-19,8.885017,97.0,2000
24000000.0,52313200.5,6.4,128,"['Fantasy', 'Drama', 'Science Fiction', 'Romance', 'Family']",2002-10-11,4.115398,90.0,2002
20000000.0,22165608.0,5.0,163,"['Action', 'Adventure', 'Drama', 'Thriller']",2006-10-13,7.679336,92.0,2006
15000000.0,20566327.0,6.0,421,"['Action', 'Comedy']",2016-04-21,18.268009,94.0,2016
15000000.0,20529194.0,5.9,80,"['Drama', 'Romance']",2010-12-22,7.809701,117.0,2010
15000000.0,17507368.0,5.5,104,"['Mystery', 'Horror', 'Science Fiction']",1998-07-24,9.378688,84.0,1998
15000000.0,35485608.0,6.8,1653,[],2013-03-20,35.395129,140.0,2013
15000000.0,32556119.0,6.0,639,"['Crime', 'Action', 'Thriller']",2014-08-27,45.317278,108.0,2014
15000000.0,52313200.5,5.3,42,"['Drama', 'Mystery', 'Thriller']",1999-09-04,4.302941,109.0,1999
15000000.0,42000000.0,7.2,1840,"['Drama', 'Thriller', 'War']",2008-10-10,47.006162,131.0,2008
15000000.0,17080167.0,5.9,173,"['Fantasy', 'Drama', 'Horror', 'Action', 'Thriller']",1984-05-11,11.379652,114.0,1984
15000000.0,37930465.0,5.8,742,"['Crime', 'Thriller']",2012-09-20,24.612603,97.0,2012
15000000.0,31554855.0,6.5,541,['Thriller'],2014-07-25,26.708193,104.0,2014
24000000.0,52313200.5,4.6,115,['Comedy'],2001-04-18,8.710294,87.0,2001
24000000.0,52313200.5,5.9,25,"['Adventure', 'Animation', 'Comedy', 'Science Fiction', 'Family']",2008-01-11,1.800119,85.0,2008
15000000.0,22730842.0,6.7,10,"['Music', 'Documentary']",2007-05-19,0.335195,85.0,2007
25000000.0,15843608.0,4.4,104,"['Action', 'Fantasy', 'Science Fiction']",2000-09-01,11.782725,87.0,2000
24000000.0,52313200.5,5.1,17,"['Crime', 'Drama', 'Music']",2006-08-25,2.711955,121.0,2006
15000000.0,59389433.0,7.0,978,"['Drama', 'Romance']",2011-03-02,16.629173,107.0,2011
15000000.0,16633035.0,6.7,357,['Drama'],2009-09-13,20.05902,111.0,2009
15000000.0,12000000.0,5.9,97,"['Crime', 'Thriller']",2001-09-07,8.113634,92.0,2001
24000000.0,52313200.5,6.4,126,"['Action', 'Comedy', 'Thriller', 'Crime']",2003-04-25,9.87419,97.0,2003
24000000.0,52313200.5,5.3,31,"['Fantasy', 'Comedy']",1999-08-27,2.857936,97.0,1999
20000000.0,52313200.5,6.3,32,"['Drama', 'Music']",2004-07-02,3.138118,104.0,2004
15000000.0,52313200.5,6.2,64,"['Comedy', 'Drama', 'Romance']",1989-03-10,6.684096,104.0,1989
24000000.0,52313200.5,2.9,8,['Family'],1998-01-01,0.722911,76.0,1998
15000000.0,15608545.0,5.2,358,['Action'],2012-11-02,17.672021,104.0,2012
15000000.0,10443316.0,4.8,32,"['Drama', 'Comedy', 'Romance']",1998-11-25,3.033471,93.0,1998
24000000.0,52313200.5,5.4,48,['Romance'],2000-03-23,3.313257,96.0,2000
15000000.0,52313200.5,7.5,861,"['Comedy', 'Science Fiction']",1985-02-20,41.089863,132.0,1985
15000000.0,14867514.0,6.0,211,"['Music', 'Drama', 'Romance']",2004-08-10,10.9071,103.0,2004
15000000.0,46189568.0,7.8,2926,"['Comedy', 'Crime']",1998-03-06,49.230089,117.0,1998
15000000.0,10903846.0,6.6,243,['Drama'],2006-12-08,11.429607,116.0,2006
15000000.0,9237470.0,6.5,85,"['Action', 'Crime', 'Drama', 'Thriller']",2002-12-14,6.373316,118.0,2002
16000000.0,18928871.0,6.7,95,"['Drama', 'Thriller']",2007-01-01,9.717392,100.0,2007
15000000.0,9902115.0,5.0,37,"['Drama', 'Comedy', 'Romance']",2000-03-31,8.074807,94.0,2000
20000000.0,8586376.0,4.7,146,['Comedy'],2002-10-01,7.034752,94.0,2002
24000000.0,52313200.5,6.7,127,"['Comedy', 'Drama', 'History', 'Romance']",2002-05-17,7.250379,97.0,2002
24000000.0,52313200.5,4.7,3,"['Comedy', 'Drama', 'Fantasy', 'Romance']",1998-02-01,0.116873,98.0,1998
24000000.0,52313200.5,5.5,44,"['Drama', 'Family']",2006-05-05,7.712206,91.0,2006
15000000.0,34533783.0,7.4,1388,"['Comedy', 'Drama', 'Crime']",2008-02-08,25.329493,107.0,2008
15.0,52313200.5,5.6,26,['Comedy'],2013-05-09,5.112809,95.0,2013
15000000.0,8762890.0,5.6,156,"['Comedy', 'Music']",2008-08-20,13.832376,102.0,2008
15000000.0,6405245.0,5.0,100,['Comedy'],2009-08-21,7.446069,89.0,2009
15000000.0,8138788.0,6.0,243,['Drama'],2012-09-23,13.568302,106.0,2012
15000000.0,35097815.0,6.8,350,"['Comedy', 'Romance']",2009-06-19,21.857387,92.0,2009
15000000.0,5217498.0,4.7,15,['Thriller'],2000-07-19,0.249245,105.0,2000
15000000.0,12036149.0,7.0,177,"['Adventure', 'Crime', 'Drama', 'Mystery', 'Western']",2005-11-17,12.163832,121.0,2005
24000000.0,52313200.5,6.0,90,"['Comedy', 'Drama', 'History']",1999-09-16,8.962245,120.0,1999
15000000.0,15785148.0,7.2,886,"['Action', 'Comedy', 'Crime', 'Mystery']",2005-09-05,32.690038,103.0,2005
25000000.0,4152230.0,6.1,182,[],1999-04-30,8.583217,92.0,1999
15000000.0,20117339.0,7.6,1477,"['Thriller', 'Drama', 'Mystery']",2001-05-16,31.60985,147.0,2001
24000000.0,52313200.5,5.4,87,"['Drama', 'Fantasy', 'Horror', 'Romance']",2007-01-26,12.295216,98.0,2007
22000000.0,52313200.5,5.8,251,"['Comedy', 'Drama', 'Romance']",2010-05-23,12.4654,98.0,2010
15000000.0,9455232.0,6.8,737,"['Drama', 'Romance', 'Science Fiction']",2010-09-15,30.983397,104.0,2010
15000000.0,5926410.0,6.5,195,"['Thriller', 'Crime', 'Mystery']",2008-01-18,11.428903,111.0,2008
15000000.0,52313200.5,4.8,27,"['Adventure', 'Drama']",1986-01-17,5.484679,98.0,1986
24000000.0,52313200.5,6.5,12,"['Comedy', 'Drama']",1999-10-22,5.770246,111.0,1999
15000000.0,7938872.0,6.3,545,"['Horror', 'Thriller', 'Crime']",2007-10-20,15.175289,112.0,2007
24000000.0,52313200.5,5.5,31,"['Drama', 'Thriller', 'Science Fiction']",2015-09-11,2.414721,100.0,2015
24000000.0,52313200.5,6.6,23,['Drama'],1999-11-24,0.470645,116.0,1999
92620000.0,650422.0,8.0,657,"['Drama', 'Science Fiction']",1927-01-10,32.351527,153.0,1927
12000000.0,9584131.0,6.5,565,"['Action', 'Thriller', 'Science Fiction']",2004-11-09,17.493735,84.0,2004
8000000.0,529766.0,6.7,85,"['Drama', 'Crime']",1995-12-01,6.932221,116.0,1995
15000000.0,632542.0,6.6,157,"['Action', 'Drama', 'History']",2015-08-27,8.142166,105.0,2015
15000000.0,52313200.5,6.5,93,"['Drama', 'Comedy', 'War', 'Crime', 'Thriller']",2001-09-08,6.329672,98.0,2001
24000000.0,52313200.5,7.4,100,"['Thriller', 'Drama', 'Mystery']",2003-06-25,7.744166,105.0,2003
8500000.0,8936663.0,6.0,152,"['Adventure', 'Action', 'Thriller']",2008-12-04,9.029489,98.0,2008
12000000.0,6814789.0,5.9,386,"['Adventure', 'Action', 'Drama']",2010-02-15,22.708647,97.0,2010
15000000.0,76382.0,5.0,22,"['Drama', 'Action', 'Thriller']",1996-06-26,2.609057,93.0,1996
15000000.0,3533227.0,6.0,290,"['Mystery', 'Drama', 'Crime', 'Thriller', 'Horror']",2008-08-07,19.913961,98.0,2008
15000000.0,52313200.5,5.2,5,['Drama'],2011-09-16,1.897761,107.0,2011
15000000.0,52313200.5,4.8,92,"['Drama', 'Thriller', 'Crime']",2011-11-04,7.701186,90.0,2011
15000000.0,23000.0,6.1,7,"['Action', 'Comedy', 'Drama', 'History']",2001-10-14,1.833058,99.0,2001
15000000.0,20380.0,5.7,41,"['Comedy', 'Drama', 'Romance', 'Fantasy', 'Music']",2007-01-25,12.185204,93.0,2007
24000000.0,52313200.5,5.6,31,"['Drama', 'Fantasy']",2008-07-04,2.500218,141.0,2008
20000000.0,27187375.0,5.8,72,"['Animation', 'Adventure', 'Family']",2013-07-18,6.459787,85.0,2013
7000000.0,52313200.5,5.6,670,"['Thriller', 'Science Fiction']",2014-10-09,49.808505,110.0,2014
24000000.0,52313200.5,4.8,36,"['Action', 'Adventure', 'Fantasy']",2005-01-01,4.901936,105.0,2005
15000000.0,52313200.5,7.3,12,['Drama'],2015-12-03,0.738646,104.0,2015
15000000.0,52313200.5,6.7,65,"['Drama', 'Action', 'Thriller', 'Crime']",2009-03-22,5.294319,119.0,2009
24000000.0,52313200.5,4.5,2,"['Drama', 'Foreign']",2001-06-29,0.165367,124.0,2001
14600000.0,70906973.0,7.4,2301,"['Romance', 'Fantasy', 'Drama', 'Comedy']",1993-02-11,52.744331,101.0,1993
14800000.0,122513057.0,6.3,706,"['Comedy', 'Drama', 'Music']",2015-07-01,29.660993,115.0,2015
14500000.0,147298761.0,6.7,1374,"['Drama', 'Romance']",1996-10-31,41.493042,120.0,1996
10000000.0,17511906.0,7.2,196,"['Drama', 'War']",2010-09-16,10.072199,111.0,2010
14200000.0,674918.0,6.9,78,['Drama'],2005-05-16,7.05145,139.0,2005
15000000.0,377910544.0,7.6,2827,"['Drama', 'Romance']",2008-05-12,59.258969,120.0,2008
14000000.0,320145693.0,6.6,291,"['Drama', 'Romance', 'Thriller']",1987-09-11,16.742972,119.0,1987
14000000.0,463000000.0,7.0,1746,"['Romance', 'Comedy']",1990-03-23,45.473484,119.0,1990
24000000.0,239606210.0,5.5,303,"['Adventure', 'Comedy']",1988-05-19,15.474831,110.0,1988
24000000.0,52313200.5,5.0,10,"['Thriller', 'Mystery', 'Drama', 'Crime']",2015-03-15,4.289676,101.0,2015
14000000.0,161001698.0,6.7,395,"['Drama', 'War']",1989-12-20,25.949277,145.0,1989
14000000.0,154864401.0,6.8,491,['Comedy'],1993-09-30,22.409117,104.0,1993
15000000.0,100734718.0,5.3,299,"['Mystery', 'Horror']",2009-01-16,13.706357,101.0,2009
13000000.0,75511123.0,6.1,88,"['Drama', 'Music']",2007-05-16,6.92205,114.0,2007
14000000.0,185438673.0,6.6,507,"['Adventure', 'Action', 'Thriller']",1977-07-07,27.17347,125.0,1977
14000000.0,72527595.0,5.6,290,"['Horror', 'Thriller']",1998-09-25,12.159009,99.0,1998
24000000.0,52313200.5,6.2,45,"['Comedy', 'Drama', 'Romance']",2012-02-23,4.448494,111.0,2012
14000000.0,34793160.0,6.5,135,"['Action', 'Adventure', 'Drama', 'Family']",1991-01-18,13.13724,107.0,1991
24000000.0,52313200.5,5.1,83,"['Comedy', 'Family']",1999-10-08,4.04701,81.0,1999
13000000.0,114956699.0,6.2,527,"['History', 'Drama']",2011-12-30,23.3784,105.0,2011
24000000.0,52313200.5,6.4,22,"['Action', 'Adventure', 'Animation', 'Comedy', 'Family', 'Fantasy', 'Romance']",2002-10-04,1.446172,82.0,2002
14000000.0,27515786.0,6.9,47,"['Drama', 'Romance']",1993-07-23,3.650857,109.0,1993
14000000.0,25482931.0,5.8,48,[],2002-03-08,5.102258,95.0,2002
14000000.0,19800000.0,4.5,111,"['Comedy', 'Horror', 'Romance']",1995-10-27,6.772615,100.0,1995
14000000.0,30749142.0,4.5,133,"['Horror', 'Thriller', 'Fantasy']",1977-06-17,11.543363,118.0,1977
24000000.0,52313200.5,5.3,142,"['Horror', 'Thriller']",2005-05-05,7.436315,83.0,2005
14000000.0,52313200.5,4.4,180,"['Comedy', 'Romance']",2003-08-21,14.813614,83.0,2003
14000000.0,22852638.0,6.2,351,"['Thriller', 'Mystery', 'Adventure']",2009-06-08,20.792603,98.0,2009
14000000.0,21409028.0,5.7,39,['Comedy'],2010-03-12,6.733485,103.0,2010
24000000.0,52313200.5,5.6,49,['Comedy'],1998-08-21,7.708227,96.0,1998
12000000.0,21001563.0,5.8,32,"['Comedy', 'Drama', 'War']",1999-03-25,2.238646,117.0,1999
24000000.0,52313200.5,5.5,124,"['Horror', 'Thriller']",1996-10-25,7.866961,92.0,1996
24000000.0,52313200.5,6.1,67,"['Drama', 'Music', 'Romance']",1977-06-21,3.876242,155.0,1977
24000000.0,52313200.5,6.7,31,[],1994-05-13,1.89218,115.0,1994
11000000.0,13196245.0,5.0,55,"['Comedy', 'Romance']",2007-03-16,4.536745,104.0,2007
11000000.0,16951798.0,4.5,291,"['Horror', 'Science Fiction']",2001-07-24,11.220643,91.0,2001
24000000.0,52313200.5,6.4,119,"['History', 'Drama']",2006-09-05,11.706309,120.0,2006
14000000.0,10424470.0,5.3,73,"['Comedy', 'Romance']",2001-02-02,4.66723,86.0,2001
14000000.0,11417362.0,5.5,134,['Comedy'],2012-10-25,7.487843,87.0,2012
14000000.0,19777647.0,7.4,283,['Drama'],2007-05-22,13.65494,112.0,2007
26000000.0,14821658.0,6.9,240,"['Romance', 'Drama']",2006-10-06,11.942862,136.0,2006
14000000.0,5108820.0,5.5,68,[],2000-04-21,5.833687,90.0,2000
14000000.0,52313200.5,6.2,21,"['Drama', 'Romance']",1999-01-29,6.370267,107.0,1999
24000000.0,4291965.0,6.4,25,"['Action', 'Drama', 'Thriller']",2006-10-27,4.052219,101.0,2006
24000000.0,52313200.5,4.4,49,"['Horror', 'Mystery', 'Thriller']",2001-09-06,3.231848,104.0,2001
14000000.0,2474000.0,5.2,10,"['Drama', 'Romance']",1995-03-31,0.900442,139.0,1995
24000000.0,52313200.5,6.3,108,[],2008-01-01,8.387573,93.0,2008
24000000.0,52313200.5,5.8,1,"['Action', 'Adventure', 'Drama', 'Romance']",1978-11-02,0.633004,127.0,1978
24000000.0,5405500.0,6.3,204,"['History', 'Drama']",2014-10-31,9.242554,150.0,2014
24000000.0,52313200.5,5.8,22,"['Drama', 'Romance']",2009-05-20,1.866443,104.0,2009
24000000.0,52313200.5,7.1,75,"['Drama', 'History']",2002-02-13,5.930533,132.0,2002
12000000.0,52313200.5,6.7,57,"['History', 'Action']",2010-09-01,4.930129,117.0,2010
24000000.0,52313200.5,6.3,55,"['Comedy', 'Drama', 'History']",2008-09-26,8.747922,113.0,2008
14000000.0,46495.0,6.1,86,['Drama'],2011-09-30,4.898424,149.0,2011
108.0,52313200.5,4.0,97,"['Comedy', 'Horror']",2009-10-27,7.410523,90.0,2009
14000000.0,1755212.0,7.4,418,[],2010-08-06,24.210698,89.0,2010
14000000.0,178043761.0,7.5,1480,"['Drama', 'Romance']",2005-09-02,44.135568,134.0,2005
12000000.0,52313200.5,6.9,803,"['Comedy', 'Drama', 'Romance']",1995-07-19,16.051328,97.0,1995
13500000.0,29027914.0,6.9,144,"['Drama', 'Romance']",2002-09-01,9.982885,107.0,2002
14000000.0,12314651.0,5.0,354,['Comedy'],2015-02-20,16.618874,93.0,2015
13500000.0,7060876.0,6.8,128,['Drama'],2000-11-22,7.261196,124.0,2000
15000000.0,19422261.0,6.7,1206,"['Comedy', 'Crime']",2012-09-07,32.306455,110.0,2012
24000000.0,52313200.5,6.0,27,"['Drama', 'Mystery', 'Thriller']",2001-01-19,4.722403,105.0,2001
18339750.0,92180910.0,7.7,1037,"['Drama', 'History', 'War']",2004-09-08,32.445895,156.0,2004
12806000.0,38535221.0,7.2,219,['Drama'],2004-09-03,17.363739,125.0,2004
13300000.0,5380251.0,6.0,1102,"['Thriller', 'Science Fiction', 'Drama']",2014-03-14,29.782161,108.0,2014
13000000.0,123922370.0,7.1,642,"['Comedy', 'Drama', 'War']",1987-12-23,18.362333,121.0,1987
13400000.0,16700000.0,4.7,7,"['Action', 'Comedy', 'Thriller']",2010-12-29,0.680753,100.0,2010
13000000.0,98441954.0,4.8,154,"['Documentary', 'Music', 'Family']",2011-02-11,6.735922,105.0,2011
13000000.0,327803731.0,7.3,4430,"['Drama', 'Thriller']",2010-12-02,91.285683,108.0,2010
13000000.0,91038276.0,6.3,352,"['Drama', 'Family', 'Romance', 'Music']",2001-01-12,9.969624,112.0,2001
7000000.0,72500000.0,5.8,281,"['Horror', 'Thriller']",1988-08-19,17.113408,99.0,1988
13000000.0,73180723.0,5.2,509,['Comedy'],2000-12-15,25.316146,83.0,2000
13000000.0,44726644.0,6.6,258,"['Crime', 'Action', 'Adventure', 'Drama', 'Western']",1988-08-12,9.499325,107.0,1988
13000000.0,54837234.0,7.1,763,['Comedy'],2014-10-09,43.791745,102.0,2014
12500000.0,49002684.0,6.0,210,"['Comedy', 'Romance']",2014-02-14,11.828068,100.0,2014
16000000.0,53478166.0,7.3,1701,"['Comedy', 'Romance', 'Drama']",1999-03-30,54.550275,97.0,1999
13000000.0,52313200.5,5.7,151,"['Comedy', 'Family']",2002-05-10,13.525704,88.0,2002
24000000.0,52313200.5,5.7,157,['Comedy'],1993-02-04,12.963328,84.0,1993
17000000.0,119100758.0,6.2,1567,"['Horror', 'Drama', 'Thriller']",2016-06-24,60.829621,86.0,2016
13000000.0,96060858.0,7.3,2060,"['Science Fiction', 'Thriller']",2004-01-22,73.307513,113.0,2004
24000000.0,52313200.5,4.8,51,"['Comedy', 'Family']",2000-02-11,7.964289,89.0,2000
13000000.0,52313200.5,7.1,29,"['Comedy', 'Drama']",2007-11-27,2.388918,117.0,2007
12000000.0,36450736.0,3.3,75,"['Science Fiction', 'Comedy', 'Family']",1999-03-12,4.580081,97.0,1999
12000000.0,52313200.5,5.7,46,"['Comedy', 'Drama', 'Family']",1996-07-10,4.63093,104.0,1996
13000000.0,35763605.0,5.8,308,[],1990-11-09,16.681567,84.0,1990
13200000.0,53830415.0,5.6,181,"['Crime', 'Thriller']",2014-09-10,24.656068,83.0,2014
18000000.0,57096190.0,6.7,1399,"['Science Fiction', 'Horror', 'Thriller']",2007-11-21,37.104353,126.0,2007
13000000.0,22863596.0,7.3,1101,"['Fantasy', 'Drama', 'Comedy']",1999-09-30,27.546914,104.0,1999
6000000.0,52313200.5,6.6,17,"['Comedy', 'Romance']",2001-09-07,2.27213,90.0,2001
13000000.0,45300000.0,5.7,290,"['Family', 'Adventure', 'Science Fiction']",2014-06-14,17.371327,89.0,2014
13000000.0,16929123.0,6.6,96,"['Drama', 'Romance']",2001-06-29,6.130096,99.0,2001
19000000.0,68673228.0,7.2,541,"['Action', 'Adventure', 'Drama', 'War']",2006-12-19,24.47248,141.0,2006
13000000.0,11130889.0,6.2,123,"['Adventure', 'Comedy', 'Drama', 'Science Fiction']",2006-10-15,6.764437,104.0,2006
13000000.0,8026971.0,5.5,10,"['Comedy', 'Romance']",1998-05-08,1.750054,84.0,1998
6000000.0,35401758.0,8.1,2757,"['Drama', 'Thriller']",2015-10-16,66.11334,117.0,2015
24000000.0,52313200.5,6.5,66,['Comedy'],1998-06-12,9.066881,82.0,1998
13000000.0,7820688.0,6.4,135,"['Comedy', 'Crime', 'Horror', 'Thriller']",1994-04-13,6.170139,95.0,1994
13000000.0,27500000.0,5.7,67,['Comedy'],1999-08-04,4.742537,94.0,1999
24000000.0,52313200.5,6.6,7,"['Drama', 'Thriller']",1999-11-04,1.212956,99.0,1999
13000000.0,16757163.0,5.5,135,"['Music', 'Drama']",1998-08-28,11.880899,106.0,1998
24000000.0,52313200.5,5.1,163,"['Adventure', 'Comedy', 'Drama', 'Romance']",2001-08-24,10.131123,84.0,2001
13000000.0,52313200.5,6.1,103,"['Comedy', 'Crime', 'Thriller']",2001-09-06,5.831302,93.0,2001
13000000.0,48065672.0,5.7,737,['Comedy'],2013-03-01,35.522027,93.0,2013
13000000.0,4857367.0,6.8,207,"['Drama', 'Romance']",2006-05-16,10.573191,120.0,2006
24000000.0,52313200.5,5.9,60,['Drama'],2007-06-14,4.898437,104.0,2007
13000000.0,18000000.0,5.4,304,"['Comedy', 'Drama', 'Romance']",2013-03-21,17.632446,107.0,2013
24000000.0,52313200.5,6.7,11,"['Romance', 'Drama']",2000-01-01,1.780065,112.0,2000
15000000.0,8459458.0,5.9,498,"['Drama', 'Thriller', 'Mystery']",2009-03-25,26.373864,96.0,2009
13000000.0,9789900.0,4.8,4,"['Comedy', 'Crime', 'Drama']",1996-04-03,1.647335,91.0,1996
13000000.0,2636637.0,6.5,138,"['Drama', 'Action', 'Comedy', 'Crime']",2006-03-16,12.321302,125.0,2006
13000000.0,33400000.0,7.7,2968,"['Drama', 'Romance']",2012-09-20,43.444135,102.0,2012
3000000.0,1200000.0,4.5,10,['Action'],1993-05-14,1.279106,104.0,1993
13000000.0,1151330.0,6.4,60,['Drama'],2006-11-16,3.680896,110.0,2006
24000000.0,52313200.5,5.6,17,"['Drama', 'Romance', 'Western']",2000-12-29,2.996284,120.0,2000
13000000.0,1784763.0,4.6,243,"['Thriller', 'Horror']",2015-07-24,10.475368,91.0,2015
14350531.0,3964682.0,6.3,733,"['Action', 'Comedy', 'Science Fiction']",2011-05-12,30.952377,88.0,2011
10000000.0,303877.0,5.8,45,"['Drama', 'Romance', 'War']",2011-12-23,4.267466,127.0,2011
13000000.0,68572378.0,6.6,1257,[],2013-03-14,34.532418,94.0,2013
24000000.0,52313200.5,5.8,29,"['History', 'Drama', 'War', 'Action']",2016-07-27,6.116436,110.0,2016
24000000.0,33082548.0,5.3,34,"['Family', 'Action', 'Adventure']",2002-07-26,1.714972,90.0,2002
13000000.0,10652035.0,6.4,503,"['Comedy', 'Drama', 'Romance']",2009-01-18,19.664699,98.0,2009
12000000.0,55260558.0,7.1,109,"['Adventure', 'Drama']",1981-12-15,6.537986,100.0,1981
12500000.0,23367586.0,6.7,137,"['Drama', 'Romance']",2002-12-19,13.349012,120.0,2002
24000000.0,52313200.5,6.9,96,"['Drama', 'Romance']",2002-11-22,6.796079,104.0,2002
12500000.0,12281551.0,7.5,749,"['Action', 'Thriller', 'Crime', 'Romance']",1993-09-09,35.268557,120.0,1993
3100000.0,52313200.5,5.9,92,"['Romance', 'Science Fiction']",2010-07-15,7.453347,111.0,2010
12500000.0,10725228.0,7.5,323,"['Crime', 'Drama', 'Mystery']",1992-09-15,13.939054,100.0,1992
13000000.0,52313200.5,6.0,173,"['Crime', 'Drama', 'Thriller']",2010-02-19,11.892615,109.0,2010
24000000.0,52313200.5,6.0,94,"['Drama', 'Fantasy', 'Horror', 'Thriller']",1982-04-02,5.69872,118.0,1982
12500000.0,27206120.0,5.4,177,"['Horror', 'Mystery', 'Thriller']",2009-09-09,8.780512,101.0,2009
24000000.0,52313200.5,8.4,11,"['Adventure', 'Drama', 'Romance']",1937-09-03,4.021389,101.0,1937
12000000.0,11293663.0,7.1,509,"['Comedy', 'Romance', 'Drama']",2007-10-12,15.817096,106.0,2007
12500000.0,20416563.0,7.7,1451,"['War', 'Drama']",2008-05-07,34.821223,94.0,2008
12800000.0,40031879.0,7.6,377,"['Drama', 'Crime', 'Music']",2000-05-17,22.022228,140.0,2000
24000000.0,52313200.5,6.2,25,"['Drama', 'Romance']",1997-12-31,0.139384,132.0,1997
12500000.0,1227324.0,7.3,31,"['Crime', 'Drama']",1996-01-26,2.950618,99.0,1996
15000000.0,5024782.0,5.8,84,"['Comedy', 'Drama', 'Romance']",2009-09-07,7.497306,90.0,2009
20000000.0,31327899.0,6.3,1150,"['Action', 'Comedy', 'Thriller']",2010-09-01,26.396191,105.0,2010
12500000.0,1083683.0,6.0,94,"['Crime', 'Comedy', 'Drama']",2010-09-16,6.546037,108.0,2010
12300000.0,84460846.0,7.0,640,"['Animation', 'Adventure', 'Family']",1988-11-18,28.670193,104.0,1988
24000000.0,15.0,7.4,133,"['Action', 'Adventure', 'Drama', 'History', 'War']",2004-02-05,9.572705,140.0,2004
12500000.0,3878993.0,6.3,30,"['Drama', 'Family']",2010-04-01,0.903529,118.0,2010
8000000.0,441306145.0,7.5,2005,"['Drama', 'Horror', 'Thriller']",1973-12-26,47.584643,122.0,1973
7000000.0,470654000.0,7.5,2542,"['Horror', 'Thriller', 'Adventure']",1975-06-18,50.152327,124.0,1975
11000000.0,235483004.0,6.4,2296,"['Comedy', 'Romance']",1999-07-09,60.767168,95.0,1999
12516654.0,8109160.0,7.6,142,"['Animation', 'Comedy', 'Drama', 'Family']",2012-12-12,11.103202,78.0,2012
25000000.0,79817939.0,5.6,304,"['Action', 'Adventure', 'Comedy']",1986-12-12,15.26213,94.0,1986
12000000.0,96070507.0,6.9,281,"['Comedy', 'Romance']",2012-04-16,6.035152,122.0,2012
12000000.0,75781642.0,6.2,137,"['Comedy', 'Drama']",2002-04-01,10.297189,102.0,2002
12000000.0,96800000.0,7.3,675,"['Action', 'Adventure', 'Science Fiction', 'Thriller']",1982-06-03,22.434102,113.0,1982
15000000.0,107217396.0,6.4,1648,"['Comedy', 'Mystery']",1994-02-04,41.249004,86.0,1994
12000000.0,79567667.0,7.0,504,"['Thriller', 'Science Fiction']",1983-06-03,23.161754,114.0,1983
12000000.0,68706993.0,7.0,375,"['Crime', 'Drama', 'Romance', 'Thriller']",1985-02-08,19.195399,113.0,1985
12000000.0,81272766.0,6.3,417,"['Action', 'Thriller', 'War']",2012-02-24,21.958055,110.0,2012
12000000.0,114194847.0,6.7,1060,"['Music', 'Drama', 'Romance', 'Crime']",2006-08-11,45.477802,104.0,2006
12000000.0,52313200.5,6.5,168,"['Animation', 'Comedy']",1996-12-15,12.60629,81.0,1996
12000000.0,39673162.0,7.3,1514,"['Comedy', 'Crime', 'Romance']",1997-12-24,40.631671,154.0,1997
12000000.0,43493123.0,6.2,497,"['Comedy', 'Adventure']",2008-04-25,26.219598,107.0,2008
15000000.0,145000000.0,6.6,1935,"['Science Fiction', 'Drama', 'Thriller']",2012-02-01,64.504747,84.0,2012
5000000.0,42365581.0,6.6,249,"['Family', 'Fantasy', 'Science Fiction', 'Adventure', 'Comedy']",1981-07-13,14.779537,116.0,1981
12000000.0,61141030.0,4.7,158,"['Action', 'Adventure', 'Comedy', 'Drama', 'Family', 'Music', 'Romance']",2002-02-15,6.703319,93.0,2002
12000000.0,100000000.0,6.5,1564,"['Comedy', 'Crime']",2012-03-01,49.070321,88.0,2012
12000000.0,89800000.0,7.3,323,"['Drama', 'History', 'War']",1970-01-25,21.933822,172.0,1970
12000000.0,52223306.0,6.6,435,"['Horror', 'Thriller']",2002-08-21,20.624896,96.0,2002
12000000.0,40855419.0,5.5,339,"['Horror', 'Science Fiction', 'Thriller']",2008-10-10,8.083995,89.0,2008
12000000.0,56309766.0,5.5,281,"['Drama', 'Horror', 'Thriller']",2008-02-01,11.135734,98.0,2008
12000000.0,31179516.0,4.7,30,"['Comedy', 'Family']",2004-04-07,4.623609,97.0,2004
12000000.0,31155435.0,6.3,218,['Comedy'],2001-12-21,11.510281,93.0,2001
24000000.0,27281507.0,7.2,212,"['Comedy', 'Family', 'Fantasy', 'Drama']",1992-12-10,15.085981,85.0,1992
12000000.0,56298474.0,7.3,383,"['Drama', 'Romance']",2002-08-29,18.422327,123.0,2002
12000000.0,32726956.0,6.5,85,"['Documentary', 'Music']",2012-06-28,8.410688,93.0,2012
12000000.0,307166834.0,7.6,3759,"['Romance', 'Drama']",2014-05-16,74.358971,125.0,2014
12000000.0,22921898.0,6.9,439,[],1998-09-11,18.422008,121.0,1998
24000000.0,25434291.0,6.3,210,"['Drama', 'Comedy']",2014-12-12,15.896312,102.0,2014
12000000.0,54000000.0,5.4,25,"['Horror', 'Science Fiction']",1979-01-01,8.61659,102.0,1979
12000000.0,21133087.0,6.5,330,"['Horror', 'Mystery', 'Thriller']",1999-09-10,6.044161,99.0,1999
12000000.0,100129872.0,7.4,579,['Drama'],2013-11-01,29.019504,98.0,2013
24000000.0,52313200.5,6.4,72,"['Comedy', 'Drama']",2005-01-23,6.2464,118.0,2005
24000000.0,52313200.5,6.6,101,"['Horror', 'Drama', 'Thriller', 'Science Fiction']",1978-10-05,5.315213,125.0,1978
12000000.0,23006849.0,5.8,364,"['Fantasy', 'Romance', 'Family', 'Comedy']",2006-03-03,16.931846,104.0,2006
12000000.0,85512300.0,6.1,1937,"['Drama', 'Mystery', 'Romance']",2015-06-18,64.610671,109.0,2015
24000000.0,51.0,4.3,15,['Comedy'],2004-01-09,4.480167,86.0,2004
12000000.0,17654912.0,7.4,636,[],2013-09-21,29.223881,115.0,2013
24000000.0,52313200.5,6.7,94,"['Horror', 'Comedy', 'Thriller']",1995-01-13,7.710797,92.0,1995
12000000.0,17292381.0,5.4,33,"['Comedy', 'Family', 'Fantasy', 'Science Fiction']",2001-10-05,1.081822,86.0,2001
12000000.0,22939027.0,5.6,364,[],2011-12-16,16.183746,94.0,2011
12000000.0,42931041.0,6.6,1151,"['Action', 'Thriller', 'Crime']",2006-08-31,47.992817,88.0,2006
24000000.0,13960203.0,5.3,8,"['Comedy', 'Romance']",1997-08-06,1.20245,93.0,1997
12000000.0,12902790.0,5.3,11,"['Comedy', 'Drama', 'Romance']",1998-10-30,0.700792,100.0,1998
24000000.0,21520719.0,6.1,99,[],2010-05-14,10.409253,100.0,2010
24000000.0,52313200.5,6.1,163,['Drama'],2008-10-03,14.345428,113.0,2008
12000000.0,52313200.5,6.4,110,[],1981-03-20,6.803763,122.0,1981
24000000.0,31466789.0,6.4,377,"['Drama', 'Romance']",2003-08-31,19.944479,101.0,2003
14000000.0,85000000.0,7.9,613,"['Action', 'Drama', 'History', 'War', 'Adventure']",1981-09-16,26.967494,149.0,1981
12000000.0,52313200.5,4.6,47,['Comedy'],2002-03-22,3.444542,93.0,2002
24000000.0,87100449.0,7.8,2067,"['Comedy', 'Drama', 'Science Fiction']",2013-08-16,74.817641,123.0,2013
24000000.0,92863945.0,7.1,439,"['Adventure', 'Drama', 'Action', 'Romance']",2004-05-19,21.064082,119.0,2004
12000000.0,35485056.0,6.1,294,"['Drama', 'Thriller']",2012-09-14,16.40512,100.0,2012
12000000.0,32248241.0,6.4,933,"['Science Fiction', 'Thriller']",2015-01-30,32.940597,106.0,2015
12000000.0,52313200.5,6.9,86,"['Drama', 'History', 'Music']",2008-12-05,13.427427,109.0,2008
24000000.0,52313200.5,4.9,23,"['Action', 'Comedy']",2000-05-12,5.359381,81.0,2000
12000000.0,5542025.0,5.9,43,"['Comedy', 'Drama']",2006-11-22,4.330428,104.0,2006
24000000.0,52313200.5,6.0,111,"['Drama', 'Comedy']",1998-09-07,7.594593,113.0,1998
12000000.0,6754898.0,5.8,78,"['Drama', 'Comedy']",2006-10-27,4.770195,116.0,2006
12000000.0,4922166.0,3.0,23,"['Comedy', 'Romance']",2003-06-20,1.623338,90.0,2003
12000000.0,4939939.0,5.7,16,['Comedy'],1996-03-22,2.993939,104.0,1996
12000000.0,23.0,4.6,89,"['Mystery', 'Thriller']",2003-09-09,10.536092,119.0,2003
12000000.0,3148182.0,6.6,154,"['Drama', 'Romance']",2008-11-19,8.290636,104.0,2008
24000000.0,52313200.5,6.0,22,"['Comedy', 'Drama']",2001-09-10,3.603842,109.0,2001
11000000.0,88489643.0,6.7,537,"['Horror', 'Drama', 'Science Fiction']",2006-07-27,27.65527,119.0,2006
24000000.0,52313200.5,6.8,4,"['Adventure', 'Crime', 'Thriller']",1981-11-13,1.379643,100.0,1981
12000000.0,52313200.5,6.9,141,"['Comedy', 'Horror', 'Thriller', 'Western']",1999-03-16,9.164386,100.0,1999
12000000.0,52313200.5,6.5,225,"['Comedy', 'Drama']",2008-02-22,9.779444,97.0,2008
12400000.0,8371085.0,7.3,720,"['Comedy', 'Drama']",2013-05-21,32.523573,142.0,2013
24000000.0,52313200.5,6.4,53,"['Comedy', 'Drama']",2002-06-14,2.24888,104.0,2002
12000000.0,12077441.0,6.5,882,"['Drama', 'Horror', 'Thriller']",2013-02-28,27.322212,99.0,2013
12000000.0,19271312.0,6.9,206,"['Fantasy', 'Drama', 'Science Fiction', 'Romance']",2004-05-20,12.664787,129.0,2004
12000000.0,52313200.5,6.1,38,"['Crime', 'Drama', 'Romance']",2007-09-12,3.004432,90.0,2007
12000000.0,52313200.5,6.9,41,"['Adventure', 'Drama', 'Family']",2005-04-22,4.795244,100.0,2005
12000000.0,1644755.0,6.5,84,"['Drama', 'Romance']",2009-09-14,5.841285,111.0,2009
12000000.0,15250000.0,6.8,107,"['Crime', 'Drama', 'Thriller']",2000-09-09,5.327714,104.0,2000
1200000.0,52313200.5,6.2,50,['Comedy'],2002-05-24,3.582733,86.0,2002
24000000.0,52313200.5,6.1,9,"['Comedy', 'Drama']",1997-10-31,2.678715,107.0,1997
8000000.0,52313200.5,6.1,88,"['Thriller', 'Drama', 'Mystery']",2007-09-08,9.728143,90.0,2007
24000000.0,52313200.5,5.3,22,"['Drama', 'Romance']",2012-04-20,2.303865,103.0,2012
12000000.0,52313200.5,6.8,67,"['Drama', 'Thriller']",2007-01-23,11.237374,120.0,2007
24000000.0,52313200.5,6.5,28,"['War', 'Drama']",2005-02-10,1.906807,140.0,2005
12000000.0,52313200.5,5.2,28,['Comedy'],1999-02-13,2.695896,110.0,1999
24000000.0,52313200.5,4.8,13,"['Comedy', 'Drama', 'Thriller']",2009-12-11,1.416796,95.0,2009
7500000.0,52313200.5,6.7,192,"['Thriller', 'Science Fiction', 'Mystery']",2002-10-01,11.636883,95.0,2002
12000000.0,10652498.0,7.6,55,"['Drama', 'History', 'War']",2009-04-22,4.793348,132.0,2009
19000000.0,2570000.0,3.0,3,"['Animation', 'Family', 'Action', 'Adventure', 'Comedy']",2011-01-01,0.738652,89.0,2011
12000000.0,11212294.0,6.3,59,['Science Fiction'],2010-12-01,5.158067,131.0,2010
20000000.0,17479.0,5.8,62,"['War', 'Drama']",2011-04-14,5.727602,113.0,2011
12000000.0,52313200.5,6.9,612,['Horror'],2009-10-16,25.496926,99.0,2009
1200000.0,52313200.5,4.3,5,['Drama'],2015-11-20,0.489271,111.0,2015
12000000.0,101332962.0,6.0,229,['Drama'],2014-04-16,11.150261,99.0,2014
10000000.0,83557872.0,7.7,2912,"['Thriller', 'Crime']",2000-09-01,53.595686,103.0,2000
24000000.0,52313200.5,4.3,2,"['Drama', 'Romance']",2015-10-16,0.186234,89.0,2015
11500000.0,57469467.0,6.4,407,"['Drama', 'Horror']",1989-04-21,20.747994,104.0,1989
24000000.0,52313200.5,7.5,20,[],1993-04-17,2.930853,134.0,1993
11500000.0,52313200.5,5.5,29,['Drama'],2009-02-07,4.75919,101.0,2009
24000000.0,52313200.5,6.3,5,"['Drama', 'History', 'Romance']",2015-08-28,0.753362,130.0,2015
11000000.0,153083102.0,6.9,1596,"['Fantasy', 'Horror', 'Comedy']",1984-06-07,45.072136,106.0,1984
11500000.0,94073028.0,5.7,1406,['Comedy'],2016-01-21,56.805781,102.0,2016
24000000.0,52313200.5,7.1,242,"['Adventure', 'Crime', 'Drama', 'Thriller']",2014-10-09,14.637357,112.0,2014
24000000.0,52313200.5,6.2,821,"['Comedy', 'Drama', 'Family', 'Music', 'Romance']",2008-10-22,21.801188,116.0,2008
25000000.0,93617009.0,7.2,1486,['Drama'],2010-12-17,31.019381,116.0,2010
11000000.0,72778712.0,6.4,298,"['Action', 'Comedy', 'Documentary']",2006-09-22,11.227087,95.0,2006
11000000.0,64088552.0,7.3,384,"['Comedy', 'Drama']",1992-03-13,19.231507,120.0,1992
11000000.0,78874843.0,7.3,1368,['Drama'],2014-08-21,31.162838,106.0,2014
12000000.0,52313200.5,3.9,74,"['Action', 'Comedy', 'Crime']",2014-05-26,3.94487,96.0,2014
11000000.0,49797148.0,6.6,217,['Comedy'],1989-02-16,7.559192,107.0,1989
24000000.0,52313200.5,5.6,142,"['Comedy', 'Family', 'Science Fiction']",2007-12-21,7.377587,101.0,2007
13000000.0,97837138.0,6.7,1062,"['Thriller', 'Drama']",2002-09-09,38.018085,81.0,2002
11000000.0,41227069.0,7.5,1018,"['Drama', 'Romance']",2002-01-25,33.283554,101.0,2002
11000000.0,39363635.0,7.3,337,['Drama'],1995-12-29,15.864928,122.0,1995
10500000.0,75902208.0,6.6,827,"['Drama', 'Romance', 'Thriller']",1999-03-05,23.449703,97.0,1999
11000000.0,68233629.0,6.0,722,"['Horror', 'Mystery']",2009-10-22,31.900899,90.0,2009
11000000.0,31672907.0,6.5,204,['Comedy'],1981-06-12,14.282314,92.0,1981
11000000.0,38105395.0,7.4,158,['Adventure'],2008-09-17,7.645979,114.0,2008
11000000.0,23978402.0,4.1,54,"['Action', 'Comedy', 'Crime']",2001-10-12,3.495758,86.0,2001
12000000.0,37170057.0,5.9,65,"['Drama', 'Horror', 'Thriller', 'Crime']",1992-08-07,7.558959,91.0,1992
11.0,11.0,6.4,29,"['Drama', 'Action']",1978-04-26,3.375208,145.0,1978
12000000.0,4884663.0,5.5,57,['Science Fiction'],1986-01-01,4.234269,100.0,1986
11000000.0,62076141.0,7.2,1213,"['Drama', 'Romance']",2015-10-20,39.337949,111.0,2015
11000000.0,20000000.0,7.7,505,"['Drama', 'Romance', 'War']",1975-12-18,29.543331,104.0,1975
24000000.0,14782676.0,5.8,53,['Comedy'],2001-11-21,4.12064,89.0,2001
24000000.0,13700000.0,5.7,34,['Comedy'],2000-10-13,2.259537,84.0,2000
11000000.0,59520298.0,6.3,139,"['Drama', 'Comedy', 'Romance']",2012-09-08,7.722021,98.0,2012
11000000.0,23430766.0,4.9,74,"['Comedy', 'Romance']",2001-03-30,7.063053,95.0,2001
11000000.0,13110448.0,7.0,334,"['Drama', 'Thriller', 'Crime']",2001-11-17,16.003958,100.0,2001
11000000.0,61619773.0,7.3,440,['Drama'],2015-04-10,21.204929,120.0,2015
24000000.0,52313200.5,6.6,131,['Drama'],2004-09-04,6.799314,118.0,2004
11000000.0,52313200.5,7.3,838,"['Fantasy', 'Horror', 'Comedy']",1992-10-09,33.758281,81.0,1992
14000000.0,6413915.0,5.4,60,"['Comedy', 'Romance']",2002-02-01,9.371811,86.0,2002
11000000.0,30000000.0,7.5,919,"['Romance', 'Drama']",1993-12-17,33.282794,118.0,1993
10000000.0,4069090.0,8.2,12,"['Drama', 'History']",2003-09-11,3.208172,125.0,2003
11000000.0,52313200.5,6.8,80,"['Crime', 'Drama']",2004-10-22,4.131918,125.0,2004
24000000.0,52313200.5,5.1,75,"['Comedy', 'Romance']",2002-08-21,4.093288,91.0,2002
11000000.0,2832826.0,6.6,9,"['Comedy', 'Drama', 'Romance']",1995-05-12,1.187671,113.0,1995
11000000.0,32935319.0,7.2,834,"['Drama', 'Music']",2013-10-06,36.319205,105.0,2013
24000000.0,16017403.0,5.8,75,"['Drama', 'Romance', 'Thriller']",2001-08-31,4.146752,95.0,2001
11000000.0,2807854.0,5.1,153,"['Drama', 'Adventure', 'Romance']",1991-08-02,9.705589,98.0,1991
11000000.0,2200000.0,5.9,16,"['Drama', 'History']",1970-01-27,1.396985,104.0,1970
24000000.0,2945242.0,6.0,33,"['Comedy', 'Music', 'Romance']",2005-09-13,4.056774,105.0,2005
11000000.0,52313200.5,6.2,42,['Drama'],2006-09-10,5.062687,104.0,2006
24000000.0,52313200.5,5.6,35,"['Drama', 'Thriller', 'Crime']",2010-09-13,3.122152,111.0,2010
10800000.0,113857533.0,5.9,820,"['Horror', 'Thriller', 'Crime']",2008-10-23,32.943848,92.0,2008
24000000.0,52313200.5,7.3,6,"['Drama', 'Action', 'Thriller', 'Crime', 'Foreign']",1969-04-01,0.700127,116.0,1969
11000000.0,52313200.5,5.9,881,"['Drama', 'Comedy', 'Romance']",2012-02-10,31.763201,97.0,2012
24000000.0,52313200.5,5.7,25,"['Crime', 'Drama', 'Mystery', 'Thriller']",2006-07-20,8.950864,123.0,2006
14000000.0,18535191.0,6.3,46,"['Drama', 'Comedy', 'Romance']",1999-04-15,4.519523,97.0,1999
24000000.0,52313200.5,5.2,302,"['Science Fiction', 'Thriller', 'Horror']",2013-08-11,18.764453,98.0,2013
24000000.0,52313200.5,5.6,112,['Horror'],2002-10-02,6.340135,102.0,2002
10500000.0,68700000.0,7.9,2998,"['Science Fiction', 'Mystery', 'Adventure']",1968-04-10,86.201184,149.0,1968
10000000.0,17500000.0,5.8,160,"['Romance', 'Comedy', 'Drama']",2007-04-16,12.792446,97.0,2007
24000000.0,52313200.5,6.8,6,"['Adventure', 'Drama', 'Family']",2004-02-20,1.985552,97.0,2004
10500000.0,123509.0,8.5,2,"['Drama', 'Comedy']",1994-09-02,0.037073,99.0,1994
24000000.0,52313200.5,5.2,29,"['Drama', 'Comedy', 'Romance', 'Foreign']",2010-04-30,0.12082,135.0,2010
11000000.0,52313200.5,5.0,16,"['Drama', 'Action', 'History', 'Western', 'Romance']",2007-05-17,3.646848,110.0,2007
12000000.0,9622846.0,6.4,35,"['History', 'Drama']",2012-06-01,5.759545,145.0,2012
11000000.0,52313200.5,7.0,766,"['Comedy', 'Drama', 'Music']",2014-12-17,25.302978,104.0,2014
10000000.0,225933435.0,7.9,2811,['Drama'],1997-12-05,43.734886,126.0,1997
11000000.0,52313200.5,5.3,149,"['Drama', 'Thriller']",2016-02-05,10.016909,106.0,2016
10000000.0,163876815.0,6.1,1071,"['Horror', 'Thriller', 'Crime']",2006-10-27,33.124871,108.0,2006
10000000.0,85300000.0,6.5,249,"['Action', 'Comedy']",1981-06-25,10.892398,106.0,1981
28000000.0,90449929.0,5.8,568,['Comedy'],2000-08-25,14.754281,98.0,2000
10000000.0,118587880.0,6.1,1306,"['Action', 'Horror', 'Thriller']",2016-06-29,53.727146,105.0,2016
10000000.0,103166989.0,5.7,418,"['Comedy', 'Romance']",1999-01-29,8.9876,95.0,1999
10000000.0,139352633.0,5.9,903,"['Horror', 'Thriller', 'Crime']",2007-10-25,29.244768,93.0,2007
10000000.0,91196419.0,5.6,261,"['Drama', 'Horror', 'Thriller']",2005-01-07,14.447723,101.0,2005
6000000.0,57231524.0,6.0,77,"['Drama', 'Comedy', 'Romance']",2006-02-24,5.882208,110.0,2006
13800000.0,52293982.0,6.7,291,['Drama'],1986-10-07,17.3393,119.0,1986
10000000.0,50752337.0,6.4,198,"['Comedy', 'Family']",1992-10-01,8.932837,101.0,1992
10000000.0,183474602.0,5.8,865,"['Horror', 'Mystery', 'Thriller']",2004-10-22,35.695442,104.0,2004
12000000.0,41205099.0,6.5,755,['Comedy'],1996-02-16,26.598884,92.0,1996
10000000.0,59217789.0,6.1,720,"['Horror', 'Thriller']",2001-07-01,23.316208,90.0,2001
10000000.0,40485039.0,6.7,454,[],1989-02-17,25.929893,90.0,1989
10000000.0,37402877.0,7.0,103,"['Drama', 'Family', 'Music']",1968-09-26,8.305998,153.0,1968
10000000.0,136836156.0,6.9,459,"['Drama', 'Comedy']",2011-11-28,21.258991,124.0,2011
10000000.0,44460850.0,6.6,67,"['Science Fiction', 'Animation', 'Comedy', 'Family']",2001-01-27,5.699058,83.0,2001
12305523.0,36230219.0,5.9,748,"['Action', 'Adventure', 'Science Fiction']",1985-06-29,36.582038,107.0,1985
10000000.0,57500000.0,6.4,742,"['Action', 'Adventure', 'Thriller']",1985-10-03,34.224204,90.0,1985
10000000.0,64188367.0,5.8,1102,"['Horror', 'Mystery', 'Thriller']",2016-01-22,38.179483,97.0,2016
10000000.0,33583175.0,5.8,816,"['Horror', 'Mystery', 'Thriller']",2010-01-13,30.934688,80.0,2010
20000000.0,33526835.0,6.0,100,['Comedy'],2002-11-22,7.499639,85.0,2002
10000000.0,104303851.0,6.2,983,"['Drama', 'Horror', 'Thriller']",2015-06-04,45.946524,97.0,2015
10000000.0,25754284.0,6.4,69,"['Action', 'Adventure', 'Comedy']",1985-03-22,4.928777,108.0,1985
10000000.0,32101000.0,5.4,197,"['Horror', 'Thriller', 'Science Fiction']",1992-03-05,10.125029,108.0,1992
9000000.0,32973937.0,6.4,379,"['Comedy', 'Music', 'Romance']",2008-10-03,20.452449,89.0,2008
10000000.0,30652890.0,6.8,823,"['Fantasy', 'Comedy', 'Adventure']",1999-11-12,14.543435,130.0,1999
10000000.0,52313200.5,5.5,62,"['Comedy', 'Drama']",2002-09-20,6.015354,98.0,2002
10000000.0,29450919.0,6.2,161,"['Drama', 'Fantasy', 'Horror', 'Science Fiction', 'Thriller']",1983-06-24,12.902975,101.0,1983
15000000.0,30050028.0,6.3,252,"['Action', 'Thriller']",1989-05-19,6.216203,104.0,1989
10000000.0,29392418.0,6.0,31,"['Action', 'Comedy', 'Crime']",1994-11-23,3.290639,100.0,1994
8500000.0,34411240.0,5.0,70,"['Drama', 'Thriller']",2002-09-06,4.844451,84.0,2002
12000000.0,38368909.0,5.3,153,"['Comedy', 'Romance']",2006-10-06,9.559737,103.0,2006
10000000.0,25605015.0,6.1,122,"['Comedy', 'Drama', 'Romance']",1998-06-12,11.350382,100.0,1998
10000000.0,33697647.0,6.9,291,"['Crime', 'Drama']",1983-03-25,13.455373,91.0,1983
65000000.0,143695338.0,6.2,679,"['Adventure', 'Family', 'Fantasy']",2016-08-10,31.974359,102.0,2016
10000000.0,20766616.0,6.9,311,"['Horror', 'Science Fiction', 'Thriller']",1983-10-21,16.78512,103.0,1983
10000000.0,52882018.0,5.4,581,['Horror'],2015-08-19,26.090495,97.0,2015
14000000.0,24637469.0,5.8,36,"['Drama', 'Music']",2012-08-17,2.698185,116.0,2012
24000000.0,52313200.5,5.0,114,"['Horror', 'Thriller']",2001-02-01,5.904126,96.0,2001
10000000.0,42333295.0,5.8,441,"['Mystery', 'Science Fiction', 'Thriller']",2009-11-06,22.888173,98.0,2009
10000000.0,52313200.5,6.4,81,"['Drama', 'Comedy', 'Music']",2006-06-09,5.025446,105.0,2006
24000000.0,52313200.5,5.2,13,"['Drama', 'Action', 'Thriller']",1994-02-25,2.580808,123.0,1994
24000000.0,52313200.5,5.3,49,"['Action', 'Thriller']",1985-09-27,4.192064,104.0,1985
24000000.0,52313200.5,6.1,27,"['Comedy', 'Drama', 'Family']",2005-09-23,2.596338,112.0,2005
9000000.0,17096053.0,7.5,676,"['Comedy', 'Drama']",1998-09-17,18.289303,93.0,1998
10000000.0,66821036.0,4.7,507,['Science Fiction'],2010-11-11,26.268209,100.0,2010
10000000.0,85978266.0,6.3,272,[],2015-02-26,17.592299,122.0,2015
24000000.0,52313200.5,6.4,34,"['Comedy', 'Drama', 'Family']",2008-07-02,6.27141,101.0,2008
24000000.0,52313200.5,5.5,203,"['Comedy', 'Drama', 'Family', 'Romance']",2005-06-17,11.158906,100.0,2005
10000000.0,16153593.0,6.3,47,"['Drama', 'Romance']",1990-08-03,3.079862,129.0,1990
24000000.0,52313200.5,6.1,159,"['Action', 'Comedy']",2002-01-25,8.288813,81.0,2002
11000000.0,48572000.0,6.6,864,"['Action', 'Horror']",1990-01-19,32.579697,96.0,1990
12600000.0,28650575.0,6.0,635,"['Horror', 'Thriller']",2003-05-30,33.555764,84.0,2003
10000000.0,15795189.0,6.6,50,"['Western', 'History']",1980-05-12,2.959547,99.0,1980
25000000.0,15156200.0,6.0,57,"['Action', 'Crime', 'Mystery', 'Thriller']",1999-03-12,4.068107,110.0,1999
10000000.0,21587700.0,7.0,1068,['Drama'],2013-05-01,17.663353,130.0,2013
10000000.0,20342161.0,5.6,72,"['Action', 'Adventure', 'Comedy', 'Crime']",2007-02-23,4.207456,84.0,2007
10000000.0,52313200.5,8.0,201,"['Documentary', 'Music']",2013-08-28,7.944457,92.0,2013
10000000.0,52313200.5,5.4,58,['Comedy'],2009-08-14,3.352702,90.0,2009
24000000.0,52313200.5,5.6,62,"['Animation', 'Family']",2002-06-28,5.856363,76.0,2002
6400000.0,35057696.0,6.6,406,['Drama'],2011-10-17,21.006078,99.0,2011
10000000.0,17297244.0,6.2,136,"['Action', 'Comedy', 'Crime', 'Drama', 'Thriller']",2005-05-12,5.647538,104.0,2005
10000000.0,52313200.5,8.1,12,"['Comedy', 'Drama', 'Romance']",1997-03-14,1.000178,104.0,1997
5000000.0,58978653.0,6.7,1049,"['Thriller', 'Mystery']",2015-07-30,27.247013,108.0,2015
24000000.0,52313200.5,6.1,15,"['Adventure', 'Drama']",2005-12-02,1.83428,108.0,2005
10000000.0,52313200.5,5.5,75,"['Comedy', 'Romance']",2001-03-08,11.592129,87.0,2001
10000000.0,12827813.0,7.4,1050,"['Comedy', 'Crime']",1999-02-19,18.366362,89.0,1999
10000000.0,10571408.0,6.4,86,['Comedy'],1999-07-23,6.736274,98.0,1999
10000000.0,28883511.0,6.8,1196,['Drama'],2014-12-24,28.570174,105.0,2014
30000000.0,9898412.0,6.2,179,"['Comedy', 'Crime', 'Thriller']",1998-09-11,5.671691,100.0,1998
24000000.0,52313200.5,5.3,101,"['Comedy', 'Family']",2004-07-09,5.842299,89.0,2004
10000000.0,8801940.0,6.4,137,"['Crime', 'Mystery', 'Horror', 'Thriller']",1984-10-25,9.525626,114.0,1984
10000000.0,6110000.0,5.1,179,"['Action', 'Adventure', 'Comedy']",2010-05-21,14.038512,104.0,2010
24000000.0,52313200.5,6.8,131,"['Crime', 'Drama', 'Thriller']",2002-09-05,9.177896,97.0,2002
6000000.0,32438988.0,4.4,797,['Comedy'],2013-01-01,35.350303,90.0,2013
10000000.0,52313200.5,5.3,145,['Comedy'],2008-02-01,12.067921,95.0,2008
10000000.0,9636289.0,6.3,700,"['Comedy', 'Drama', 'Romance', 'Science Fiction']",2012-06-22,30.863082,101.0,2012
24000000.0,6861102.0,5.9,135,['Comedy'],2011-02-11,10.254807,87.0,2011
20000000.0,23875127.0,8.2,3016,['Drama'],1998-10-30,73.567232,119.0,1998
24000000.0,6842058.0,5.9,289,[],2012-09-21,16.361743,94.0,2012
10000000.0,52313200.5,5.5,2,[],2004-01-16,1.374409,74.0,2004
18000000.0,9495408.0,7.3,99,"['Drama', 'Thriller', 'Mystery', 'Music', 'Romance']",1998-09-10,6.18869,131.0,1998
10000000.0,52313200.5,7.7,306,['Drama'],1999-10-15,15.280261,112.0,1999
24000000.0,52313200.5,5.5,34,"['Action', 'Crime', 'Drama', 'Romance']",2002-05-03,0.753481,96.0,2002
9500000.0,7800000.0,6.4,334,['Comedy'],2013-09-06,14.105392,88.0,2013
10000000.0,33000000.0,6.2,238,[],2007-09-06,14.905357,100.0,2007
10000000.0,2154696.0,3.8,6,[],1981-12-18,0.518056,79.0,1981
9000000.0,21571189.0,6.5,115,['Drama'],2014-09-06,12.172131,121.0,2014
24000000.0,52313200.5,4.1,10,"['Comedy', 'Family', 'Romance']",2001-10-26,3.084874,85.0,2001
10000000.0,7177143.0,6.9,336,"['Adventure', 'Drama', 'War']",2006-09-09,17.078656,126.0,2006
10000000.0,10835752.0,6.6,183,"['Comedy', 'Drama', 'Music']",2015-03-19,16.318608,107.0,2015
10000000.0,4417580.0,6.1,217,"['Drama', 'Comedy']",2011-09-13,10.409155,83.0,2011
24000000.0,52313200.5,6.9,73,[],2009-09-05,5.355763,120.0,2009
24000000.0,52313200.5,5.4,41,"['Drama', 'Science Fiction', 'Mystery']",2012-10-12,4.725357,112.0,2012
11500000.0,3275585.0,5.7,36,"['Action', 'Crime', 'Drama', 'Thriller']",1993-09-13,4.850402,100.0,1993
10000000.0,3193102.0,6.6,105,"['Action', 'Crime', 'Drama', 'Mystery', 'Thriller']",1999-05-15,8.902102,89.0,1999
6500000.0,98410061.0,7.2,1149,['Drama'],2004-01-13,28.223163,112.0,2004
10000000.0,5164404.0,6.4,25,"['Drama', 'Romance']",2000-09-23,3.007816,140.0,2000
24000000.0,52313200.5,6.8,15,"['Action', 'Thriller']",1987-05-01,1.610132,92.0,1987
24000000.0,52313200.5,7.3,90,"['Drama', 'Romance']",2006-03-30,8.326131,120.0,2006
10000000.0,52313200.5,4.4,51,['Comedy'],2011-09-09,3.919057,97.0,2011
24000000.0,52313200.5,6.3,24,"['Comedy', 'Drama']",2000-10-06,2.23411,135.0,2000
10000000.0,40055439.0,4.8,448,"['Horror', 'Thriller']",2016-01-07,19.865989,95.0,2016
14000000.0,439564.0,6.0,2,"['Adventure', 'Mystery', 'Thriller']",1981-02-11,0.310513,118.0,1981
10000000.0,7587485.0,5.8,383,"['Comedy', 'Drama', 'Mystery']",2015-04-03,19.263477,97.0,2015
10000000.0,1759252.0,7.0,54,['Drama'],2011-06-24,4.123533,98.0,2011
24000000.0,52313200.5,6.4,168,"['Drama', 'Mystery', 'Thriller']",2002-12-13,6.948401,98.0,2002
10000000.0,1631839.0,5.4,24,"['Action', 'Comedy', 'Romance', 'Thriller']",2000-02-04,3.988432,101.0,2000
24000000.0,52313200.5,6.8,49,"['Adventure', 'Drama', 'Action', 'Family']",2002-12-27,5.099923,132.0,2002
20000000.0,1969193.0,6.4,365,"['Thriller', 'Crime', 'Drama']",2012-09-01,19.494703,105.0,2012
24000000.0,52313200.5,5.5,46,"['Action', 'Science Fiction']",2006-06-23,3.759988,154.0,2006
10000000.0,52313200.5,6.2,51,"['Thriller', 'Comedy', 'Crime']",2000-05-17,4.176066,87.0,2000
10000000.0,3665069.0,6.5,425,"['Crime', 'Drama', 'Thriller']",2011-09-10,16.436178,102.0,2011
10000000.0,7022728.0,6.1,210,"['Comedy', 'Drama']",2009-09-13,14.979375,96.0,2009
24000000.0,52313200.5,6.8,37,"['Crime', 'Drama', 'Thriller']",2003-05-02,8.045488,104.0,2003
24000000.0,52313200.5,4.9,46,['Comedy'],2007-09-07,8.312153,104.0,2007
10000000.0,21786738.0,6.0,190,"['Drama', 'Romance']",2007-05-16,10.733761,111.0,2007
24000000.0,52313200.5,6.3,7,['Drama'],1998-05-21,0.111313,119.0,1998
10000000.0,598645.0,4.8,50,"['Comedy', 'Romance']",2002-10-11,4.570043,89.0,2002
5000000.0,1296184.0,5.6,86,"['Action', 'Adventure', 'Comedy', 'Thriller']",2008-04-28,6.265659,106.0,2008
24000000.0,42776760.0,6.6,491,"['Action', 'Comedy']",2001-07-12,17.54768,113.0,2001
10000000.0,52313200.5,5.5,62,['Drama'],2004-08-27,3.412162,93.0,2004
24000000.0,52313200.5,6.4,5,"['Comedy', 'Crime', 'Thriller']",1997-10-15,0.627964,105.0,1997
24000000.0,52313200.5,6.5,98,['Drama'],2014-11-07,5.75555,103.0,2014
24000000.0,52313200.5,5.3,3,['Drama'],1997-10-10,1.031142,100.0,1997
7700000.0,1072602.0,5.9,131,"['Drama', 'Thriller']",2011-02-14,7.554799,123.0,2011
10000000.0,52313200.5,6.3,29,"['Comedy', 'Drama']",2004-09-14,2.85283,111.0,2004
24000000.0,52313200.5,6.4,12,"['Action', 'Crime', 'Comedy']",2001-07-16,1.769593,86.0,2001
10000000.0,295750.0,6.5,177,"['Comedy', 'Romance']",2009-08-20,9.805551,99.0,2009
24000000.0,52313200.5,6.4,169,"['Horror', 'Comedy', 'Thriller']",2006-05-19,12.898984,96.0,2006
10000000.0,52313200.5,6.0,50,"['Drama', 'Thriller']",2005-08-31,2.803642,82.0,2005
24000000.0,42145.0,6.4,139,['Drama'],2010-10-29,6.085879,110.0,2010
24000000.0,126247.0,4.1,178,"['Comedy', 'Crime']",1994-06-09,11.946898,83.0,1994
24000000.0,52313200.5,6.0,5,"['Drama', 'Crime']",2010-02-01,0.397341,104.0,2010
10000000.0,52313200.5,5.8,14,[],2013-05-03,0.072085,125.0,2013
10000000.0,52313200.5,6.2,31,"['Comedy', 'Family', 'Romance']",2014-03-07,2.849895,104.0,2014
10000000.0,45779.0,3.0,9,['Comedy'],1998-02-20,0.666218,86.0,1998
24000000.0,52313200.5,4.8,19,[],2009-02-07,1.388136,90.0,2009
3200000.0,52313200.5,5.4,59,[],2009-04-25,2.631688,90.0,2009
24000000.0,52313200.5,4.7,44,"['Comedy', 'Drama']",2009-01-21,10.955567,90.0,2009
24000000.0,140987.0,5.8,4,"['Drama', 'Family']",2008-12-24,0.122874,94.0,2008
10000000.0,17472.0,5.1,83,[],2015-07-01,5.145655,111.0,2015
10000000.0,9069.0,7.0,5,['Comedy'],2009-10-16,1.728816,85.0,2009
10000000.0,52313200.5,3.9,29,"['Comedy', 'Romance']",2007-12-21,3.064563,93.0,2007
24000000.0,52313200.5,5.4,130,"['Drama', 'Horror', 'Thriller']",2010-05-15,7.245108,94.0,2010
24000000.0,52313200.5,6.4,34,"['Comedy', 'Drama']",2004-10-15,9.085482,91.0,2004
24000000.0,52313200.5,5.6,80,"['Thriller', 'Drama', 'Horror', 'Fantasy']",2007-01-05,6.814247,99.0,2007
10000000.0,52313200.5,4.3,16,"['Music', 'Drama']",2011-06-10,2.873796,91.0,2011
24000000.0,52313200.5,6.1,35,"['Action', 'Thriller']",2008-09-10,4.481897,117.0,2008
24000000.0,52313200.5,6.5,1,"['Family', 'Animation', 'Adventure']",2014-08-07,1.413934,85.0,2014
10000000.0,52313200.5,6.4,22,"['Drama', 'War']",2008-08-08,2.574014,106.0,2008
10.0,11.0,6.9,26,"['Drama', 'Romance', 'Comedy']",2013-08-30,1.617943,85.0,2013
24000000.0,52313200.5,4.3,9,"['Comedy', 'Romance']",2010-05-07,1.259968,99.0,2010
10000000.0,52313200.5,4.0,53,"['Action', 'Horror', 'Thriller', 'Science Fiction']",2009-05-26,5.099472,90.0,2009
24000000.0,52313200.5,6.4,6,"['Drama', 'Foreign', 'Romance']",2007-02-02,2.131524,116.0,2007
24000000.0,52313200.5,5.0,6,['Comedy'],2010-03-09,0.304566,85.0,2010
10000000.0,52313200.5,7.1,193,"['Action', 'Adventure', 'Comedy', 'Western']",2008-07-16,11.847324,130.0,2008
10.0,10000000.0,4.9,119,"['Horror', 'Thriller']",2013-09-28,10.013629,99.0,2013
10000000.0,52313200.5,6.7,27,"['Drama', 'Action', 'Comedy', 'Western']",2010-04-30,3.753703,89.0,2010
9500000.0,17164377.0,6.4,737,['Comedy'],2009-04-03,19.978021,107.0,2009
9600000.0,4386236.0,6.0,24,"['Drama', 'Romance']",2005-09-03,3.588529,144.0,2005
11000000.0,59827328.0,6.4,135,['Comedy'],2000-01-12,9.337388,98.0,2000
10000000.0,52313200.5,4.3,158,['Action'],2014-09-11,11.431434,94.0,2014
9500000.0,111584787.0,6.5,531,"['Action', 'Thriller', 'Adventure']",1967-06-12,28.675891,117.0,1967
10.0,52313200.5,6.1,86,"['Drama', 'Action', 'Comedy', 'Crime']",2014-04-30,9.70276,102.0,2014
8900000.0,19839492.0,7.5,400,"['Drama', 'Romance']",2012-07-01,17.151293,127.0,2012
10500000.0,14144000.0,4.5,123,"['Horror', 'Thriller']",1988-06-10,11.225044,98.0,1988
9500000.0,52313200.5,4.9,34,"['Horror', 'Science Fiction']",2015-10-16,5.346205,87.0,2015
9400000.0,60000000.0,7.0,140,"['Action', 'Adventure', 'Comedy', 'Crime']",1963-11-07,14.562991,163.0,1963
12899867.0,85582407.0,7.3,406,"['Comedy', 'Drama', 'Romance']",2006-03-16,19.747809,121.0,2006
9300000.0,52313200.5,6.2,148,[],1981-08-07,12.928269,90.0,1981
10000000.0,52313200.5,6.2,51,"['Action', 'Comedy', 'Thriller']",2009-09-30,3.193777,89.0,2009
24000000.0,52313200.5,6.9,49,"['Drama', 'War']",1995-12-29,5.107235,104.0,1995
10000000.0,52313200.5,5.1,74,"['Action', 'Horror', 'Thriller']",2015-02-27,10.073144,94.0,2015
24000000.0,52313200.5,6.0,40,"['Drama', 'Action', 'Romance']",2010-05-21,4.807549,131.0,2010
7400000.0,21817298.0,7.0,885,[],2011-05-26,36.173598,136.0,2011
24000000.0,52313200.5,7.1,83,"['Drama', 'Comedy', 'Family']",2011-08-04,5.499412,92.0,2011
85000.0,30859000.0,7.2,590,['Horror'],1974-10-01,29.262427,83.0,1974
10000000.0,2995811.0,6.3,254,"['Drama', 'Music']",2010-03-19,17.611971,106.0,2010
5500000.0,141195658.0,6.5,562,"['Adventure', 'Action', 'Thriller']",1965-12-16,31.036,130.0,1965
10000000.0,52313200.5,5.7,129,[],2011-03-16,10.424596,93.0,2011
7000000.0,8220215.0,7.0,118,"['Comedy', 'Drama', 'Romance']",2010-02-12,7.720692,104.0,2010
9000000.0,34573780.0,6.8,38,"['Drama', 'Comedy']",1999-10-22,3.951041,120.0,1999
9000000.0,44196684.0,6.3,581,"['Horror', 'Thriller']",1988-11-08,27.600843,87.0,1988
9000000.0,24538513.0,7.3,235,['Documentary'],2007-05-18,14.098952,123.0,2007
9000000.0,108782847.0,6.6,1954,"['Horror', 'Thriller']",2014-07-17,82.975841,104.0,2014
9000000.0,52313200.5,4.9,70,"['Comedy', 'Drama', 'Family', 'Romance']",2000-01-21,3.269459,104.0,2000
9000000.0,23936908.0,6.6,693,"['Comedy', 'Adventure']",2004-05-30,18.514292,88.0,2004
9000000.0,52313200.5,6.7,60,"['Drama', 'Thriller']",2000-10-13,7.029126,126.0,2000
26000000.0,28780255.0,6.5,201,"['Crime', 'Drama', 'Thriller']",2000-02-18,11.233081,118.0,2000
40600000.0,90400000.0,7.1,738,['Comedy'],1983-06-07,34.022209,116.0,1983
9000000.0,21510851.0,4.8,119,"['Horror', 'Thriller']",2006-12-25,4.134327,84.0,2006
24000000.0,52313200.5,5.8,21,"['Comedy', 'Romance']",2004-05-14,6.904734,85.0,2004
9000000.0,52313200.5,7.4,71,"['War', 'Drama', 'History', 'Action', 'Romance']",1989-10-05,4.641006,137.0,1989
24000000.0,52313200.5,6.8,110,['Drama'],2007-01-19,5.663889,114.0,2007
24000000.0,6126237.0,6.3,16,"['Comedy', 'Romance']",2003-04-16,1.118511,80.0,2003
8500000.0,19125401.0,6.4,100,"['Action', 'Crime', 'Drama', 'Thriller']",2000-09-08,8.775844,119.0,2000
9000000.0,4777465.0,6.5,95,"['Comedy', 'Drama']",2002-09-13,2.062087,97.0,2002
9000000.0,4350774.0,6.0,41,['Comedy'],1994-04-29,8.738737,79.0,1994
24000000.0,52313200.5,6.8,78,"['Romance', 'Drama', 'Family']",2006-10-20,4.976268,104.0,2006
9000000.0,52313200.5,5.7,49,"['Action', 'Science Fiction', 'Comedy']",1984-03-16,3.810697,91.0,1984
9000000.0,52313200.5,5.5,29,"['Comedy', 'Drama', 'Romance']",2005-09-01,5.2545,103.0,2005
24000000.0,52313200.5,6.1,56,"['Comedy', 'Music']",2008-01-21,5.293363,104.0,2008
24000000.0,1053788.0,6.9,116,"['Drama', 'Music']",1998-10-23,10.932711,119.0,1998
24000000.0,52313200.5,7.2,250,"['Horror', 'Mystery']",2016-05-12,9.05029,156.0,2016
9000000.0,18663238.0,6.8,79,"['Documentary', 'Music', 'Family']",2011-08-11,9.933926,84.0,2011
9000000.0,52313200.5,6.0,35,"['Horror', 'Thriller']",1990-01-25,8.218383,120.0,1990
6000000.0,14348529.0,5.8,214,[],2014-04-30,5.119593,98.0,2014
9000000.0,52313200.5,7.0,33,"['Comedy', 'Drama']",2002-05-17,2.872281,128.0,2002
9000000.0,771499.0,4.8,14,['Drama'],2010-05-14,0.717811,130.0,2010
5000000.0,140666.0,6.1,7,"['Drama', 'Family', 'Foreign']",2006-11-22,1.458884,86.0,2006
6500000.0,52313200.5,6.8,68,"['Crime', 'Drama', 'History', 'War']",2008-03-25,7.028946,130.0,2008
9000000.0,1046166.0,4.5,12,[],2005-08-26,2.009597,97.0,2005
24000000.0,52313200.5,7.0,54,"['Thriller', 'Mystery', 'Crime', 'Drama']",2009-02-28,7.247023,102.0,2009
24000000.0,52313200.5,5.6,10,"['Drama', 'Romance']",2009-03-18,2.351706,105.0,2009
9000000.0,52313200.5,5.8,75,"['Drama', 'Romance']",2009-05-16,4.799022,103.0,2009
5000000.0,328203506.0,6.3,503,"['Adventure', 'Comedy']",1986-09-26,16.072466,97.0,1986
24000000.0,52313200.5,5.2,27,"['Animation', 'Science Fiction']",2010-12-10,3.891186,76.0,2010
8800000.0,52313200.5,5.9,62,"['Thriller', 'Mystery', 'Science Fiction']",2004-01-15,3.789485,90.0,2004
7347125.0,52313200.5,7.3,40,"['Drama', 'History', 'War']",2010-04-15,3.949796,122.0,2010
24000000.0,20374201.0,7.9,285,['Drama'],2011-10-06,14.038703,127.0,2011
86000000.0,14373825.0,6.3,395,"['Thriller', 'Crime', 'Mystery']",2007-11-28,18.172736,84.0,2007
24000000.0,52313200.5,8.0,27,"['Action', 'Adventure', 'Animation', 'Fantasy', 'Science Fiction']",2005-03-21,1.881466,69.0,2005
9000000.0,52313200.5,5.6,61,"['Thriller', 'Action', 'Drama']",2014-11-07,6.677926,96.0,2014
8500000.0,32222567.0,6.8,538,"['Horror', 'Comedy']",1987-07-31,24.750909,97.0,1987
7000000.0,39462438.0,6.8,274,"['Drama', 'Music', 'Romance']",2009-12-16,17.697042,112.0,2009
9250000.0,29174648.0,6.8,28,"['Drama', 'Music', 'Romance']",1979-11-07,7.000949,125.0,1979
8500000.0,22456509.0,5.6,85,['Comedy'],2013-09-27,11.436405,96.0,2013
9000000.0,2500000.0,5.7,146,['Science Fiction'],1968-10-10,14.171759,98.0,1968
24000000.0,52313200.5,6.1,14,"['Adventure', 'Family']",1990-10-03,0.702971,92.0,1990
24000000.0,52313200.5,6.7,270,['Comedy'],1999-04-23,13.476596,99.0,1999
12000000.0,20138836.0,6.8,50,['Drama'],2006-09-02,3.604863,122.0,2006
8500000.0,43528634.0,6.8,1322,"['Romance', 'Comedy']",2015-02-20,40.28709,100.0,2015
22000000.0,5271666.0,3.4,38,"['Drama', 'Romance']",2001-09-21,3.809131,104.0,2001
24000000.0,52313200.5,5.6,175,[],2013-02-01,11.708343,101.0,2013
8000000.0,52313200.5,6.6,28,"['Action', 'Drama', 'History']",2003-12-24,2.60632,135.0,2003
8500000.0,4440055.0,6.8,107,"['Drama', 'Romance']",2009-11-05,9.230073,119.0,2009
12000000.0,42345360.0,7.7,232,"['Drama', 'Romance']",2010-02-12,14.719886,145.0,2010
9000000.0,6108720.0,6.6,671,"['Action', 'Adventure', 'Drama']",2013-10-18,28.540614,106.0,2013
8000000.0,1997807.0,7.0,17,"['Adventure', 'Drama', 'Thriller']",1999-06-04,0.034259,126.0,1999
24000000.0,52313200.5,6.6,29,"['Drama', 'Foreign', 'Romance']",2007-03-27,1.840511,128.0,2007
6500000.0,22889018.0,7.1,154,"['Drama', 'History', 'War']",2006-05-18,6.787967,124.0,2006
7700000.0,46000000.0,7.2,79,['Romance'],2013-05-31,3.353176,159.0,2013
8250000.0,30000000.0,7.0,63,"['Drama', 'History', 'Romance']",1951-11-08,7.973109,171.0,1951
24000000.0,188126.0,6.7,100,"['Horror', 'Comedy', 'Music', 'Science Fiction']",2008-07-18,5.897479,98.0,2008
10000000.0,52313200.5,4.3,7,"['Adventure', 'Drama', 'Action']",2006-02-03,1.465762,122.0,2006
24000000.0,76657000.0,7.0,164,[],1979-05-31,10.639916,97.0,1979
8500000.0,38697217.0,7.6,3395,"['Crime', 'Drama', 'Thriller']",2014-10-23,89.095538,117.0,2014
8500000.0,5001655.0,5.1,107,"['Comedy', 'Horror']",2004-02-27,2.62082,104.0,2004
8200000.0,286214286.0,7.4,941,"['Drama', 'Family', 'Music', 'Romance']",1965-03-02,37.960289,174.0,1965
8000000.0,69821334.0,6.1,321,[],1984-03-09,21.735068,111.0,1984
8000000.0,100523181.0,7.5,1686,"['Comedy', 'Drama']",2006-07-26,14.793177,102.0,2006
8000000.0,52287414.0,7.8,1522,"['Crime', 'Drama']",1986-08-22,51.109279,89.0,1986
5000000.0,82719885.0,7.1,1777,"['Horror', 'Thriller', 'Science Fiction']",2002-10-31,45.490374,113.0,2002
24000000.0,52313200.5,4.8,75,['Drama'],2004-01-30,3.804597,95.0,2004
8000000.0,43000000.0,7.2,561,"['Crime', 'Drama']",1979-06-22,26.356697,111.0,1979
8000000.0,27362712.0,7.0,31,"['Comedy', 'Romance']",2002-10-05,3.501158,109.0,2002
24000000.0,52313200.5,5.7,15,"['Comedy', 'Thriller', 'Crime', 'Romance']",1996-04-04,2.088251,108.0,1996
8000000.0,39187783.0,7.0,1261,"['Comedy', 'Drama']",2011-09-30,33.372828,100.0,2011
24000000.0,52313200.5,5.3,180,"['Horror', 'Mystery', 'Thriller']",2008-03-21,8.864368,85.0,2008
8000000.0,26049082.0,6.1,1004,"['Comedy', 'Romance']",2014-01-29,37.821106,94.0,2014
24000000.0,52313200.5,5.6,23,['Comedy'],1981-12-25,4.293706,89.0,1981
24000000.0,52313200.5,7.5,18,['Adventure'],2016-09-09,3.467923,80.0,2016
8000000.0,52313200.5,7.2,189,"['Drama', 'Comedy', 'Romance']",1993-05-07,10.19377,111.0,1993
6500000.0,81974493.0,6.5,456,"['Adventure', 'Action', 'Thriller']",1969-12-12,25.289665,142.0,1969
14000000.0,18090181.0,6.4,291,"['Horror', 'Thriller', 'Mystery', 'Fantasy']",1994-10-13,14.730796,112.0,1994
8000000.0,22593409.0,5.8,62,"['Drama', 'Comedy', 'Romance', 'Family']",1999-10-01,4.482714,91.0,1999
8000000.0,18948425.0,6.7,81,['Drama'],2006-04-28,4.932893,112.0,2006
8000000.0,17460020.0,6.4,177,"['Comedy', 'Crime']",1998-01-16,7.894489,82.0,1998
8000000.0,29010817.0,5.2,99,['Comedy'],2009-01-30,13.987772,97.0,2009
7000000.0,34266564.0,7.3,2066,[],2000-04-13,45.310443,102.0,2000
8000000.0,16856124.0,6.1,181,"['Drama', 'Comedy', 'Romance']",2002-01-12,9.799177,93.0,2002
8000000.0,12671300.0,6.5,42,"['Action', 'Comedy', 'Crime']",2006-07-06,5.069095,116.0,2006
8000000.0,10629321.0,5.9,261,"['Action', 'Thriller', 'Crime']",2009-11-24,13.517017,118.0,2009
24000000.0,52313200.5,5.7,9,['Drama'],2009-03-21,1.353971,114.0,2009
24000000.0,25288872.0,6.6,348,"['Comedy', 'Drama', 'Romance']",2013-09-18,14.969093,93.0,2013
8000000.0,74952305.0,6.7,2210,['Comedy'],2010-09-10,45.395839,92.0,2010
24000000.0,8880705.0,3.9,5,"['Comedy', 'Drama', 'Romance']",1994-04-22,0.269661,110.0,1994
8000000.0,8279017.0,6.6,148,"['Drama', 'Horror']",2000-05-15,5.93923,92.0,2000
8000000.0,10130000.0,5.7,134,['Comedy'],2011-04-29,11.837067,104.0,2011
8000000.0,52313200.5,4.6,30,"['Comedy', 'Romance']",1996-05-03,2.149469,97.0,1996
24000000.0,52313200.5,4.9,11,['Comedy'],1999-10-08,1.569449,89.0,1999
8000000.0,52313200.5,5.5,46,"['Comedy', 'Drama', 'Romance']",2000-09-22,3.535789,104.0,2000
24000000.0,25966555.0,6.9,95,"['Drama', 'Romance']",1992-03-13,5.897391,140.0,1992
8000000.0,5659286.0,7.0,459,"['Animation', 'Comedy', 'Drama', 'Romance']",2015-12-30,21.024346,90.0,2015
8000000.0,18124262.0,7.0,97,"['Comedy', 'Drama']",2010-11-05,7.235794,129.0,2010
8000000.0,52313200.5,6.9,196,"['Comedy', 'Thriller', 'Music', 'Crime', 'Mystery']",2002-01-08,8.204829,111.0,2002
8000000.0,2275557.0,5.7,95,"['Action', 'Thriller']",1991-08-23,8.403859,79.0,1991
24000000.0,52313200.5,6.3,39,"['Comedy', 'Crime', 'Drama', 'Thriller']",1998-09-25,4.221313,104.0,1998
8000000.0,6491240.0,6.9,672,"['Comedy', 'Drama']",2010-07-06,13.143045,101.0,2010
7200000.0,52313200.5,6.6,94,"['Comedy', 'Drama', 'History']",2010-09-11,6.138802,113.0,2010
24000000.0,92.0,6.9,13,['Drama'],2007-10-05,1.939054,104.0,2007
8000000.0,589304.0,6.7,21,"['Drama', 'Romance']",1997-01-24,8.717235,106.0,1997
24000000.0,52313200.5,4.3,4,"['Drama', 'Adventure']",1983-04-21,0.289433,98.0,1983
24000000.0,52313200.5,7.3,181,"['Animation', 'Family', 'Fantasy']",2009-02-09,10.621353,75.0,2009
8000000.0,63464861.0,7.3,1254,"['Comedy', 'Music', 'Romance', 'Drama']",2013-09-07,35.735689,104.0,2013
8000000.0,852872.0,5.9,63,"['Drama', 'Romance']",2005-05-13,7.433574,112.0,2005
8000000.0,458232.0,5.8,18,"['Drama', 'Action', 'Thriller']",2007-04-30,4.090382,104.0,2007
24000000.0,52313200.5,5.9,41,"['Comedy', 'Music', 'Mystery', 'Crime']",2003-10-24,6.335881,109.0,2003
24000000.0,52313200.5,7.0,3,"['Drama', 'Romance', 'War']",1998-09-25,1.278092,111.0,1998
8000000.0,426224.0,6.6,135,[],2006-09-07,5.244518,91.0,2006
24000000.0,52313200.5,5.2,16,"['Comedy', 'Drama', 'Romance']",2005-08-03,1.265683,99.0,2005
8000000.0,3453043.0,6.4,215,[],2010-06-17,10.791954,104.0,2010
8000000.0,52313200.5,5.6,144,"['Crime', 'Horror', 'Thriller']",2008-04-11,9.782433,95.0,2008
24000000.0,52313200.5,6.9,37,['Drama'],2009-01-18,4.409263,104.0,2009
8000000.0,143451.0,6.3,24,"['Action', 'Crime', 'Drama', 'Mystery', 'Thriller']",2006-02-19,3.942464,104.0,2006
24000000.0,52313200.5,5.6,33,"['Comedy', 'Crime', 'Drama', 'Romance']",2005-01-22,2.597665,105.0,2005
8000000.0,53086.0,5.1,41,['Drama'],2014-02-12,6.500835,112.0,2014
8000000.0,553171.0,7.8,773,"['Science Fiction', 'Animation']",1988-07-16,39.338097,104.0,1988
22000000.0,413454.0,5.8,103,"['Drama', 'Action', 'Thriller', 'Crime']",2007-07-23,12.893219,97.0,2007
8000000.0,2019009.0,6.1,17,['Drama'],2005-10-25,0.983484,124.0,2005
24000000.0,52313200.5,4.6,21,"['Action', 'Drama', 'Thriller']",2014-04-20,2.214925,96.0,2014
24000000.0,52313200.5,4.3,8,"['Comedy', 'Romance']",2013-09-17,1.86453,114.0,2013
24000000.0,2455831.0,7.0,177,"['Drama', 'Comedy', 'Romance']",2005-02-01,9.100352,93.0,2005
8000000.0,52313200.5,7.0,129,['Drama'],2016-09-16,7.828459,104.0,2016
7800000.0,22441323.0,6.4,153,"['Thriller', 'Crime']",2003-05-18,11.000654,102.0,2003
24000000.0,52313200.5,5.4,33,"['Action', 'Drama']",2013-01-01,5.0005,90.0,2013
24000000.0,882290.0,5.9,31,"['Action', 'Adventure', 'Science Fiction']",1989-10-19,6.41678,100.0,1989
8000000.0,52313200.5,4.1,16,"['Action', 'Crime', 'Thriller']",2016-05-06,2.101718,106.0,2016
7500000.0,145793296.0,7.0,350,"['Comedy', 'Drama']",1989-12-13,19.585801,99.0,1989
24000000.0,52313200.5,6.6,19,"['Comedy', 'Drama']",1997-09-26,4.105363,114.0,1997
7500000.0,32392047.0,6.5,240,"['Crime', 'Action', 'Comedy', 'Thriller']",1995-01-30,17.318839,91.0,1995
7700000.0,52313200.5,6.6,43,"['Drama', 'War']",2014-08-30,3.363973,110.0,2014
6500000.0,24793509.0,7.1,664,"['Comedy', 'Drama']",2005-09-05,29.01153,92.0,2005
10200000.0,35619521.0,5.6,453,['Horror'],2007-06-08,20.745052,93.0,2007
7500000.0,26096852.0,6.8,409,"['Drama', 'Romance']",2009-10-29,16.990308,100.0,2009
10284523.0,11588205.0,5.7,75,"['Comedy', 'Drama', 'Romance']",2005-10-21,4.820166,104.0,2005
7500000.0,52313200.5,5.8,26,"['Comedy', 'Drama']",1984-03-09,2.226412,109.0,1984
6500000.0,12633747.0,6.8,142,"['Action', 'Crime', 'Drama', 'Thriller']",2002-01-14,8.526635,105.0,2002
7500000.0,4245870.0,4.5,7,['Comedy'],2002-09-20,1.369528,104.0,2002
24000000.0,52313200.5,4.0,26,"['Action', 'Adventure', 'Comedy', 'Crime']",2008-02-22,1.82184,97.0,2008
7500000.0,3347647.0,6.1,7,"['Drama', 'Romance']",2004-11-24,0.571663,110.0,2004
8000000.0,10848783.0,5.7,192,['Comedy'],2009-09-03,14.652342,92.0,2009
24000000.0,52313200.5,5.2,13,"['Drama', 'Music']",2003-08-08,1.71729,112.0,2003
24000000.0,52313200.5,7.0,3,"['Drama', 'Thriller', 'Crime', 'Foreign']",2001-09-01,0.024186,103.0,2001
7500000.0,52313200.5,6.2,116,"['Drama', 'Romance', 'Science Fiction', 'Thriller']",2003-09-02,8.859657,92.0,2003
7500000.0,52313200.5,5.8,2,['Comedy'],2012-04-27,0.086731,101.0,2012
8000000.0,5634828.0,6.2,132,['Drama'],2011-12-21,7.802245,113.0,2011
12500000.0,52313200.5,6.4,4,"['Drama', 'Action', 'Crime']",2012-12-07,1.589693,95.0,2012
24000000.0,52313200.5,6.0,13,"['Family', 'Comedy', 'Romance']",2007-04-27,0.553752,156.0,2007
7300000.0,52313200.5,7.7,450,"['Animation', 'Drama']",2007-05-23,24.281951,95.0,2007
24000000.0,52313200.5,5.6,244,"['Thriller', 'Adventure', 'Fantasy']",2009-09-09,9.983004,92.0,2009
7500000.0,19000000.0,7.5,841,"['Drama', 'Thriller']",2008-03-11,25.281197,107.0,2008
7000000.0,1333124.0,6.4,887,"['Thriller', 'Horror']",2016-06-08,38.150787,117.0,2016
7300000.0,10329747.0,6.7,348,"['Thriller', 'Crime', 'Drama', 'Action']",2009-11-11,16.829837,103.0,2009
24000000.0,2400000.0,4.4,17,"['Horror', 'Thriller']",1999-10-15,1.288173,100.0,1999
7500000.0,231411584.0,7.0,2244,"['Comedy', 'Drama', 'Romance']",2007-12-05,19.782725,96.0,2007
7500000.0,52313200.5,5.5,63,['Action'],2015-05-07,4.943588,104.0,2015
7200000.0,116019547.0,6.3,553,"['Adventure', 'Action', 'Thriller']",1971-12-13,34.634181,120.0,1971
4000000.0,92921203.0,6.1,302,"['Drama', 'Music', 'Romance']",1983-04-14,18.422323,95.0,1983
7500000.0,60722734.0,7.2,2904,"['Comedy', 'Drama', 'Romance']",2009-07-17,45.610993,95.0,2009
7000000.0,116700000.0,7.1,281,"['Drama', 'Romance']",1993-05-19,17.681707,121.0,1993
7000000.0,167221571.0,6.1,1040,"['Drama', 'Comedy']",2012-06-28,35.897151,110.0,2012
24000000.0,52313200.5,4.9,161,"['Thriller', 'Horror']",2003-01-24,11.199544,86.0,2003
7000000.0,161777836.0,6.4,533,"['Adventure', 'Action', 'Thriller']",1973-07-05,30.465138,121.0,1973
7000000.0,52313200.5,6.5,69,"['Comedy', 'Drama', 'Family']",2000-01-14,5.675535,95.0,2000
24000000.0,55447968.0,6.7,620,"['Comedy', 'Romance']",2008-02-08,29.173266,112.0,2008
6600000.0,37710610.0,6.0,56,['Comedy'],2011-05-06,4.492455,112.0,2011
7000000.0,54600000.0,6.8,273,"['Drama', 'History']",2005-09-16,17.717681,93.0,2005
7000000.0,49084830.0,6.8,384,"['Crime', 'Drama']",2005-09-30,17.434862,114.0,2005
7000000.0,25405445.0,6.8,881,"['Thriller', 'Action', 'Crime']",1995-08-25,25.511217,104.0,1995
9000000.0,25000000.0,6.6,269,"['Adventure', 'Action', 'Romance', 'Science Fiction']",1976-06-23,12.268143,119.0,1976
7000000.0,97572000.0,6.3,524,"['Adventure', 'Action', 'Thriller']",1974-12-01,30.214716,125.0,1974
7000000.0,20256975.0,4.9,50,"['Action', 'Adventure', 'Comedy', 'Crime', 'Drama']",1988-02-12,6.872784,96.0,1988
24000000.0,52313200.5,6.8,1005,"['Adventure', 'Horror']",2005-07-08,23.413188,99.0,2005
24000000.0,21268532.0,7.5,10,['Documentary'],2000-05-05,1.830306,46.0,2000
7000000.0,36433975.0,4.4,216,['Horror'],2014-01-08,14.741589,89.0,2014
7000000.0,14702438.0,6.3,66,"['Comedy', 'Romance']",1996-03-22,5.500324,92.0,1996
24000000.0,52313200.5,6.6,322,"['Drama', 'Horror', 'Crime']",2005-07-22,16.754452,107.0,2005
700000.0,17986781.0,7.2,691,[],2015-06-19,29.761163,103.0,2015
7000000.0,14011454.0,6.2,17,"['Drama', 'Action', 'Thriller', 'Crime']",1999-08-25,2.772178,97.0,1999
7000000.0,16829545.0,6.0,306,['Horror'],2003-04-11,19.301432,89.0,2003
24000000.0,52313200.5,4.0,3,"['Horror', 'Action', 'Thriller', 'Science Fiction']",1978-11-22,0.000372,90.0,1978
7000000.0,31430334.0,6.6,483,"['Comedy', 'Drama']",2009-10-02,23.612409,105.0,2009
7500000.0,52313200.5,6.5,100,"['Comedy', 'Drama', 'Mystery']",2010-01-22,6.557643,103.0,2010
7000000.0,52313200.5,5.8,95,"['Adventure', 'Comedy', 'Fantasy', 'Horror']",1989-06-01,9.887662,103.0,1989
7000000.0,14618727.0,7.0,139,"['Romance', 'Drama']",2014-09-10,8.079046,116.0,2014
7000000.0,52313200.5,7.3,463,"['Drama', 'Romance']",2009-10-19,21.626288,101.0,2009
7000000.0,8373585.0,7.0,201,['Drama'],1988-08-12,14.672151,164.0,1988
7000000.0,7292175.0,5.6,30,"['Romance', 'Comedy', 'Drama']",1999-08-16,2.627232,96.0,1999
7000000.0,52313200.5,6.5,110,"['Drama', 'Comedy', 'Music', 'Romance']",2004-02-11,12.150871,111.0,2004
24000000.0,52313200.5,6.8,84,"['Adventure', 'Drama', 'Action', 'History']",2002-02-04,2.128211,94.0,2002
24000000.0,52313200.5,3.8,18,['Comedy'],2007-07-27,2.881239,93.0,2007
7.0,5.0,5.7,63,"['Thriller', 'Action', 'Horror', 'Science Fiction', 'Crime']",1992-05-01,4.857028,90.0,1992
7000000.0,4720371.0,6.7,14,"['Action', 'Adventure', 'Drama', 'Family']",2001-04-12,2.206097,113.0,2001
7000000.0,52313200.5,6.4,76,['Drama'],2008-04-07,5.091253,99.0,2008
7000000.0,52313200.5,6.1,133,"['Comedy', 'Drama', 'Romance']",2010-06-18,15.212569,91.0,2010
24000000.0,52313200.5,6.4,6,"['Drama', 'Family']",1999-08-27,0.838938,96.0,1999
7000000.0,2062066.0,6.1,56,"['Drama', 'Crime']",2002-10-18,7.051521,104.0,2002
7000000.0,52313200.5,6.2,81,['Drama'],2006-12-29,11.400229,90.0,2006
7000000.0,6038942.0,7.4,677,"['Drama', 'Thriller']",2011-09-28,21.276864,112.0,2011
24000000.0,52313200.5,5.8,8,"['Drama', 'Family']",2013-11-22,1.799504,100.0,2013
7000000.0,52313200.5,5.0,15,"['Action', 'Drama']",2009-10-21,2.932784,102.0,2009
7000000.0,1246141.0,4.5,31,['Comedy'],1983-04-08,2.550045,100.0,1983
7000000.0,52313200.5,6.7,46,"['Drama', 'Romance']",2009-11-07,5.517597,125.0,2009
24000000.0,52313200.5,6.2,16,"['Action', 'Adventure', 'Drama', 'War']",1977-09-08,3.829937,107.0,1977
24000000.0,52313200.5,7.1,420,"['Fantasy', 'Comedy', 'Science Fiction']",1993-01-27,8.893676,107.0,1993
8000000.0,52313200.5,6.0,208,"['Comedy', 'Drama']",2010-09-03,9.590373,104.0,2010
7000000.0,1429299.0,5.7,20,"['Comedy', 'Drama']",2009-09-25,7.155519,106.0,2009
24000000.0,52313200.5,2.7,13,['Comedy'],1998-03-13,0.587276,95.0,1998
7000000.0,382946.0,6.7,212,['Drama'],2010-01-22,13.635828,104.0,2010
24000000.0,523511.0,5.8,212,"['Comedy', 'Crime', 'Drama']",2013-11-15,10.416332,93.0,2013
3500000.0,52313200.5,6.2,68,"['Mystery', 'Drama', 'Adventure']",2002-01-12,5.038953,103.0,2002
7000000.0,52313200.5,7.7,5,"['Drama', 'Romance']",2002-01-01,1.498245,96.0,2002
7000000.0,573335.0,7.1,164,"['Romance', 'Drama']",2015-10-02,8.184588,103.0,2015
7000000.0,453079.0,5.9,29,['Comedy'],2010-08-01,2.26778,108.0,2010
7000000.0,1310673.0,6.7,41,"['Drama', 'Science Fiction']",2013-02-27,3.120016,170.0,2013
7000000.0,46488.0,6.0,73,"['Crime', 'Thriller', 'Comedy']",2010-01-01,8.207425,108.0,2010
24000000.0,52313200.5,6.3,8,['Drama'],2005-08-17,2.356244,120.0,2005
6000000.0,30471.0,7.2,837,"['Action', 'Thriller', 'Crime']",1999-01-22,34.917447,108.0,1999
24000000.0,52313200.5,5.8,5,"['Crime', 'Thriller']",2014-06-19,0.542814,92.0,2014
7000000.0,52313200.5,5.0,85,"['Horror', 'Thriller']",2011-09-10,5.060656,84.0,2011
7000000.0,12400000.0,5.1,47,"['Animation', 'Fantasy']",2012-10-11,5.33861,76.0,2012
24000000.0,52313200.5,6.5,4,"['Family', 'Animation', 'Comedy', 'Adventure']",2014-07-21,1.874783,53.0,2014
24000000.0,41410568.0,7.0,251,"['Romance', 'Western']",1985-06-28,14.574995,115.0,1985
7000000.0,8900000.0,6.9,140,"['Adventure', 'Science Fiction']",2008-03-11,8.591387,97.0,2008
6900000.0,7993039.0,7.4,583,"['Comedy', 'Drama']",1993-09-24,26.181753,102.0,1993
24000000.0,7000000.0,6.1,843,"['Comedy', 'Drama', 'Family', 'Music']",2007-08-17,21.01755,104.0,2007
24000000.0,52313200.5,6.8,27,"['Drama', 'Romance']",2016-10-02,3.139294,96.0,2016
7000000.0,52313200.5,5.8,110,"['Thriller', 'Crime', 'Drama']",2015-11-20,6.665164,94.0,2015
24000000.0,52313200.5,6.3,20,"['Drama', 'History', 'Romance']",1999-02-10,2.832628,125.0,1999
24000000.0,52313200.5,6.7,62,"['Comedy', 'Drama']",2005-06-08,3.528643,108.0,2005
6800000.0,52313200.5,6.1,73,[],2003-05-18,4.665309,101.0,2003
6900000.0,44287131.0,5.6,555,"['Horror', 'Thriller']",2012-09-21,25.613197,101.0,2012
6800000.0,7103838.0,7.9,479,"['Drama', 'War', 'Mystery']",2010-09-04,21.285206,130.0,2010
24000000.0,52313200.5,5.8,44,"['Drama', 'Comedy', 'Romance']",2003-02-11,4.240495,125.0,2003
24000000.0,52313200.5,5.1,24,"['Action', 'Comedy', 'Crime', 'Drama']",2009-09-11,3.810943,104.0,2009
6500000.0,255273813.0,5.6,1517,['Horror'],2014-10-02,60.225219,99.0,2014
700.0,350.0,5.2,6,"['Comedy', 'Drama', 'Foreign', 'Romance']",2009-08-09,0.050456,82.0,2009
6500000.0,57504069.0,7.4,364,"['Crime', 'Drama']",1991-07-12,17.705671,112.0,1991
6500000.0,54215416.0,6.8,116,"['Drama', 'Music']",1987-07-24,6.847099,108.0,1987
24000000.0,52313200.5,6.3,16,"['Comedy', 'Drama', 'Romance']",1981-05-22,8.067702,107.0,1981
6500000.0,31899000.0,6.8,157,[],1980-06-25,11.208769,105.0,1980
6500000.0,52313200.5,6.2,42,"['Action', 'Adventure', 'Drama', 'Family']",1993-04-02,2.163683,108.0,1993
6500000.0,28451622.0,7.0,196,"['Crime', 'Comedy', 'Thriller']",1999-04-09,11.142389,104.0,1999
6500000.0,13368437.0,5.1,128,"['Comedy', 'Drama', 'Romance']",2006-09-07,11.885221,88.0,2006
6500000.0,12376563.0,7.0,190,"['Science Fiction', 'Thriller']",1971-03-12,12.524953,131.0,1971
24000000.0,10.0,4.1,35,"['Horror', 'Thriller']",1999-10-22,1.537859,91.0,1999
24000000.0,52313200.5,7.0,32,['Drama'],2001-12-11,3.481517,140.0,2001
6500000.0,17693675.0,7.0,875,['Drama'],2011-10-02,40.688426,100.0,2011
6500000.0,11850214.0,7.0,559,"['Drama', 'Thriller', 'Crime']",2004-09-30,24.0034,105.0,2004
6500000.0,2025032.0,8.0,6,['Drama'],2005-10-21,2.639106,100.0,2005
6500000.0,2401510.0,6.5,305,"['Drama', 'Thriller']",2013-05-31,16.574756,116.0,2013
6500000.0,1548955.0,6.8,45,"['Romance', 'Drama']",2004-07-23,5.483531,96.0,2004
24000000.0,52313200.5,7.0,6,"['Drama', 'Comedy', 'Foreign']",2000-07-05,1.068819,113.0,2000
6500000.0,1521261.0,7.1,119,"['Drama', 'History']",2009-11-13,8.432401,113.0,2009
6500000.0,52313200.5,6.0,16,"['Action', 'Drama', 'Thriller', 'Adventure']",2010-05-20,2.074295,102.0,2010
24000000.0,8159508.0,7.5,200,[],2007-09-26,11.357474,104.0,2007
6400000.0,78371200.0,7.3,4128,"['Action', 'Thriller', 'Science Fiction']",1984-10-26,74.234793,104.0,1984
4800000.0,79384880.0,7.4,586,"['Comedy', 'Drama', 'Romance']",2003-02-09,11.086001,121.0,2003
10000000.0,52313200.5,7.2,152,['Drama'],2009-03-27,13.409125,97.0,2009
4000000.0,14237000.0,7.3,267,[],1985-05-15,14.961629,91.0,1985
6000000.0,2122561.0,6.8,392,"['Romance', 'Comedy']",1995-10-20,16.139771,94.0,1995
6000000.0,181813770.0,7.2,1581,['Romance'],1978-07-07,67.608041,110.0,1978
6000000.0,138530565.0,7.5,1205,"['Drama', 'War', 'Action']",1986-12-18,49.802914,120.0,1986
6000000.0,119114517.0,6.8,397,['Documentary'],2004-06-25,16.20985,122.0,2004
6000000.0,102308889.0,7.4,650,"['History', 'Drama', 'Western', 'Crime']",1969-09-23,24.499996,110.0,1969
6000000.0,102272727.0,7.4,1183,"['Comedy', 'Family', 'Fantasy']",1964-08-27,59.961523,139.0,1964
6000000.0,52313200.5,7.4,145,['Drama'],1980-09-19,12.541983,124.0,1980
6000000.0,43656822.0,7.0,389,"['Crime', 'Drama', 'Music']",1961-10-18,23.431117,152.0,1961
6000000.0,39846344.0,6.6,365,['Comedy'],1980-07-25,15.929648,98.0,1980
24000000.0,52313200.5,6.5,10,"['Comedy', 'Drama', 'Romance']",2001-03-23,3.029944,106.0,2001
6000000.0,25059640.0,7.1,34,"['Comedy', 'Drama', 'Romance']",1999-07-16,5.537646,106.0,1999
6000000.0,23341568.0,8.1,3254,"['Drama', 'Crime', 'Thriller']",1995-07-19,64.025031,106.0,1995
8000000.0,22168359.0,5.5,245,"['Horror', 'Thriller']",1989-08-11,12.654051,89.0,1989
5000000.0,38275483.0,5.9,858,"['Comedy', 'Romance']",2002-03-29,35.108498,92.0,2002
6000000.0,44703995.0,7.3,1000,[],2008-09-07,40.196514,109.0,2008
6000000.0,20400000.0,6.2,37,['Western'],1946-12-31,7.60445,104.0,1946
24000000.0,52313200.5,6.7,166,['Comedy'],2000-09-19,10.982255,104.0,2000
6000000.0,50244700.0,6.9,703,"['Science Fiction', 'Action']",1981-05-22,24.351305,99.0,1981
24000000.0,52313200.5,6.2,26,"['Comedy', 'Drama']",1988-02-12,3.159574,121.0,1988
6000000.0,18197398.0,4.4,91,"['Comedy', 'Family']",2007-08-08,12.601677,89.0,2007
12716953.0,18814720.0,6.3,128,"['Crime', 'Action', 'Comedy']",1997-01-31,7.077505,113.0,1997
6000000.0,18750246.0,6.6,74,"['Comedy', 'Music']",2003-04-16,4.053017,91.0,2003
24000000.0,52313200.5,5.9,123,"['Comedy', 'Drama', 'Romance']",1988-10-13,6.379933,104.0,1988
6000000.0,58000000.0,6.5,354,"['Comedy', 'Drama', 'Fantasy', 'Romance']",1998-04-23,15.639016,99.0,1998
6000000.0,12000000.0,5.4,32,[],1995-05-24,3.89204,98.0,1995
6000000.0,48027970.0,7.4,558,['Drama'],2006-09-01,26.286954,104.0,2006
5000000.0,11642254.0,5.2,183,[],1989-10-12,8.008844,96.0,1989
5000000.0,9206470.0,6.5,320,"['Comedy', 'Crime', 'Drama']",2012-04-27,12.68514,104.0,2012
6000000.0,7518876.0,8.0,3,[],2008-02-15,0.041651,42.0,2008
24000000.0,52313200.5,6.6,91,"['Drama', 'Romance']",2000-09-06,8.483531,122.0,2000
6000000.0,6852450.0,6.1,44,"['Comedy', 'Drama', 'Romance']",1999-02-26,3.561198,101.0,1999
6000000.0,13231461.0,6.4,379,"['Drama', 'Thriller']",2012-09-07,14.988746,96.0,2012
24000000.0,52313200.5,5.5,103,"['Comedy', 'Western']",2012-03-15,5.754416,84.0,2012
6000000.0,6670712.0,6.9,113,"['Drama', 'Comedy']",2009-03-06,6.497285,104.0,2009
6000000.0,19560274.0,6.8,372,"['Action', 'Comedy', 'Thriller', 'Crime']",2011-07-07,19.411141,96.0,2011
7000000.0,6230276.0,4.8,48,['Comedy'],2008-08-28,7.034618,94.0,2008
6000000.0,10409377.0,7.1,817,"['Drama', 'Romance']",1999-04-21,26.218912,97.0,1999
24000000.0,52313200.5,6.6,61,"['Comedy', 'Drama']",1998-11-05,4.647547,97.0,1998
24000000.0,52313200.5,5.4,77,"['Comedy', 'Romance']",2009-03-13,9.371534,89.0,2009
5500000.0,5483299.0,6.4,300,"['Drama', 'Comedy']",2014-01-18,15.015271,120.0,2014
6000000.0,4398989.0,5.5,52,['Comedy'],1999-02-05,5.696491,95.0,1999
24000000.0,52313200.5,7.4,80,"['Comedy', 'Music']",2001-07-20,4.25422,95.0,2001
6000000.0,3283371.0,6.9,29,['Action'],1993-08-27,5.411243,99.0,1993
24000000.0,52313200.5,6.2,9,"['Mystery', 'Drama', 'Thriller', 'Horror']",2015-08-31,1.273773,96.0,2015
6000000.0,2944752.0,6.6,111,"['Drama', 'History']",2003-11-14,6.27257,94.0,2003
6000000.0,2025238.0,6.0,44,"['Comedy', 'Crime', 'Thriller']",2001-11-23,4.148253,95.0,2001
24000000.0,52313200.5,5.7,19,"['Drama', 'Thriller']",2001-01-19,1.369649,84.0,2001
6244087.0,638641.0,7.6,259,"['Adventure', 'Western']",1969-06-17,14.970654,145.0,1969
6000000.0,52313200.5,6.6,74,"['Thriller', 'Adventure', 'Drama', 'Crime']",1979-01-25,12.434688,104.0,1979
24000000.0,52313200.5,7.2,34,['Drama'],2002-01-01,2.507912,97.0,2002
6000000.0,869325.0,4.6,17,"['Action', 'Adventure', 'Fantasy', 'Science Fiction']",1991-06-08,1.478505,104.0,1991
6000000.0,399611.0,4.7,12,['Drama'],2011-03-25,0.215464,97.0,2011
24000000.0,52313200.5,5.7,10,['Drama'],2003-02-09,1.229667,104.0,2003
6000000.0,52313200.5,6.2,34,['Drama'],2009-01-17,6.903186,99.0,2009
134005.0,1332231.0,5.3,22,"['Drama', 'History']",2011-07-15,2.260315,104.0,2011
6000000.0,52313200.5,5.9,10,"['Drama', 'Romance']",2006-01-10,3.427061,97.0,2006
24000000.0,52313200.5,6.5,11,"['Action', 'Comedy']",2001-08-24,0.669169,107.0,2001
24000000.0,52313200.5,6.3,30,[],1977-10-02,6.077735,117.0,1977
6000000.0,69497.0,4.7,25,['Comedy'],2008-09-05,2.404626,85.0,2008
24000000.0,25.0,8.0,10,['Documentary'],2006-09-09,0.475748,152.0,2006
6000000.0,52313200.5,6.8,206,"['Crime', 'Drama', 'Thriller']",2003-05-16,15.048067,86.0,2003
24000000.0,52313200.5,5.4,29,"['Action', 'Thriller']",1994-09-04,1.734764,103.0,1994
24000000.0,52313200.5,5.4,21,"['Crime', 'Mystery', 'Thriller']",2009-04-24,1.496454,87.0,2009
12000000.0,66351.0,5.6,224,"['Crime', 'Drama', 'Thriller']",2012-11-08,10.19041,95.0,2012
6000000.0,52313200.5,6.3,14,"['Drama', 'Family']",2009-10-01,12.099486,101.0,2009
6000000.0,52313200.5,5.2,73,"['Action', 'Thriller']",2011-04-02,4.957014,90.0,2011
5952000.0,2120439.0,7.1,454,"['Horror', 'Mystery', 'Science Fiction']",1983-02-04,18.119265,87.0,1983
5300000.0,3897799.0,7.0,266,"['Drama', 'Comedy', 'Romance']",2002-05-17,13.034602,122.0,2002
6000000.0,32251.0,5.5,87,['Drama'],2014-01-20,6.349218,86.0,2014
4000000.0,530048.0,6.8,66,"['Drama', 'History', 'War']",2008-11-17,5.013575,103.0,2008
24000000.0,52313200.5,4.9,18,['Comedy'],2012-04-22,4.448353,90.0,2012
5800000.0,6800000.0,7.2,72,"['Action', 'Drama', 'Thriller', 'War']",1964-09-21,4.49029,133.0,1964
24000000.0,52313200.5,5.5,12,"['Drama', 'Thriller']",2012-09-27,2.204138,91.0,2012
6000000.0,27165581.0,6.8,167,"['Action', 'Crime', 'Drama', 'Thriller']",2005-08-11,11.81832,108.0,2005
24000000.0,52313200.5,10.0,1,['Comedy'],1998-06-12,0.356495,99.0,1998
3500159.0,76578641.0,6.2,578,"['Comedy', 'Drama', 'Romance']",2002-04-11,22.054546,112.0,2002
24000000.0,52313200.5,6.0,10,['Drama'],2002-06-21,4.245123,141.0,2002
5800000.0,7000000.0,4.2,10,"['Action', 'Adventure', 'Drama']",2006-09-01,3.201886,95.0,2006
24000000.0,126.0,4.7,11,"['Action', 'Comedy']",2012-12-07,0.114342,139.0,2012
5600000.0,18469680.0,6.4,489,"['Thriller', 'Horror']",2009-09-15,22.341462,85.0,2009
24000000.0,531826.0,3.9,6,"['Comedy', 'Music', 'Family']",2010-07-16,0.305922,105.0,2010
5500000.0,58972904.0,6.8,207,"['Drama', 'History']",1981-05-15,10.439971,123.0,1981
24000000.0,52313200.5,6.4,71,"['Comedy', 'Drama', 'Romance']",2005-02-25,3.784535,116.0,2005
24000000.0,52313200.5,7.3,131,['Drama'],1996-01-21,10.396305,105.0,1996
6000000.0,52313200.5,5.9,1671,[],2013-07-26,33.296684,90.0,2013
5500000.0,15700000.0,7.4,278,[],1973-04-19,19.127239,105.0,1973
7000000.0,52313200.5,7.1,426,"['Comedy', 'Drama']",2001-07-20,14.072941,104.0,2001
24000000.0,52313200.5,6.2,47,"['Drama', 'Romance']",2001-12-14,2.714043,91.0,2001
5500000.0,4865000.0,3.3,16,"['Comedy', 'Science Fiction']",1980-06-06,2.141143,95.0,1980
24000000.0,52313200.5,7.5,526,['Drama'],2004-03-17,20.982455,96.0,2004
4361898.0,3031801.0,5.6,28,"['Comedy', 'Romance']",2003-06-06,2.080741,92.0,2003
5000000.0,2466444.0,6.2,73,"['Crime', 'Drama', 'Mystery', 'Thriller']",2003-10-23,7.79068,104.0,2003
6500000.0,37295445.0,7.6,292,['Drama'],1989-06-30,15.580335,120.0,1989
24000000.0,52313200.5,4.8,15,['Drama'],2001-01-01,5.336243,99.0,2001
3850000.0,52313200.5,6.8,97,"['Drama', 'Comedy']",2011-05-17,10.787322,93.0,2011
24000000.0,792.0,7.1,538,"['Drama', 'Thriller', 'Crime', 'Mystery']",2002-05-22,32.476098,97.0,2002
5500000.0,52313200.5,5.4,31,"['Comedy', 'Drama']",2013-10-05,3.21392,100.0,2013
2200000.0,11502151.0,7.2,97,['Drama'],2006-01-26,5.206967,157.0,2006
24000000.0,52313200.5,6.2,9,['Drama'],2014-05-15,1.5846,90.0,2014
8000000.0,52313200.5,5.6,28,"['Comedy', 'Thriller', 'Action', 'Drama']",2011-07-15,3.653305,96.0,2011
24000000.0,52313200.5,4.9,57,['Comedy'],2007-08-03,3.865122,96.0,2007
24000000.0,52313200.5,7.3,18,"['Drama', 'Comedy', 'Foreign']",1999-08-23,1.391958,90.0,1999
24000000.0,15699707.0,7.1,399,"['Thriller', 'Crime']",2011-08-04,20.821846,100.0,2011
24000000.0,52313200.5,6.0,140,"['Science Fiction', 'Comedy', 'Thriller', 'Horror']",2012-08-10,9.451228,94.0,2012
24000000.0,52313200.5,7.3,24,"['Comedy', 'Drama']",2004-09-11,1.688495,95.0,2004
5500000.0,5000000.0,5.9,45,['Drama'],2014-09-07,5.033065,120.0,2014
5100000.0,52313200.5,7.2,102,"['Science Fiction', 'Drama', 'Fantasy', 'Romance']",1980-10-02,5.934016,103.0,1980
24000000.0,52313200.5,5.4,7,"['Drama', 'Action', 'Crime', 'Foreign']",2011-04-22,0.075817,130.0,2011
5000000.0,52313200.5,6.5,1211,"['Horror', 'Thriller']",2013-09-12,48.375848,104.0,2013
4000000.0,152925093.0,6.3,1251,['Horror'],2005-10-28,42.187986,92.0,2005
15000000.0,108286421.0,6.8,2468,"['Thriller', 'Science Fiction', 'Drama']",2016-03-10,53.698683,103.0,2016
5000000.0,64282312.0,6.1,345,"['Documentary', 'Comedy']",2002-10-21,14.752587,87.0,2002
4900000.0,44107032.0,6.3,1129,"['Horror', 'Thriller']",2016-07-21,48.170508,81.0,2016
5000000.0,205703818.0,5.9,669,['Horror'],2011-10-19,29.15813,83.0,2011
5000000.0,103590271.0,4.9,983,['Horror'],2014-10-24,56.30466,89.0,2014
5000000.0,44793222.0,6.5,354,"['Horror', 'Thriller']",1987-02-27,17.304055,96.0,1987
5000000.0,142817992.0,5.2,563,['Horror'],2012-10-17,20.326337,95.0,2012
4100000.0,36000000.0,6.4,42,['Drama'],1953-09-16,4.028875,135.0,1953
5000000.0,41833347.0,6.7,137,['Comedy'],1975-05-21,6.470766,113.0,1975
11000000.0,34872033.0,5.1,272,"['Horror', 'Thriller', 'Comedy']",1991-09-05,16.856231,89.0,1991
8000000.0,60378584.0,7.0,485,"['Crime', 'Drama']",2003-11-16,19.683187,104.0,2003
5000000.0,28200000.0,6.8,157,"['Adventure', 'Drama', 'Science Fiction']",1954-12-23,9.358197,127.0,1954
5000000.0,86362372.0,5.2,449,"['Horror', 'Thriller']",2014-01-01,19.984477,84.0,2014
5000000.0,26010864.0,7.9,719,"['Drama', 'History']",1980-10-02,30.271066,124.0,1980
5000000.0,55198285.0,7.9,2886,"['Drama', 'History']",2013-09-07,59.454473,117.0,2013
3300000.0,64110728.0,5.1,505,"['Thriller', 'Horror']",2015-01-29,20.304235,83.0,2015
9000000.0,39723096.0,8.1,4028,"['Mystery', 'Thriller']",2000-10-11,60.715151,113.0,2000
5000000.0,44030246.0,6.3,1050,['Horror'],2013-09-08,35.871248,104.0,2013
5000000.0,26888376.0,6.9,398,['Comedy'],2006-05-25,18.077963,97.0,2006
5000000.0,110000000.0,7.4,750,"['Drama', 'Comedy', 'Music']",2000-05-18,20.428237,110.0,2000
4600000.0,23198652.0,7.1,688,"['Comedy', 'Drama']",2013-06-06,32.14444,103.0,2013
24000000.0,52313200.5,4.7,21,['Comedy'],1991-10-23,3.673566,94.0,1991
3500000.0,20659423.0,6.8,37,"['Family', 'Drama', 'Action', 'Western', 'Romance']",1982-03-02,3.656491,104.0,1982
24000000.0,52313200.5,5.4,22,"['Animation', 'Family', 'Comedy']",1999-03-26,1.88484,77.0,1999
5000000.0,52313200.5,6.1,38,['Drama'],1997-10-09,4.227807,134.0,1997
24000000.0,52313200.5,6.5,54,['Drama'],1981-09-18,3.102862,129.0,1981
10000000.0,17273593.0,5.9,365,"['Comedy', 'Drama']",2011-08-26,15.688439,90.0,2011
5000000.0,24804129.0,7.1,478,[],2016-02-19,22.9951,134.0,2016
24000000.0,52313200.5,6.4,14,['Drama'],1998-04-08,5.769822,104.0,1998
5000000.0,40100000.0,6.1,766,"['Horror', 'Thriller']",2014-08-14,26.510558,93.0,2014
24000000.0,52313200.5,5.4,63,"['Drama', 'Thriller']",2014-10-10,7.544515,105.0,2014
24000000.0,52313200.5,6.1,27,['Drama'],1997-09-07,1.126941,109.0,1997
5000000.0,43884652.0,7.5,1104,[],2014-12-05,35.307577,99.0,2014
5000000.0,15000000.0,6.0,11,"['History', 'Drama']",1954-08-25,4.079111,139.0,1954
5000000.0,19905359.0,6.4,86,"['Action', 'Crime', 'Thriller']",1981-03-17,7.058868,99.0,1981
5000000.0,14000000.0,4.8,191,"['Horror', 'Thriller']",1989-07-28,12.904615,100.0,1989
5000000.0,368744044.0,6.2,671,"['Comedy', 'Drama', 'Romance']",2002-02-22,18.115566,95.0,2002
5000000.0,31724284.0,5.0,1551,"['Drama', 'Crime']",2013-01-24,62.554173,94.0,2013
5000000.0,15116634.0,5.0,170,"['Horror', 'Thriller']",1995-09-29,9.483717,88.0,1995
5000000.0,33616692.0,7.3,315,[],2001-06-08,16.890285,106.0,2001
4000000.0,30039392.0,7.5,2420,"['Horror', 'Comedy']",2004-04-09,49.12486,99.0,2004
24000000.0,52313200.5,4.3,48,"['Drama', 'Horror']",2008-10-31,8.309894,82.0,2008
5000000.0,13269963.0,6.9,77,"['Drama', 'Mystery', 'Romance']",1996-06-21,5.960149,135.0,1996
5000000.0,17768757.0,5.9,209,[],1988-10-21,9.302349,88.0,1988
5000000.0,52313200.5,5.8,73,[],1986-03-27,8.190888,89.0,1986
24000000.0,52313200.5,6.9,83,"['Comedy', 'Drama']",1982-04-02,5.87193,110.0,1982
5000000.0,12232628.0,5.5,67,"['Action', 'Crime', 'Drama', 'Romance', 'Thriller', 'Western']",1983-04-14,8.452666,107.0,1983
5000000.0,25562924.0,5.0,356,"['Horror', 'Thriller', 'Science Fiction']",2011-07-20,17.028252,86.0,2011
5000000.0,16174377.0,6.5,255,"['Comedy', 'Drama']",2008-01-18,19.336367,102.0,2008
5000000.0,54418872.0,6.7,777,"['Action', 'Thriller']",2015-08-26,38.006982,104.0,2015
24000000.0,14056528.0,6.0,97,"['Action', 'Fantasy']",1982-08-20,6.377523,118.0,1982
5000000.0,12200000.0,5.4,8,[],1959-12-25,0.835617,139.0,1959
20000000.0,21164799.0,4.3,331,"['Romance', 'Comedy']",2016-01-28,14.947588,92.0,2016
24000000.0,52313200.5,6.3,9,"['Drama', 'Romance']",2009-01-09,5.1299,99.0,2009
4.0,25.0,6.2,28,"['Drama', 'Romance', 'War']",1932-12-08,1.199451,89.0,1932
24000000.0,52313200.5,5.2,42,"['Comedy', 'Romance']",2016-03-11,3.810827,96.0,2016
5500000.0,52313200.5,6.2,72,"['Fantasy', 'Animation', 'Science Fiction', 'Family']",2000-03-17,3.7387,82.0,2000
24000000.0,52313200.5,6.3,147,"['Comedy', 'Drama']",2004-01-21,9.85123,92.0,2004
8000000.0,3432342.0,6.7,77,"['Comedy', 'Crime', 'Drama']",2003-05-21,3.03091,99.0,2003
24000000.0,52313200.5,6.6,50,"['Action', 'Adventure', 'Drama', 'Romance']",1976-03-11,3.199904,104.0,1976
5000000.0,52313200.5,4.9,47,"['Action', 'Adventure', 'Horror', 'Thriller']",2001-04-27,2.739307,90.0,2001
5000000.0,7230000.0,6.4,91,"['Action', 'Adventure', 'War', 'Thriller']",1978-11-01,5.348446,118.0,1978
5000000.0,52313200.5,6.7,89,['Comedy'],1989-07-21,4.070044,97.0,1989
24000000.0,6538177.0,6.6,220,['Comedy'],2006-01-06,9.974681,94.0,2006
5000000.0,52313200.5,6.5,44,[],1998-08-14,6.308298,91.0,1998
5000000.0,5476060.0,6.3,55,"['Action', 'Comedy', 'Thriller']",2001-07-13,4.149628,94.0,2001
5000000.0,9760104.0,7.6,1794,"['Science Fiction', 'Drama']",2009-06-12,46.114184,97.0,2009
24000000.0,52313200.5,5.2,18,['Comedy'],2006-05-12,3.562563,90.0,2006
5000000.0,4074023.0,5.9,11,['Documentary'],2010-05-14,4.498368,41.0,2010
5000000.0,3263585.0,6.8,103,['Drama'],1997-05-14,7.673124,104.0,1997
4000000.0,41424067.0,6.5,91,"['Drama', 'History']",2010-05-18,4.992475,120.0,2010
5000000.0,4040588.0,6.6,60,"['Comedy', 'Drama']",2008-08-06,6.174435,110.0,2008
24000000.0,52313200.5,4.6,5,"['Comedy', 'Horror', 'Science Fiction']",1982-11-10,0.805312,104.0,1982
5000000.0,3049135.0,7.0,294,"['Drama', 'Fantasy']",1994-09-02,8.753409,99.0,1994
5000000.0,4842699.0,5.4,40,['Drama'],2015-09-11,3.943706,121.0,2015
5000000.0,2614773.0,6.0,208,"['Comedy', 'Drama', 'Romance']",2010-10-15,9.169411,97.0,2010
5000000.0,1980338.0,6.0,55,[],1998-01-30,2.732031,104.0,1998
5000000.0,8203235.0,7.3,1247,"['Thriller', 'Drama']",2004-02-09,35.252056,101.0,2004
5000000.0,52313200.5,5.7,15,"['Drama', 'Crime']",1992-08-21,6.063868,103.0,1992
5000000.0,2450846.0,6.6,355,"['Thriller', 'Crime', 'Drama', 'Mystery']",2014-10-09,21.343093,112.0,2014
5000000.0,5129058.0,6.9,165,['Drama'],2010-12-16,10.095184,91.0,2010
5000000.0,742898.0,5.9,58,"['Comedy', 'Drama', 'Crime']",2003-09-05,4.129165,98.0,2003
5000000.0,3220371.0,6.7,683,"['Horror', 'Crime', 'Thriller']",2016-04-15,30.001024,95.0,2016
5000000.0,52313200.5,5.8,27,"['Comedy', 'Drama', 'Romance']",2006-03-30,6.759235,88.0,2006
5000000.0,846704.0,3.9,15,"['Drama', 'Science Fiction', 'Mystery']",2014-09-12,1.731035,99.0,2014
7000000.0,560069.0,6.8,281,"['Comedy', 'Crime', 'Drama']",1996-02-21,11.700578,91.0,1996
6000000.0,52313200.5,5.6,45,"['Crime', 'Drama', 'Thriller']",1996-09-09,2.388683,97.0,1996
24000000.0,52313200.5,6.0,2,"['Drama', 'Foreign', 'History']",2007-08-03,0.080704,136.0,2007
24000000.0,52313200.5,6.6,14,['Documentary'],2008-02-12,0.888986,117.0,2008
24000000.0,52313200.5,6.5,17,['Drama'],1980-05-01,0.679351,94.0,1980
5000000.0,5476793.0,7.3,847,"['Comedy', 'Horror']",2010-01-22,19.940245,89.0,2010
24000000.0,52313200.5,6.2,13,"['Drama', 'Romance']",2008-01-01,1.286991,92.0,2008
24000000.0,52313200.5,6.6,4,"['Action', 'Drama', 'Romance']",1947-12-27,0.042442,128.0,1947
24000000.0,52313200.5,5.5,9,"['Comedy', 'Drama']",1999-06-06,1.116206,90.0,1999
5000000.0,52313200.5,4.7,33,"['Horror', 'Science Fiction', 'Thriller']",2004-02-27,3.05434,95.0,2004
5000000.0,98450062.0,6.0,1360,"['Horror', 'Thriller']",2015-09-10,38.94708,94.0,2015
5000000.0,782102.0,6.2,37,"['Drama', 'War']",2007-01-01,3.792015,90.0,2007
24000000.0,52313200.5,3.8,4,"['Romance', 'Thriller']",2004-10-13,0.219799,95.0,2004
5000000.0,52313200.5,4.2,151,"['Horror', 'Thriller', 'Science Fiction']",2015-05-15,7.794,91.0,2015
5000000.0,52313200.5,7.0,202,['Thriller'],2011-10-14,9.136965,107.0,2011
24000000.0,52313200.5,6.3,80,"['Horror', 'Comedy', 'Crime', 'Thriller']",2008-02-07,8.39685,92.0,2008
24000000.0,52313200.5,5.8,65,"['Drama', 'Fantasy', 'Comedy']",2009-02-17,7.864905,87.0,2009
24000000.0,52313200.5,3.2,13,"['Comedy', 'Documentary']",2006-12-01,1.963219,80.0,2006
24000000.0,52313200.5,7.0,2,['Drama'],2009-01-01,1.546169,95.0,2009
5000000.0,52313200.5,7.4,105,"['Music', 'Drama', 'Comedy']",2014-10-17,10.619574,105.0,2014
5000000.0,52313200.5,3.0,3,"['Family', 'Animation']",2014-08-18,0.999655,67.0,2014
24000000.0,52313200.5,6.1,24,"['Romance', 'Comedy']",2015-12-04,1.985243,95.0,2015
24000000.0,52313200.5,5.0,3,"['TV Movie', 'Crime', 'Drama', 'Thriller']",2011-11-12,0.102003,89.0,2011
15000000.0,52313200.5,4.5,118,"['Thriller', 'Drama']",2014-12-04,10.48009,94.0,2014
24000000.0,52313200.5,4.1,7,"['Action', 'Thriller', 'War']",2013-12-05,1.136568,109.0,2013
5000000.0,52313200.5,6.4,131,"['Drama', 'Action', 'Thriller', 'Science Fiction']",1977-12-10,11.095219,123.0,1977
24000000.0,52313200.5,0.0,0,"['Comedy', 'Drama']",2012-04-28,0.40703,104.0,2012
24000000.0,52313200.5,0.0,0,['Family'],2015-10-27,0.028756,104.0,2015
5000000.0,52313200.5,4.7,102,"['Comedy', 'Fantasy', 'Horror', 'Thriller']",2016-07-08,8.618793,104.0,2016
24000000.0,52313200.5,3.5,36,"['Horror', 'Action']",2015-10-08,2.394613,97.0,2015
24000000.0,52313200.5,7.0,22,"['Comedy', 'Drama']",2006-12-19,2.387463,120.0,2006
5000000.0,17872796.0,7.1,116,"['Drama', 'Comedy']",2009-09-09,5.461487,99.0,2009
1000000.0,24475416.0,7.4,231,['Drama'],1996-08-30,14.805264,135.0,1996
4798235.0,209696.0,6.3,458,"['Horror', 'Thriller']",2011-08-17,25.30216,107.0,2011
4800000.0,80578934.0,5.7,887,[],2005-01-06,38.83192,94.0,2005
24000000.0,52313200.5,6.2,43,"['Comedy', 'Drama']",2005-07-17,3.500741,94.0,2005
5000000.0,3099314.0,7.1,471,"['Thriller', 'Drama']",2011-11-25,19.807295,120.0,2011
24000000.0,52313200.5,6.3,25,"['Horror', 'Thriller']",1988-04-22,1.435742,112.0,1988
24000000.0,52313200.5,6.3,47,"['Drama', 'Comedy']",2006-04-30,7.667888,98.0,2006
5000000.0,52313200.5,5.5,76,['Comedy'],2014-12-23,8.496364,81.0,2014
4700000.0,8025872.0,5.9,139,['Horror'],1986-08-22,9.617777,101.0,1986
4638783.0,11000000.0,7.2,65,['Western'],1973-05-23,4.495256,106.0,1973
4800000.0,10337387.0,5.6,862,"['Drama', 'Thriller', 'Crime']",2013-05-30,35.754865,90.0,2013
24000000.0,52313200.5,4.8,4,"['Drama', 'Romance']",2005-10-13,0.20323,80.0,2005
4.0,52313200.5,4.6,8,"['Comedy', 'Romance']",2011-06-29,0.28076,83.0,2011
24000000.0,52313200.5,7.0,46,"['Drama', 'Family']",2004-05-18,3.11319,105.0,2004
24000000.0,52313200.5,1.0,1,"['Action', 'Comedy', 'Drama', 'Western']",2007-09-11,0.137535,89.0,2007
4600000.0,52313200.5,7.3,93,"['Drama', 'Comedy', 'Romance']",2010-11-24,6.368933,100.0,2010
4700000.0,52313200.5,5.6,6,"['Drama', 'Comedy']",2013-09-13,0.217538,92.0,2013
4600000.0,52313200.5,5.7,60,['Drama'],2007-05-18,3.531877,97.0,2007
24000000.0,52313200.5,5.9,18,['Drama'],2006-10-12,0.706355,103.0,2006
4500000.0,146198896.0,6.5,602,"['Comedy', 'Crime']",1984-03-22,15.002502,96.0,1984
4500000.0,58853106.0,5.8,408,"['Romance', 'Adventure', 'Drama']",1980-07-05,22.585384,104.0,1980
6000000.0,254700832.0,6.6,632,"['Comedy', 'Drama', 'Romance']",1994-03-09,29.834065,117.0,1994
4500000.0,27092880.0,7.0,322,['Comedy'],1982-08-13,20.403344,90.0,1982
4500000.0,10400000.0,6.9,89,"['Adventure', 'Drama']",1956-06-27,5.224593,116.0,1956
15000000.0,13060843.0,7.2,629,"['Crime', 'Drama']",2002-12-16,30.196039,135.0,2002
4500000.0,7011317.0,6.9,198,"['Crime', 'Drama', 'Romance', 'Thriller']",1996-09-13,15.359952,104.0,1996
4500000.0,7390108.0,7.9,2443,"['Crime', 'Drama']",2000-10-27,11.573034,102.0,2000
24000000.0,52313200.5,6.2,19,"['Music', 'Romance']",1945-08-29,1.847822,96.0,1945
24000000.0,52313200.5,6.8,6,"['Drama', 'Foreign', 'Romance']",1998-02-12,0.425551,115.0,1998
4500000.0,52313200.5,7.0,71,['Drama'],1986-04-23,3.819796,123.0,1986
5000000.0,10429707.0,5.5,121,['Comedy'],2014-03-25,10.274542,98.0,2014
6000000.0,1270522.0,7.7,3452,"['Fantasy', 'Drama', 'Mystery']",2001-01-18,61.210016,113.0,2001
24000000.0,52313200.5,6.1,18,"['Action', 'Comedy', 'Foreign']",2011-03-18,0.177356,104.0,2011
4500000.0,52313200.5,7.7,25,"['Drama', 'Foreign', 'History']",1997-04-17,0.011697,122.0,1997
2000000.0,52313200.5,6.6,132,"['Comedy', 'Crime', 'Drama']",2002-06-01,6.249262,104.0,2002
4500000.0,744816.0,6.3,30,"['Comedy', 'Drama']",2009-10-10,3.108881,97.0,2009
24000000.0,23803308.0,7.4,356,"['Drama', 'Thriller']",2005-07-29,17.074843,115.0,2005
24000000.0,52313200.5,6.2,13,['Drama'],2010-06-09,0.774442,120.0,2010
24000000.0,52313200.5,6.0,157,"['Comedy', 'Drama']",2001-12-26,8.816995,99.0,2001
4500000.0,52313200.5,7.0,46,"['Action', 'Crime', 'Thriller']",2006-09-06,8.48639,110.0,2006
24000000.0,623528.0,6.6,73,[],2011-08-31,5.223096,98.0,2011
24000000.0,52313200.5,7.7,139,"['Crime', 'Drama']",2002-08-23,7.759215,109.0,2002
4500000.0,3606395.0,5.4,251,"['Drama', 'Horror', 'Mystery', 'Thriller']",2010-04-09,14.570359,104.0,2010
24000000.0,52313200.5,5.3,2,"['Comedy', 'Drama', 'Thriller']",2014-06-13,0.371337,134.0,2014
4400000.0,52313200.5,6.9,35,"['Comedy', 'Horror']",2015-09-29,3.898737,85.0,2015
24000000.0,52313200.5,6.7,78,[],1976-06-17,7.315935,86.0,1976
4500000.0,32000000.0,7.3,57,[],2016-01-22,2.551559,126.0,2016
24000000.0,52313200.5,5.5,71,"['Adventure', 'Action']",2014-09-05,6.988357,103.0,2014
3730500.0,6294161.0,5.7,109,"['Action', 'Drama', 'Crime']",2012-09-11,6.938854,112.0,2012
5000000.0,52313200.5,7.0,217,"['Crime', 'Drama', 'Thriller']",2000-09-13,11.21273,89.0,2000
24000000.0,52313200.5,6.5,63,"['Drama', 'Thriller', 'Crime']",2010-01-15,7.217328,124.0,2010
8000000.0,41400000.0,7.1,111,"['Drama', 'Family']",2003-01-30,12.439495,101.0,2003
3250000.0,52313200.5,6.6,19,"['Drama', 'Family', 'Foreign']",2009-12-04,2.126139,133.0,2009
24000000.0,52313200.5,5.9,140,"['Thriller', 'Mystery', 'Science Fiction']",2009-09-24,10.142218,120.0,2009
4200000.0,52313200.5,6.1,1000,"['Comedy', 'Drama', 'Family', 'Music', 'TV Movie']",2006-01-20,16.536374,98.0,2006
24000000.0,52313200.5,6.9,11,[],1997-01-01,0.933891,93.0,1997
4200000.0,32000000.0,6.3,210,[],2004-06-27,12.540624,114.0,2004
3705538.0,62548947.0,6.9,176,"['Romance', 'Crime', 'Drama', 'Thriller']",1992-09-02,8.839651,112.0,1992
4000000.0,125728258.0,6.1,183,['Comedy'],1981-11-13,12.891276,94.0,1981
4000000.0,52313200.5,4.6,116,"['Horror', 'Science Fiction']",2010-05-06,10.789912,90.0,2010
114000.0,30000000.0,7.5,580,['Horror'],1968-10-01,25.666029,96.0,1968
4000000.0,119723856.0,7.3,1895,['Drama'],2003-08-31,45.66662,102.0,2003
4000000.0,38251425.0,7.8,1010,"['Comedy', 'Drama', 'Romance']",1977-04-19,35.892034,93.0,1977
4000000.0,36000000.0,6.6,50,"['Action', 'Drama', 'Romance']",1952-01-10,8.988455,152.0,1952
4000000.0,44909486.0,6.5,250,"['Drama', 'Romance']",2001-11-11,14.042041,111.0,2001
4000000.0,187112.0,5.2,593,['Horror'],2015-05-08,40.016306,95.0,2015
3600000.0,49800000.0,7.1,360,"['Drama', 'Romance']",1995-10-27,22.030517,104.0,1995
4500000.0,52313200.5,4.8,67,"['Horror', 'Comedy']",2013-02-19,2.503612,86.0,2013
4000000.0,52313200.5,6.9,68,"['Romance', 'Drama', 'Comedy']",1974-12-01,4.117968,105.0,1974
4000000.0,52425855.0,4.1,1022,['Thriller'],2015-01-23,24.161735,91.0,2015
4000000.0,14400000.0,6.4,22,['Drama'],1956-05-30,1.379354,105.0,1956
3500000.0,34705850.0,6.5,506,"['Comedy', 'Drama']",2010-07-09,15.338211,106.0,2010
4000000.0,13008928.0,7.1,550,"['Action', 'Horror', 'Science Fiction', 'Thriller']",1988-11-23,29.852608,94.0,1988
4000000.0,11744471.0,7.8,717,"['Adventure', 'Drama', 'History', 'Thriller', 'War']",1963-06-20,35.061467,172.0,1963
24000000.0,10000000.0,5.8,34,['Documentary'],2004-04-23,7.288352,109.0,2004
5000000.0,15179302.0,4.4,203,"['Horror', 'Thriller']",2013-02-28,10.605752,88.0,2013
4000000.0,44349000.0,7.5,1971,['Drama'],2014-06-05,43.40352,104.0,2014
4000000.0,31584901.0,6.4,420,"['Comedy', 'Mystery']",2006-07-27,17.229537,96.0,2006
7000000.0,10229331.0,5.3,26,"['Action', 'Comedy']",2001-11-16,2.453459,93.0,2001
6000000.0,9000000.0,5.9,15,"['Action', 'Comedy', 'Romance']",2000-03-01,1.433692,82.0,2000
32000000.0,52313200.5,6.7,89,"['Drama', 'Romance']",2003-01-17,9.976428,101.0,2003
4000000.0,8200000.0,6.8,72,"['Drama', 'Action', 'Romance']",1961-01-01,2.930058,124.0,1961
24000000.0,52313200.5,5.5,57,"['Drama', 'Thriller']",2006-02-12,7.173059,91.0,2006
24000000.0,52313200.5,4.8,10,[],1995-02-03,1.735462,82.0,1995
24000000.0,44000000.0,7.1,633,"['Horror', 'Drama', 'Thriller']",2007-08-27,29.071955,105.0,2007
24000000.0,52313200.5,5.4,346,"['Comedy', 'Horror']",2014-04-17,18.428909,87.0,2014
4000000.0,52313200.5,6.3,168,[],2002-10-11,11.387335,110.0,2002
4000000.0,6000000.0,6.1,77,"['Action', 'Drama', 'Mystery', 'Thriller']",1969-12-18,5.975604,143.0,1969
4000000.0,4630045.0,5.5,69,"['Comedy', 'Crime']",2006-11-17,4.59841,84.0,2006
4000000.0,4300000.0,6.5,530,"['Crime', 'Comedy']",1995-12-09,22.87623,98.0,1995
4000000.0,9304609.0,6.7,376,"['Comedy', 'Drama', 'Romance']",2002-01-11,19.107285,104.0,2002
24000000.0,52313200.5,3.3,8,['Documentary'],2003-04-23,0.456485,96.0,2003
4000000.0,3468572.0,6.7,46,['Drama'],1988-12-21,4.541908,110.0,1988
24000000.0,52313200.5,7.3,63,"['Music', 'Comedy']",1996-01-31,4.348416,84.0,1996
24000000.0,52313200.5,5.4,11,"['Comedy', 'Romance']",1999-09-10,3.347885,94.0,1999
4000000.0,2426851.0,6.2,80,"['Comedy', 'Crime', 'Thriller', 'Romance']",2007-02-09,6.091951,90.0,2007
24000000.0,1919197.0,6.1,67,"['Comedy', 'Drama']",2005-01-23,4.757625,96.0,2005
4000000.0,1104682.0,5.9,316,[],2011-08-19,12.062371,88.0,2011
4000000.0,866999.0,6.6,102,['Fantasy'],2005-01-25,7.758188,101.0,2005
4000000.0,52313200.5,8.0,167,"['Drama', 'Documentary']",2011-09-16,12.781973,102.0,2011
24000000.0,52313200.5,5.1,8,"['Fantasy', 'Adventure']",1987-03-01,1.631993,87.0,1987
24000000.0,1406224.0,6.5,415,"['Drama', 'Romance']",2011-06-17,12.690224,83.0,2011
24000000.0,52313200.5,5.5,58,"['Thriller', 'Drama']",2015-08-28,8.516229,103.0,2015
24000000.0,52313200.5,6.5,25,"['Comedy', 'Drama', 'Thriller']",2002-06-07,5.90259,99.0,2002
4000000.0,52313200.5,5.2,9,['Drama'],1999-04-29,2.866934,106.0,1999
24000000.0,641100.0,6.9,228,"['Drama', 'Fantasy']",2012-07-02,9.140936,115.0,2012
4000000.0,2365467.0,6.5,338,['Drama'],2014-04-11,22.987897,118.0,2014
3000000.0,302204.0,7.0,23,"['Crime', 'Comedy', 'Romance']",1997-08-22,1.204941,109.0,1997
1300000.0,354704.0,6.7,27,"['Crime', 'Drama', 'Horror', 'Thriller']",1988-03-04,7.605291,102.0,1988
1500000.0,52313200.5,6.0,26,['Comedy'],2000-08-06,2.855963,95.0,2000
24000000.0,52313200.5,5.8,6,"['Comedy', 'Foreign']",1999-01-01,0.502396,87.0,1999
4000000.0,52313200.5,8.1,18,['Drama'],2013-10-18,1.771584,119.0,2013
9500000.0,120000.0,6.6,307,"['Crime', 'Drama', 'Thriller']",2010-09-10,21.230737,104.0,2010
24000000.0,52313200.5,6.0,1,"['Comedy', 'Crime']",2000-12-22,0.068246,103.0,2000
24000000.0,52313200.5,4.5,2,"['Comedy', 'Romance']",1998-06-24,0.541652,104.0,1998
16000000.0,318982.0,6.1,291,[],2013-04-03,18.790221,100.0,2013
4000000.0,52313200.5,4.2,5,"['Drama', 'Romance']",1999-07-16,0.409089,100.0,1999
4000000.0,146402.0,7.1,36,['Drama'],2002-09-27,3.663108,113.0,2002
650000.0,33245.0,6.2,285,"['Drama', 'Horror', 'Action', 'Thriller', 'Science Fiction']",2010-09-30,12.496261,98.0,2010
24000000.0,52313200.5,6.7,7,['Drama'],1997-06-20,0.596889,92.0,1997
24000000.0,52313200.5,6.4,31,['Drama'],2014-05-01,2.611364,104.0,2014
4000000.0,355688.0,6.2,37,"['Comedy', 'Drama']",2011-11-18,3.238466,119.0,2011
4000000.0,25345000.0,6.2,157,"['Adventure', 'Action', 'Thriller', 'Crime']",2011-04-09,8.30723,99.0,2011
24000000.0,52313200.5,5.8,38,"['Comedy', 'Fantasy', 'Science Fiction']",2003-09-09,3.408955,90.0,2003
24000000.0,4037782.0,7.3,23,['Drama'],2013-07-26,1.876621,120.0,2013
24000000.0,52313200.5,7.1,20,[],1972-11-09,1.807571,142.0,1972
24000000.0,52313200.5,5.2,13,"['Thriller', 'Romance']",2012-09-14,6.783053,93.0,2012
3950000.0,8000000.0,6.1,19,"['Action', 'Drama', 'History']",1930-11-15,8.484123,127.0,1930
4000000.0,52313200.5,5.7,9,"['Comedy', 'Drama', 'Romance']",2007-04-30,0.936232,103.0,2007
4000000.0,52313200.5,4.5,118,['Horror'],2016-04-21,12.822534,104.0,2016
24000000.0,52313200.5,6.6,207,['Horror'],2009-09-13,4.989985,84.0,2009
4000000.0,52313200.5,4.1,8,['Horror'],2012-10-27,1.390659,78.0,2012
4000000.0,52313200.5,5.2,20,"['Comedy', 'Romance', 'TV Movie']",2012-07-21,1.923514,104.0,2012
24000000.0,52313200.5,4.4,21,"['Romance', 'Adventure', 'Drama']",2014-02-28,4.118612,113.0,2014
3900000.0,28350000.0,7.5,89,"['Drama', 'History']",1966-12-12,9.541688,120.0,1966
3800000.0,23689877.0,7.7,381,['Drama'],1976-11-01,17.234745,121.0,1976
24000000.0,52313200.5,6.5,18,['Drama'],2014-07-03,1.972668,98.0,2014
3800000.0,14873.0,6.2,38,"['War', 'Western']",1965-04-07,3.490215,123.0,1965
3768785.0,8000000.0,7.3,22,"['Action', 'Comedy', 'Music', 'Romance', 'Western']",1950-05-17,1.726175,107.0,1950
967686.0,4270000.0,7.0,423,"['Comedy', 'Crime', 'Drama']",2010-05-07,20.544999,101.0,2010
24000000.0,52313200.5,6.7,9,[],2005-05-13,0.389471,104.0,2005
3500000.0,44462.0,6.5,195,"['Drama', 'Action', 'Comedy', 'Crime']",2009-09-12,8.45342,101.0,2009
3700000.0,2956000.0,6.6,17,"['Music', 'Romance']",1948-06-11,0.90522,102.0,1948
3800000.0,52313200.5,6.0,21,"['Drama', 'Comedy', 'Romance']",2009-09-11,2.201678,95.0,2009
4000000.0,13401952.0,6.6,66,[],2006-10-02,3.771652,109.0,2006
3600000.0,44785053.0,7.4,299,['Drama'],1969-05-25,21.119209,113.0,1969
3500000.0,257850122.0,6.8,363,['Comedy'],1997-08-13,17.002623,91.0,1997
3500000.0,83453539.0,7.1,1074,['Comedy'],1980-07-02,46.116885,88.0,1980
5000000.0,52313200.5,5.3,11,"['Thriller', 'Adventure', 'Action']",2015-08-30,1.398981,88.0,2015
3500000.0,28215918.0,7.0,503,['Comedy'],1995-04-26,25.5748,91.0,1995
3500000.0,27900000.0,7.2,173,"['Drama', 'Action', 'Crime']",1993-05-26,3.418871,97.0,1993
3500000.0,14000000.0,5.9,129,['Horror'],1987-05-01,10.729884,92.0,1987
3716946.0,5000000.0,6.9,47,"['Action', 'Comedy', 'Western']",1970-05-13,2.676535,121.0,1970
3500000.0,13007551.0,7.4,82,"['Crime', 'Drama']",1967-12-14,7.821438,134.0,1967
3500000.0,12800000.0,7.4,46,['Drama'],1959-06-18,3.281509,149.0,1959
3500000.0,12000000.0,6.2,35,"['Action', 'Drama', 'Thriller', 'Crime', 'Mystery']",1966-02-23,2.938973,121.0,1966
3500000.0,12600000.0,7.1,158,"['Crime', 'Drama', 'Mystery', 'Thriller']",1972-05-25,10.219942,116.0,1972
3500000.0,40423945.0,6.3,1434,"['Mystery', 'Horror']",2016-02-19,50.319662,92.0,2016
24000000.0,52313200.5,5.4,8,"['Action', 'Comedy']",1998-05-27,0.593068,93.0,1998
10000000.0,6451628.0,6.8,81,['Drama'],1998-01-21,5.588652,105.0,1998
2000000.0,33965843.0,7.8,626,"['Crime', 'Drama', 'Mystery', 'Romance']",2009-08-13,25.894065,129.0,2009
24000000.0,52313200.5,4.8,36,"['Horror', 'Thriller']",2008-10-16,3.280081,94.0,2008
3600000.0,5923044.0,7.6,742,"['Horror', 'Comedy', 'Fantasy']",1987-03-13,35.674774,84.0,1987
24000000.0,52313200.5,5.4,43,"['Action', 'Comedy']",2001-06-29,3.115754,81.0,2001
1000000.0,52313200.5,3.8,476,"['TV Movie', 'Horror']",2013-07-11,20.466433,86.0,2013
24000000.0,52313200.5,5.4,4,"['Drama', 'Foreign']",1999-04-01,0.015597,105.0,1999
3500000.0,4159678.0,6.7,583,"['Fantasy', 'Horror']",2010-10-29,12.982319,103.0,2010
24000000.0,52313200.5,5.8,9,"['Comedy', 'Romance']",2006-01-01,0.595136,104.0,2006
3500000.0,113783.0,6.7,28,"['Comedy', 'Drama']",2006-02-07,3.643608,98.0,2006
3500000.0,52313200.5,5.6,90,['Action'],2004-01-21,6.396936,91.0,2004
24000000.0,52313200.5,2.9,7,"['Crime', 'Action']",2016-01-08,0.909067,111.0,2016
3500000.0,52313200.5,5.2,10,"['Crime', 'Drama', 'Mystery', 'Thriller']",2008-09-27,1.348114,98.0,2008
24000000.0,52313200.5,2.0,1,"['Action', 'Crime', 'Comedy', 'Thriller']",1999-09-16,0.964802,104.0,1999
3500000.0,52313200.5,4.6,10,"['Horror', 'Thriller', 'Mystery']",2009-04-25,1.271621,96.0,2009
3500000.0,52313200.5,7.9,419,"['Action', 'Animation']",2013-01-18,25.891466,78.0,2013
3500000.0,52313200.5,0.0,0,['Documentary'],2015-09-04,1.618138,100.0,2015
3500000.0,52313200.5,3.3,19,"['Action', 'Adventure', 'Drama', 'Fantasy']",2013-12-27,4.304341,85.0,2013
3500000.0,52313200.5,5.3,37,"['Action', 'Drama', 'Thriller']",2014-03-04,3.158056,92.0,2014
24000000.0,52313200.5,5.0,11,['Drama'],2015-06-05,3.230779,86.0,2015
3440000.0,52313200.5,3.6,6,"['Crime', 'Mystery', 'Thriller']",2014-01-06,1.913302,90.0,2014
3400000.0,31063038.0,6.5,84,"['Comedy', 'Music']",1977-12-25,5.690619,104.0,1977
8000000.0,127392239.0,6.9,358,"['Documentary', 'Family']",2005-01-26,17.537154,80.0,2005
3500000.0,19504039.0,6.7,524,"['Thriller', 'Drama']",2011-09-28,26.259389,107.0,2011
24000000.0,52313200.5,6.2,15,['Drama'],2011-06-09,1.419431,104.0,2011
3000000.0,3830137.0,6.0,127,"['Comedy', 'Drama']",2008-09-26,11.637458,104.0,2008
3300000.0,30641770.0,8.1,1814,"['Drama', 'Crime']",2002-02-05,44.356711,130.0,2002
600000.0,4000000.0,6.8,97,"['Comedy', 'Drama']",1999-06-04,4.859873,99.0,1999
3400000.0,52313200.5,6.8,47,"['Drama', 'Music']",2015-03-13,6.723057,118.0,2015
24000000.0,52313200.5,6.4,66,"['Mystery', 'Drama', 'Crime', 'Thriller']",2006-11-07,3.069605,85.0,2006
3800000.0,16800000.0,7.9,927,['Drama'],2012-08-28,21.826888,115.0,2012
24000000.0,19294144.0,7.4,344,"['Comedy', 'Family']",1983-11-18,15.128316,94.0,1983
24000000.0,52313200.5,6.7,37,"['Drama', 'Romance']",2006-09-09,1.814802,91.0,2006
4300000.0,52313200.5,6.2,66,"['Action', 'Drama', 'Horror', 'Crime', 'Thriller']",1982-08-20,5.643023,98.0,1982
3300000.0,45000.0,4.1,9,['Comedy'],2014-11-08,2.964785,96.0,2014
2000000.0,7.0,8.0,1,"['Romance', 'Drama']",1999-10-29,0.11615,92.0,1999
24000000.0,28814580.0,6.8,174,['Drama'],2008-09-24,13.437038,128.0,2008
3200000.0,33395426.0,7.5,863,"['Horror', 'Drama', 'Mystery']",1968-06-12,26.180367,136.0,1968
3200000.0,8000000.0,7.4,265,['Western'],1962-04-22,11.735287,123.0,1962
24000000.0,2277396.0,6.9,150,"['Drama', 'Romance']",2009-07-29,8.308442,99.0,2009
24000000.0,52313200.5,6.9,101,"['Drama', 'Thriller', 'Crime']",2004-01-18,3.027892,101.0,2004
3200000.0,5332926.0,6.8,347,"['Drama', 'Romance', 'Comedy']",2010-09-11,11.933449,105.0,2010
24000000.0,658573.0,6.1,160,"['Action', 'Comedy', 'Horror']",2005-10-14,8.825113,95.0,2005
2700000.0,141000000.0,7.0,418,['Comedy'],1978-07-27,17.332585,104.0,1978
2500000.0,124881062.0,7.2,987,"['Adventure', 'Action', 'Thriller']",1964-09-17,47.812466,110.0,1964
2400000.0,52313200.5,5.7,112,"['Science Fiction', 'Horror']",2012-09-19,11.753553,110.0,2012
3180000.0,9644124.0,8.0,1076,"['Drama', 'Family', 'Fantasy']",1946-12-20,42.868495,130.0,1946
4000000.0,16491080.0,7.8,2655,"['Drama', 'Crime']",1996-02-23,63.513324,93.0,1996
24000000.0,52313200.5,6.3,15,['Comedy'],2000-08-18,1.918959,115.0,2000
3000000.0,177512032.0,5.7,722,"['Horror', 'Thriller']",2010-10-20,22.789649,91.0,2010
24000000.0,52313200.5,7.4,54,"['Comedy', 'Romance']",1998-09-15,5.735912,91.0,1998
4000000.0,35564473.0,7.3,453,['Documentary'],2002-10-09,11.414843,120.0,2002
24000000.0,52313200.5,6.9,49,['Drama'],2014-05-16,6.017273,111.0,2014
3000000.0,29999213.0,5.7,361,['Horror'],1985-10-31,21.607228,87.0,1985
3000000.0,20966644.0,6.9,156,"['Drama', 'Romance']",1985-12-13,7.961559,117.0,1985
3000000.0,89328627.0,6.0,2428,"['Science Fiction', 'Horror', 'Thriller']",2013-05-31,54.403033,86.0,2013
3000000.0,77712439.0,6.7,1573,"['Horror', 'Thriller', 'Mystery']",2012-03-29,41.045084,110.0,2012
3000000.0,19184015.0,5.0,1,['Comedy'],2002-08-01,0.295226,113.0,2002
3000000.0,17570324.0,7.6,165,"['Drama', 'Romance']",1958-02-17,16.553594,104.0,1958
3000000.0,18999718.0,6.2,361,"['Adventure', 'Science Fiction', 'Mystery']",1970-05-01,24.393296,95.0,1970
3000000.0,23144499.0,5.3,106,"['Comedy', 'Family', 'Drama']",1997-08-01,11.241802,98.0,1997
16000000.0,68411275.0,5.9,137,"['Adventure', 'Fantasy', 'Animation', 'Action', 'Family']",2000-07-08,9.18885,93.0,2000
3000000.0,19472057.0,5.7,216,"['Horror', 'Mystery', 'Thriller']",1986-08-01,11.158167,86.0,1986
3000000.0,33300000.0,7.7,542,"['Drama', 'History', 'War']",1957-10-02,23.109959,161.0,1957
3000000.0,15369573.0,4.7,25,"['Comedy', 'Family', 'Science Fiction']",1990-04-27,1.586598,100.0,1990
2000000.0,7900000.0,6.7,86,[],1976-04-09,3.832858,121.0,1976
3000000.0,25000000.0,8.1,483,"['Comedy', 'Drama', 'Romance']",1960-06-15,22.889294,125.0,1960
3000000.0,15938065.0,4.2,193,"['Fantasy', 'Horror', 'Thriller']",1993-08-13,10.341982,87.0,1993
3000000.0,13000000.0,6.4,120,"['Mystery', 'Thriller']",1966-07-13,7.924982,128.0,1966
3000000.0,11718595.0,6.4,28,"['Comedy', 'Documentary', 'Music']",2005-09-12,1.697846,100.0,2005
24000000.0,229094.0,6.6,367,"['Romance', 'Thriller', 'Western']",2015-04-16,14.936661,84.0,2015
3000000.0,52313200.5,7.0,11,"['Drama', 'Music', 'Romance']",1985-10-25,0.720091,97.0,1985
24000000.0,52313200.5,5.3,36,"['Action', 'Comedy', 'Crime']",2009-02-06,2.747402,84.0,2009
3000000.0,10400000.0,7.3,41,['Drama'],1960-06-19,6.734965,146.0,1960
24000000.0,9016377.0,4.5,4,"['Comedy', 'Romance']",1999-05-12,0.185373,94.0,1999
3000000.0,9012000.0,7.3,82,['Western'],1948-08-26,5.344815,104.0,1948
24000000.0,52313200.5,3.7,10,"['Comedy', 'Romance']",2006-01-01,0.982624,99.0,2006
3000000.0,11176469.0,7.4,568,"['Romance', 'Drama']",2013-04-05,23.299907,108.0,2013
24000000.0,52313200.5,3.8,46,"['Comedy', 'Fantasy', 'Family']",1987-11-20,4.103764,104.0,1987
3000000.0,7282851.0,6.3,94,"['Action', 'Horror', 'Science Fiction', 'Thriller']",1988-07-08,5.003615,97.0,1988
3000000.0,6804016.0,5.0,3,['Drama'],2004-09-30,0.019984,94.0,2004
24000000.0,52313200.5,5.8,19,"['Comedy', 'Drama']",2002-01-01,1.026243,86.0,2002
24000000.0,10422387.0,6.8,34,"['Drama', 'Foreign', 'Romance']",2005-09-08,2.787375,115.0,2005
3800000.0,28200000.0,6.5,59,['Comedy'],1999-05-14,3.667372,97.0,1999
3000000.0,52313200.5,3.1,11,"['Comedy', 'Romance']",2000-09-01,2.144354,82.0,2000
3000000.0,4109095.0,5.7,35,"['Drama', 'History', 'Romance']",1996-09-11,3.937939,117.0,1996
3000000.0,52313200.5,6.0,57,"['Comedy', 'Drama']",2010-01-22,5.325156,90.0,2010
24000000.0,52313200.5,5.2,38,"['Fantasy', 'Horror', 'Science Fiction']",1993-05-01,3.107149,98.0,1993
24000000.0,52313200.5,5.4,39,"['Comedy', 'Crime']",1997-04-18,5.016607,95.0,1997
24000000.0,52313200.5,7.6,234,"['Drama', 'Romance']",1978-09-13,13.857194,94.0,1978
24000000.0,52313200.5,6.4,25,['Drama'],2001-09-02,6.997495,104.0,2001
3000000.0,3076820.0,5.9,90,['Comedy'],1999-01-30,4.337685,87.0,1999
2962051.0,3011195.0,6.6,94,"['Drama', 'History']",1996-08-09,3.636634,108.0,1996
24000000.0,4069826.0,7.2,345,"['Comedy', 'Drama']",2013-05-17,15.492257,86.0,2013
3000000.0,9879971.0,6.9,94,"['Crime', 'Drama']",2005-08-18,2.504169,94.0,2005
3000000.0,2807390.0,7.4,194,"['Comedy', 'Drama']",1998-10-16,10.757539,139.0,1998
24000000.0,52313200.5,6.1,4,[],2003-04-04,1.580027,89.0,2003
2800000.0,1826705.0,5.1,366,[],2014-09-19,15.754614,102.0,2014
3000000.0,14980005.0,8.0,1945,"['Drama', 'Thriller', 'Mystery', 'Action']",2003-01-01,56.76349,120.0,2003
24000000.0,52313200.5,6.5,37,"['Action', 'Drama', 'Family', 'Thriller']",2010-04-09,3.644872,110.0,2010
3000000.0,748453.0,5.7,211,"['Action', 'Comedy', 'Thriller']",2011-05-06,16.900433,86.0,2011
3000000.0,52313200.5,5.2,17,"['Action', 'Comedy']",2016-03-31,1.569246,101.0,2016
3000000.0,52313200.5,6.5,95,"['Comedy', 'Drama', 'Thriller']",1996-08-23,4.682881,110.0,1996
24000000.0,52313200.5,5.8,12,"['TV Movie', 'Action', 'Drama', 'Family']",2006-10-06,1.128559,87.0,2006
3000000.0,2357852.0,6.9,250,['Drama'],2009-05-14,12.68672,123.0,2009
24000000.0,52313200.5,5.6,67,"['Comedy', 'Romance']",2012-04-06,3.750338,99.0,2012
3000000.0,11947954.0,5.3,444,"['Comedy', 'Romance']",2012-08-06,20.95282,87.0,2012
24000000.0,52313200.5,3.7,3,"['Drama', 'Music', 'Family']",2004-04-25,0.18094,120.0,2004
24000000.0,52313200.5,5.2,34,['Comedy'],2012-03-02,1.75311,94.0,2012
2700000.0,52313200.5,6.7,59,[],2004-09-02,3.120747,98.0,2004
24000000.0,52313200.5,6.3,2,"['War', 'Drama', 'History']",2014-01-01,0.384496,104.0,2014
24000000.0,52313200.5,3.9,37,"['Horror', 'Thriller']",2010-10-01,2.504156,104.0,2010
3000000.0,52313200.5,5.8,5,"['Drama', 'Comedy']",1999-10-21,0.431332,97.0,1999
3000000.0,22000.0,5.7,197,[],2011-03-13,11.882563,112.0,2011
24000000.0,52313200.5,6.1,15,"['Drama', 'Horror', 'Romance']",2009-04-24,9.342465,88.0,2009
3000000.0,3387000.0,4.9,148,"['Thriller', 'Horror']",2015-02-12,12.564554,83.0,2015
24000000.0,52313200.5,3.0,5,['Comedy'],2005-03-04,0.68822,80.0,2005
24000000.0,52313200.5,0.0,0,"['Comedy', 'Family']",2010-06-15,0.194848,90.0,2010
24000000.0,52313200.5,5.4,32,['Drama'],2009-09-14,2.015525,96.0,2009
3000000.0,52313200.5,5.2,18,"['Action', 'Drama', 'Thriller']",2013-04-12,2.680629,85.0,2013
24000000.0,52313200.5,5.3,171,['Comedy'],2014-06-27,12.036888,84.0,2014
24000000.0,52313200.5,2.9,28,['Comedy'],2013-01-14,1.737032,80.0,2013
3000000.0,52313200.5,5.8,136,"['Drama', 'Action']",2011-09-13,9.249229,90.0,2011
2500000.0,3200000.0,7.1,95,"['Action', 'Crime', 'Drama', 'Thriller']",1967-08-30,5.164423,92.0,1967
3.0,52313200.5,0.0,0,"['Drama', 'Comedy']",2009-01-15,0.008263,100.0,2009
24000000.0,52313200.5,4.8,14,['Thriller'],2013-03-11,1.998826,88.0,2013
3000000.0,52313200.5,4.6,16,"['Mystery', 'Thriller']",2014-04-04,1.968679,95.0,2014
3000000.0,52313200.5,2.8,10,['Thriller'],2015-08-07,1.141463,79.0,2015
24000000.0,52313200.5,6.0,1,[],1988-04-01,0.214704,88.0,1988
3200000.0,52313200.5,6.1,5,"['Action', 'Crime', 'Thriller']",2009-10-10,1.034844,95.0,2009
24000000.0,52313200.5,6.3,22,"['Comedy', 'Drama', 'Romance']",2010-03-13,1.975941,95.0,2010
2900000.0,5596708.0,7.6,126,['Drama'],1998-01-16,5.928937,113.0,1998
2900000.0,5000000.0,7.3,25,"['Comedy', 'Drama']",1961-12-18,3.370225,136.0,1961
24000000.0,52313200.5,4.9,54,"['Crime', 'Action']",2015-12-11,5.485217,80.0,2015
24000000.0,52313200.5,6.8,3,"['Comedy', 'Drama', 'Romance']",2005-08-05,0.18887,105.0,2005
3000000.0,52313200.5,4.1,52,"['Thriller', 'Mystery', 'Drama', 'Horror']",2015-08-14,3.077885,90.0,2015
3000000.0,103735.0,6.6,36,['Documentary'],2010-10-01,1.781462,93.0,2010
24000000.0,52313200.5,6.6,271,"['Horror', 'Thriller', 'Mystery']",2003-06-18,4.952983,91.0,2003
2902660.0,52313200.5,6.1,34,"['Romance', 'Comedy', 'Drama']",2011-08-19,1.35088,93.0,2011
24000000.0,52313200.5,4.3,12,"['Thriller', 'Action', 'Horror']",2015-10-16,0.687656,104.0,2015
8000000.0,23563727.0,6.9,99,['Drama'],2005-07-22,6.39503,116.0,2005
2883848.0,25000000.0,8.0,808,"['Comedy', 'Romance']",1959-03-18,39.30982,122.0,1959
2800000.0,19170001.0,5.3,192,"['Horror', 'Thriller']",1988-05-13,9.070842,88.0,1988
2777000.0,33754967.0,7.4,1642,"['Adventure', 'Family', 'Fantasy']",1939-08-15,67.417542,102.0,1939
2800000.0,86273333.0,7.7,854,"['Comedy', 'Science Fiction']",1974-12-15,36.444894,106.0,1974
2000000.0,5364858.0,5.4,190,"['Horror', 'Action', 'Science Fiction']",2007-09-08,15.351412,95.0,2007
24000000.0,52313200.5,7.6,44,"['Comedy', 'Drama', 'Romance']",2006-01-01,2.436019,144.0,2006
24000000.0,52313200.5,6.5,19,['Drama'],1997-06-13,0.93392,112.0,1997
2700000.0,37799643.0,7.0,59,"['Adventure', 'Family']",1979-10-17,11.35972,118.0,1979
24000000.0,52313200.5,9.5,2,[],2015-06-26,0.296981,104.0,2015
24000000.0,52313200.5,4.9,10,"['Action', 'Adventure', 'Animation', 'Comedy', 'Science Fiction']",2008-09-26,1.776624,90.0,2008
2686000.0,6600000.0,6.0,30,"['Adventure', 'Comedy', 'Romance']",1963-06-12,1.897263,109.0,1963
24000000.0,52313200.5,7.0,3,"['Comedy', 'Drama']",1996-03-21,0.144031,103.0,1996
2627000.0,5363000.0,6.0,8,"['Drama', 'Romance', 'War']",1944-03-01,0.531444,120.0,1944
2600000.0,119500000.0,7.2,609,"['Western', 'Comedy']",1974-02-07,22.793929,93.0,1974
2600000.0,32980880.0,5.9,237,"['Horror', 'Thriller']",1984-04-13,14.013414,91.0,1984
2159280.0,10700000.0,7.1,260,['Drama'],2013-10-25,13.265432,80.0,2013
24000000.0,52313200.5,7.1,61,"['Drama', 'Romance']",1987-09-18,11.552247,134.0,1987
24000000.0,52313200.5,5.3,22,['Comedy'],2006-09-15,1.73892,86.0,2006
2600000.0,3166000.0,7.6,23,['Documentary'],2004-07-09,0.895946,105.0,2004
2600000.0,553198.0,7.0,308,"['Science Fiction', 'Thriller']",2007-09-20,19.02965,104.0,2007
24000000.0,52313200.5,7.4,13,"['Action', 'Adventure', 'Comedy', 'Drama', 'Foreign']",2009-01-20,0.406645,99.0,2009
2600000.0,52313200.5,5.2,38,"['Horror', 'Thriller']",2007-12-07,3.687574,97.0,2007
2540800.0,7200000.0,7.8,727,"['Comedy', 'Music', 'Romance']",1952-04-10,36.556954,103.0,1952
24000000.0,52313200.5,7.1,47,['Documentary'],2010-04-16,0.545825,97.0,2010
2500000.0,60141683.0,5.4,516,"['Comedy', 'Horror']",2013-01-11,18.661541,86.0,2013
2500000.0,33400000.0,4.6,19,['Documentary'],2012-07-13,0.973582,87.0,2012
24000000.0,34585416.0,6.8,225,"['Comedy', 'Drama']",1996-10-04,14.885388,108.0,1996
2500000.0,14400000.0,5.0,229,"['Horror', 'Mystery', 'Science Fiction']",1982-10-22,12.030456,98.0,1982
2500000.0,12348905.0,6.3,264,"['Action', 'Science Fiction']",1971-05-20,18.30961,98.0,1971
2500000.0,10000000.0,7.5,66,"['Action', 'Drama', 'Western']",1963-05-29,6.82919,112.0,1963
24000000.0,32230907.0,7.1,95,"['Comedy', 'Documentary']",2013-07-03,9.799357,74.0,2013
2500000.0,52313200.5,7.1,212,"['Drama', 'Romance']",1991-10-17,10.363642,104.0,1991
2500000.0,26781723.0,7.1,618,"['Comedy', 'Drama', 'Romance']",2004-07-28,30.583959,102.0,2004
2500000.0,5535405.0,7.7,959,"['Drama', 'Romance']",1995-01-27,23.672571,105.0,1995
24000000.0,52313200.5,6.9,8,"['Horror', 'Mystery', 'Thriller']",2003-10-03,0.205034,100.0,2003
24000000.0,52313200.5,6.7,22,"['Comedy', 'Drama', 'Romance']",1999-09-05,5.581743,107.0,1999
24000000.0,52313200.5,6.8,32,"['Comedy', 'Romance']",2004-09-12,2.487255,91.0,2004
24000000.0,52313200.5,5.2,15,['Drama'],2007-11-16,0.262135,102.0,2007
2500000.0,3325038.0,6.8,450,"['Science Fiction', 'Comedy', 'Drama', 'Crime']",2012-08-16,23.419061,85.0,2012
24000000.0,9726954.0,7.2,77,"['Drama', 'Romance']",2003-03-07,7.958831,106.0,2003
2500000.0,6854611.0,6.8,1048,"['Comedy', 'Drama', 'Romance']",2013-08-02,25.722747,95.0,2013
24000000.0,52313200.5,7.2,197,"['Comedy', 'Documentary']",2008-10-01,9.774126,101.0,2008
24000000.0,52313200.5,7.0,3,"['Documentary', 'Drama']",2008-11-14,0.197469,90.0,2008
24000000.0,52313200.5,7.0,1,['Drama'],2006-04-24,0.142255,100.0,2006
2500000.0,71904.0,7.1,7,['Drama'],2007-08-24,0.301884,100.0,2007
24000000.0,52313200.5,5.5,6,['Documentary'],2010-01-01,0.424957,80.0,2010
14000000.0,52313200.5,6.1,50,"['Comedy', 'Romance']",2008-10-29,3.393648,106.0,2008
24000000.0,52313200.5,6.1,61,"['Horror', 'Thriller']",2000-02-03,5.025938,104.0,2000
2500000.0,107559.0,6.0,40,"['Drama', 'Science Fiction', 'Thriller']",2008-12-10,4.624691,90.0,2008
2500000.0,324138.0,6.6,441,"['Comedy', 'Action', 'Drama']",2010-09-09,12.204569,96.0,2010
24000000.0,52313200.5,5.0,15,"['Comedy', 'Family']",2010-12-01,0.630226,89.0,2010
2500000.0,52313200.5,4.9,63,"['Comedy', 'Horror']",2015-07-03,4.270489,87.0,2015
35000000.0,52313200.5,4.8,40,['Horror'],2016-09-02,3.674294,94.0,2016
2400000.0,5731103.0,7.0,11,['Drama'],1996-10-16,4.623059,120.0,1996
24000000.0,52313200.5,4.8,21,[],2006-12-01,1.946715,101.0,2006
30000000.0,495303.0,6.3,664,"['Adventure', 'Comedy', 'Science Fiction']",2006-09-01,27.940093,84.0,2006
2500000.0,52313200.5,4.5,19,['Crime'],2015-08-29,1.759506,110.0,2015
2380000.0,8176544.0,7.4,363,[],2006-09-12,8.395624,101.0,2006
2500000.0,52313200.5,3.1,47,[],2012-12-14,8.248149,101.0,2012
2361000.0,6892000.0,7.0,4,"['Comedy', 'Music']",1944-07-01,0.628051,101.0,1944
2450000.0,52313200.5,4.6,5,"['Drama', 'Family']",2011-05-13,0.500753,105.0,2011
24000000.0,565592.0,10.0,1,"['Comedy', 'Drama', 'Family']",1998-05-01,0.376662,97.0,1998
2300000.0,11000000.0,6.9,18,"['Music', 'Romance']",1951-07-13,1.606314,107.0,1951
24000000.0,52313200.5,4.7,6,['Drama'],2011-08-26,0.197264,91.0,2011
24000000.0,52313200.5,5.6,88,['Thriller'],2014-08-05,5.759493,108.0,2014
2000000.0,52313200.5,6.7,93,"['Fantasy', 'Adventure', 'Animation', 'Comedy', 'Family', 'Music']",1987-07-09,6.86302,90.0,1987
2280000.0,83320000.0,7.2,808,"['Animation', 'Family', 'Music']",1940-11-13,32.875469,124.0,1940
24000000.0,52313200.5,0.0,0,"['Thriller', 'Drama']",2014-06-15,0.015295,90.0,2014
4000000.0,36690067.0,5.7,254,"['Horror', 'Thriller']",1982-08-13,14.206525,95.0,1982
2200000.0,21930418.0,5.1,196,"['Horror', 'Thriller']",1985-03-22,12.639469,92.0,1985
24000000.0,52313200.5,6.2,11,['Drama'],2007-02-09,2.371477,117.0,2007
24000000.0,52313200.5,6.6,48,"['Fantasy', 'Drama']",2015-03-20,2.470443,115.0,2015
24000000.0,52313200.5,5.7,5,"['Thriller', 'Romance']",2008-06-13,1.532518,90.0,2008
2160000.0,9132000.0,5.8,4,['Drama'],1945-06-01,0.1813,119.0,1945
2300000.0,52313200.5,5.6,19,"['Thriller', 'Drama']",2015-10-22,2.713171,97.0,2015
24000000.0,52313200.5,3.5,5,"['Comedy', 'Romance', 'Foreign']",2005-04-22,0.258413,90.0,2005
24000000.0,52313200.5,5.4,12,"['Romance', 'Comedy', 'Music']",2014-11-14,2.025701,90.0,2014
24000000.0,52313200.5,5.7,59,[],2007-10-09,2.659804,85.0,2007
2100000.0,23650000.0,7.6,143,"['Drama', 'History', 'Romance']",1946-12-25,8.38717,172.0,1946
24000000.0,480811.0,6.7,125,"['Crime', 'Drama']",2001-06-15,6.677093,113.0,2001
24000000.0,52313200.5,7.0,51,"['Comedy', 'Drama']",2001-03-16,2.526356,89.0,2001
2100000.0,3330.0,0.0,0,"['Drama', 'Crime']",2015-10-16,0.039007,104.0,2015
1500000.0,30448000.0,7.1,934,"['Horror', 'Mystery']",2007-04-10,31.691617,78.0,2007
24000000.0,52313200.5,4.5,4,"['Drama', 'Mystery', 'Thriller']",2010-10-03,0.47909,88.0,2010
24000000.0,52313200.5,0.0,0,[],2015-01-01,0.027801,104.0,2015
24000000.0,52313200.5,5.1,36,"['Thriller', 'Horror', 'Science Fiction']",2015-07-09,2.122451,77.0,2015
24000000.0,52313200.5,4.1,15,"['Adventure', 'Drama', 'Western']",2015-02-27,0.803761,81.0,2015
2000000.0,78898765.0,6.9,760,"['Action', 'Thriller', 'Adventure']",1963-10-11,41.298723,115.0,1963
24000000.0,52313200.5,5.3,39,[],1989-02-24,1.791331,96.0,1989
2000000.0,18344729.0,7.0,200,"['Comedy', 'Romance', 'Science Fiction']",1973-12-17,10.664202,89.0,1973
2000000.0,18016290.0,6.6,215,['Comedy'],1972-08-06,13.223111,88.0,1972
2000000.0,13129846.0,8.0,657,"['Crime', 'Drama']",1962-12-25,22.139842,129.0,1962
2000000.0,24600832.0,7.3,957,"['Adventure', 'Action', 'Thriller', 'Science Fiction']",1981-12-24,37.117362,95.0,1981
24000000.0,52313200.5,7.2,242,"['Action', 'Comedy']",1994-02-03,15.046612,102.0,1994
2000000.0,11540607.0,7.2,353,"['Crime', 'Drama']",1999-09-02,15.557144,118.0,1999
2000000.0,13101672.0,5.2,125,"['Horror', 'Mystery']",2011-01-21,11.66632,85.0,2011
2000000.0,70000000.0,7.9,958,"['Drama', 'Thriller']",2006-03-15,34.938177,137.0,2006
1000000.0,34522221.0,6.8,77,['Drama'],2011-09-30,5.961119,129.0,2011
2000000.0,7600000.0,7.6,240,['Drama'],1961-09-25,17.639478,134.0,1961
2000000.0,9172000.0,6.5,8,"['Adventure', 'Drama', 'Romance']",1940-08-30,1.867004,119.0,1940
8000000.0,1477676.0,7.3,231,"['Adventure', 'Animation', 'Comedy', 'Drama']",2003-06-11,13.944645,80.0,2003
24000000.0,52313200.5,6.6,24,"['Drama', 'Comedy']",1998-01-16,2.304552,89.0,1998
24000000.0,6003587.0,7.1,120,"['Comedy', 'Drama']",2003-08-15,7.792851,101.0,2003
2700000.0,15992615.0,7.6,718,"['Drama', 'Romance']",2004-02-10,14.799323,80.0,2004
2000000.0,20908467.0,7.6,521,"['Drama', 'Thriller']",2000-06-16,23.281616,154.0,2000
2000000.0,4601043.0,6.7,339,[],2003-08-20,20.331593,100.0,2003
2000000.0,7800000.0,6.8,47,"['Drama', 'Romance']",1947-11-11,5.381536,118.0,1947
2000000.0,13831503.0,6.8,565,['Drama'],2010-06-11,20.834883,100.0,2010
24000000.0,13885802.0,7.6,138,"['Documentary', 'Action', 'Adventure']",2003-09-05,14.045887,106.0,2003
2000000.0,4000000.0,4.8,6,"['Drama', 'Music', 'Romance']",1938-05-24,0.483974,106.0,1938
24000000.0,52313200.5,7.0,107,"['Comedy', 'Drama']",2005-06-17,9.719094,90.0,2005
2000000.0,7871522.0,7.7,286,['Documentary'],2010-10-08,16.930914,109.0,2010
6000000.0,11122090.0,6.3,658,"['Drama', 'Music', 'Romance']",2015-08-26,28.819424,96.0,2015
24000000.0,52313200.5,7.2,298,"['Crime', 'Drama']",1999-09-13,18.223139,104.0,1999
2000000.0,5967038.0,6.3,197,"['Crime', 'Drama', 'Thriller', 'Action']",2005-09-11,12.999023,120.0,2005
2000000.0,2801508.0,5.6,92,"['Crime', 'Drama', 'Thriller']",2015-09-17,6.728882,97.0,2015
2000000.0,2506446.0,4.8,26,"['Comedy', 'Drama', 'Romance']",2002-08-02,1.95686,96.0,2002
24000000.0,52313200.5,5.9,58,['Horror'],1986-12-31,7.151154,98.0,1986
2000000.0,5179037.0,6.3,140,"['Romance', 'Drama', 'Comedy']",2006-05-20,14.846001,101.0,2006
2000000.0,11125849.0,7.8,291,"['Drama', 'Animation', 'War']",2008-06-25,14.08251,90.0,2008
2000000.0,1672730.0,5.0,2,[],2003-09-12,0.031947,120.0,2003
2000000.0,1431623.0,7.2,23,['Documentary'],2007-07-27,2.283796,102.0,2007
2000000.0,1477002.0,6.8,279,"['Drama', 'Romance']",2015-08-07,18.224326,98.0,2015
2000000.0,52313200.5,7.6,31,['Documentary'],2007-01-19,3.43159,109.0,2007
24000000.0,876302.0,6.5,77,"['Drama', 'Western']",2010-09-05,4.749885,104.0,2010
2000000.0,653621.0,6.8,31,"['History', 'Documentary']",2005-02-11,3.980072,92.0,2005
24000000.0,52313200.5,7.1,19,"['Drama', 'Action', 'Thriller']",2000-09-01,1.096355,99.0,2000
24000000.0,52313200.5,5.6,13,"['Comedy', 'Drama']",1997-01-01,1.196943,96.0,1997
2000000.0,563706.0,4.6,19,['Comedy'],2010-09-10,3.125382,120.0,2010
2000000.0,390659.0,6.3,86,"['Action', 'Thriller']",1985-04-10,5.261065,104.0,1985
24000000.0,52313200.5,6.1,23,"['Comedy', 'Drama']",2005-04-15,6.337735,97.0,2005
24000000.0,52313200.5,5.2,210,"['Comedy', 'Horror']",2007-01-19,7.359286,94.0,2007
2000000.0,124494.0,5.8,36,"['Action', 'Adventure', 'Science Fiction']",1998-09-18,1.892183,91.0,1998
24000000.0,52313200.5,0.0,0,[],2000-05-26,0.001186,104.0,2000
2000000.0,120620.0,7.1,52,"['Drama', 'Comedy', 'Music']",2004-09-12,3.911445,90.0,2004
3800000.0,111731.0,5.9,18,['Comedy'],2009-06-10,2.559806,84.0,2009
24000000.0,52313200.5,6.3,10,"['Comedy', 'Drama', 'Romance']",1997-08-31,0.744406,96.0,1997
13500000.0,187674.0,5.2,32,['Drama'],2015-09-18,5.16023,129.0,2015
7000000.0,1100000.0,6.7,3,"['Animation', 'Family', 'Foreign']",2008-10-24,0.253595,93.0,2008
24000000.0,52313200.5,5.0,1,"['Drama', 'Action', 'Thriller']",2005-01-01,0.046868,100.0,2005
24000000.0,52313200.5,5.6,13,"['Adventure', 'Family']",2013-03-01,2.952932,97.0,2013
24000000.0,52313200.5,5.5,143,"['Comedy', 'Drama', 'Music', 'Romance']",2014-11-03,5.563068,94.0,2014
24000000.0,52313200.5,6.4,9,[],2009-01-16,1.161034,95.0,2009
2000000.0,54207.0,5.9,88,"['Comedy', 'Science Fiction', 'Romance', 'Horror']",1993-10-01,7.502934,104.0,1993
24000000.0,52313200.5,6.1,96,"['Drama', 'Action', 'Romance']",2005-02-10,5.350423,92.0,2005
2000000.0,622806.0,6.3,41,['Drama'],2006-09-08,4.261509,96.0,2006
24000000.0,52313200.5,6.0,333,"['Horror', 'Science Fiction']",2015-10-02,6.752141,87.0,2015
24000000.0,3983997.0,6.7,406,"['Horror', 'Thriller']",2008-09-12,20.362373,91.0,2008
24000000.0,52313200.5,5.4,40,['Thriller'],2013-09-13,5.099368,98.0,2013
24000000.0,52313200.5,5.3,124,"['Horror', 'Comedy']",2009-03-16,6.632891,86.0,2009
24000000.0,52313200.5,6.8,16,"['Drama', 'Action', 'Crime', 'Foreign']",2008-02-11,1.717376,120.0,2008
24000000.0,52313200.5,6.9,18,"['Thriller', 'Drama', 'Crime']",2004-05-01,4.922397,99.0,2004
1000000.0,52313200.5,6.1,381,"['Thriller', 'Horror']",2011-09-09,13.222268,92.0,2011
100000.0,95000.0,5.5,92,['Horror'],2012-05-19,7.447714,86.0,2012
2000000.0,52313200.5,5.2,84,"['Crime', 'Drama', 'Horror', 'Thriller']",2010-01-01,9.68793,98.0,2010
2.0,52313200.5,0.0,0,['Documentary'],2015-12-12,0.050625,104.0,2015
2000000.0,11833696.0,6.7,165,['Comedy'],1971-04-28,5.941852,82.0,1971
24000000.0,52313200.5,3.5,2,['Thriller'],2012-08-10,0.174311,103.0,2012
24000000.0,52313200.5,5.8,2,"['Action', 'Adventure', 'Drama']",2007-07-07,0.361554,76.0,2007
2300000.0,52313200.5,7.2,102,[],1947-12-24,8.055084,87.0,1947
2000000.0,52313200.5,4.4,27,"['Horror', 'Thriller']",2008-05-01,4.346271,88.0,2008
14000000.0,52313200.5,5.6,37,"['Action', 'Adventure', 'Drama']",2002-01-01,3.419685,97.0,2002
2000000.0,52313200.5,5.7,50,[],2012-03-10,5.100741,96.0,2012
24000000.0,52313200.5,6.7,45,['Comedy'],2013-07-09,2.253589,87.0,2013
24000000.0,52313200.5,6.6,8,"['Comedy', 'Fantasy', 'Music']",2013-04-26,0.209475,106.0,2013
24000000.0,52313200.5,5.3,36,"['Comedy', 'Drama']",2013-09-10,3.613577,107.0,2013
24000000.0,52313200.5,6.3,12,"['Mystery', 'Horror', 'History']",1967-10-05,1.296784,85.0,1967
7000000.0,52313200.5,5.2,46,"['Comedy', 'Drama']",2013-01-16,4.50829,88.0,2013
24000000.0,52313200.5,6.1,24,"['Comedy', 'Music']",1966-10-16,8.902102,99.0,1966
24000000.0,52313200.5,5.9,10,['Documentary'],2007-09-27,1.619635,102.0,2007
24000000.0,52313200.5,3.9,8,"['Action', 'Adventure', 'History', 'Western']",2011-03-03,1.002585,108.0,2011
24000000.0,52313200.5,4.2,35,"['Science Fiction', 'Comedy']",2015-03-20,1.332804,90.0,2015
2000000.0,52313200.5,4.4,24,"['Thriller', 'Mystery', 'Horror', 'Drama']",2015-08-21,2.00163,89.0,2015
2000000.0,52313200.5,4.4,19,['Thriller'],2015-10-02,1.187764,92.0,2015
19000000.0,52313200.5,6.7,59,"['Crime', 'Drama']",1986-08-27,6.463806,99.0,1986
24000000.0,52313200.5,6.7,24,"['Fantasy', 'Drama', 'Science Fiction']",2003-01-01,1.980265,103.0,2003
1950000.0,52313200.5,5.8,49,"['Thriller', 'Action']",2015-04-10,3.696123,90.0,2015
1987650.0,19152480.0,6.6,827,"['Drama', 'Thriller', 'Mystery']",2010-09-24,32.841229,94.0,2010
24000000.0,864659.0,7.4,443,"['Drama', 'Comedy', 'Romance']",2011-03-18,8.518866,97.0,2011
24000000.0,52313200.5,7.8,55,"['Documentary', 'Drama', 'History']",2013-06-07,4.892203,88.0,2013
24000000.0,52313200.5,5.8,12,['Drama'],2006-07-21,4.665026,95.0,2006
24000000.0,222000.0,5.6,10,"['Drama', 'Music']",2013-02-07,1.294967,160.0,2013
24000000.0,2957978.0,7.5,275,"['Thriller', 'Documentary', 'Crime', 'History']",2008-07-25,14.331992,94.0,2008
24000000.0,52313200.5,5.8,27,"['Drama', 'Thriller']",2015-08-30,3.068463,82.0,2015
1900000.0,52313200.5,6.9,21,['Drama'],2015-04-24,1.367751,89.0,2015
1800000.0,67738090.0,5.6,328,"['Horror', 'Drama', 'Thriller']",2010-08-27,14.838986,87.0,2010
24000000.0,52313200.5,7.2,244,['Drama'],2009-12-25,1.950959,98.0,2009
1800000.0,8000000.0,7.6,281,['Drama'],1951-09-18,14.884756,125.0,1951
1800000.0,9440272.0,8.0,1442,"['Drama', 'Comedy', 'War']",1964-01-29,41.996783,95.0,1964
1800000.0,52313200.5,6.2,36,"['Drama', 'Romance']",2002-10-01,2.179428,118.0,2002
1800000.0,21107746.0,6.8,403,"['Drama', 'Fantasy']",2012-06-29,12.471239,93.0,2012
1700000.0,8844595.0,5.5,215,"['Action', 'Science Fiction']",1973-06-15,13.315383,93.0,1973
24000000.0,52313200.5,5.6,9,"['Drama', 'Music']",2001-03-01,3.363321,109.0,2001
2000000.0,841733.0,5.3,14,"['Drama', 'Thriller']",2011-08-26,1.699101,104.0,2011
24000000.0,52313200.5,6.7,5,"['Comedy', 'Romance']",2015-08-14,0.320387,155.0,2015
24000000.0,621951.0,6.4,88,"['Comedy', 'Documentary']",2011-04-22,0.692497,87.0,2011
24000000.0,52313200.5,5.5,12,['Comedy'],1993-06-04,0.023436,93.0,1993
24000000.0,52313200.5,6.8,9,"['Adventure', 'Drama', 'Foreign']",2003-09-09,0.749699,108.0,2003
1800000.0,6800000.0,6.7,192,['Western'],1968-07-31,11.756943,114.0,1968
24000000.0,52313200.5,6.9,17,"['Crime', 'Drama']",1952-03-14,0.225627,87.0,1952
24000000.0,52313200.5,5.3,33,"['Horror', 'Thriller']",2007-06-15,6.833164,104.0,2007
24000000.0,52313200.5,0.0,0,"['Thriller', 'Comedy', 'Horror']",2016-03-04,0.060127,87.0,2016
1800000.0,52313200.5,4.2,22,"['Action', 'Science Fiction']",2013-06-27,1.959405,86.0,2013
1800000.0,52313200.5,5.0,4,"['Comedy', 'Romance']",2012-02-03,0.21544,104.0,2012
1530000.0,7267585.0,7.2,664,"['Action', 'Drama', 'Thriller']",1998-08-20,27.36562,81.0,1998
500000.0,150277.0,6.3,152,"['Drama', 'Horror', 'Thriller', 'Romance']",2002-01-13,8.650779,93.0,2002
1493619.0,52313200.5,4.9,19,"['Adventure', 'Family']",2013-12-29,2.492747,90.0,2013
24000000.0,23311391.0,7.0,28,['Drama'],2008-03-20,2.756435,106.0,2008
1700000.0,9700000.0,6.1,236,"['Action', 'Science Fiction']",1972-06-29,18.828683,88.0,1972
1700000.0,52313200.5,6.4,89,"['Drama', 'Thriller']",2001-11-23,6.979638,130.0,2001
2000000.0,572809.0,6.3,519,"['Thriller', 'Crime', 'Horror']",2010-06-17,26.281839,108.0,2010
1700000.0,1943649.0,5.5,39,"['Comedy', 'Crime']",1999-12-03,2.079125,98.0,1999
24000000.0,52313200.5,6.0,59,"['Drama', 'Thriller', 'Romance']",2004-08-20,3.939753,86.0,2004
1000000.0,4235151.0,7.3,221,"['Drama', 'Romance']",2013-09-19,14.017809,104.0,2013
24000000.0,52313200.5,5.9,7,"['Drama', 'Romance']",2005-08-05,3.677831,100.0,2005
1644736.0,7433101.0,7.2,79,"['Comedy', 'Romance']",1938-08-23,3.426314,126.0,1938
1650000.0,30500000.0,7.2,133,"['War', 'Drama', 'Romance']",1953-08-04,6.915201,118.0,1953
1600000.0,5400000.0,7.1,61,['Western'],1949-10-22,8.535178,104.0,1949
24000000.0,52313200.5,6.0,24,"['Drama', 'Music']",2013-10-04,2.160586,102.0,2013
24000000.0,6033999.0,6.3,3,"['Comedy', 'Drama']",1999-04-09,0.796009,84.0,1999
24000000.0,2592808.0,4.3,4,"['Drama', 'Crime', 'Thriller']",2010-10-15,0.13456,104.0,2010
24000000.0,52313200.5,6.8,52,"['Drama', 'Comedy', 'Romance']",2007-07-01,4.554574,96.0,2007
24000000.0,52313200.5,4.6,55,"['Thriller', 'Horror']",2014-08-27,3.215465,92.0,2014
24000000.0,52313200.5,7.6,20,"['Drama', 'Romance']",2006-06-06,1.49436,114.0,2006
1600000.0,4420000.0,7.5,372,"['Crime', 'Drama', 'Mystery']",1974-04-07,20.810292,113.0,1974
24000000.0,52313200.5,0.0,0,['Romance'],2006-12-07,0.122704,104.0,2006
24000000.0,52313200.5,6.7,32,[],1969-06-18,3.654018,123.0,1969
24000000.0,52313200.5,6.5,2,"['Drama', 'Mystery']",2003-10-05,3.313339,111.0,2003
24000000.0,52313200.5,4.4,111,[],2016-02-12,5.379319,99.0,2016
2000000.0,22179430.0,6.7,129,['Comedy'],2007-05-25,9.67299,108.0,2007
1500000.0,11806119.0,6.6,363,['Action'],1988-02-26,17.49699,92.0,1988
1500000.0,9600000.0,7.9,241,"['Comedy', 'Drama']",1939-10-19,12.2624,129.0,1939
1500000.0,7412216.0,6.8,279,"['Drama', 'Crime']",1995-07-28,13.291991,91.0,1995
1500000.0,11098131.0,6.9,226,"['Comedy', 'Drama']",2005-10-05,13.788054,81.0,2005
1000000.0,10013424.0,5.9,48,['Comedy'],2001-04-21,3.990215,97.0,2001
17000000.0,52313200.5,4.5,99,"['Action', 'Drama']",2016-07-14,6.526588,90.0,2016
1500000.0,7000000.0,7.3,160,"['Drama', 'Mystery', 'Thriller']",1945-12-28,11.145915,111.0,1945
24000000.0,52313200.5,6.5,64,"['Drama', 'Mystery']",1994-09-24,5.446832,103.0,1994
1500000.0,2375097.0,7.1,166,"['Romance', 'Comedy', 'Crime', 'Drama']",1998-01-20,10.009994,110.0,1998
1500000.0,97009150.0,6.8,1737,"['Horror', 'Thriller']",2010-09-13,58.594852,103.0,2010
1500000.0,2300000.0,6.7,144,"['Comedy', 'Crime', 'Science Fiction', 'Thriller']",1984-02-20,11.35344,92.0,1984
1500000.0,52313200.5,7.4,153,"['Crime', 'Drama', 'Thriller']",2000-08-31,8.589355,114.0,2000
24000000.0,52313200.5,6.5,39,['Documentary'],2012-07-09,2.828303,101.0,2012
1500000.0,712294.0,6.5,43,['Drama'],2005-03-25,3.618646,111.0,2005
1500000.0,3566225.0,5.5,342,"['Comedy', 'Romance']",2013-07-24,15.017068,104.0,2013
1500000.0,418961.0,6.1,111,"['Action', 'Crime', 'Drama', 'Thriller']",1993-10-01,5.817519,104.0,1993
1500000.0,416925.0,6.8,151,['Drama'],2001-01-19,9.856826,98.0,2001
24000000.0,414404.0,6.5,48,"['Drama', 'Romance']",2008-03-07,4.262374,106.0,2008
24000000.0,52313200.5,3.0,1,"['Thriller', 'Action', 'Horror']",2015-08-28,0.06124,93.0,2015
1500000.0,373967.0,6.2,251,"['Horror', 'Mystery']",2001-08-10,11.064228,100.0,2001
24000000.0,52313200.5,5.7,12,"['Comedy', 'Romance']",2006-01-01,1.742383,80.0,2006
24000000.0,330048.0,4.5,3,['Drama'],2011-02-11,0.414754,95.0,2011
24000000.0,52313200.5,5.7,159,"['Comedy', 'Horror']",2006-04-27,12.677016,83.0,2006
1.0,8500000.0,8.1,856,"['Drama', 'Comedy']",1936-02-05,28.27648,87.0,1936
24000000.0,52313200.5,6.4,9,"['Drama', 'Family', 'Comedy']",2002-03-22,0.87066,91.0,2002
1500000.0,173066.0,5.9,107,"['Comedy', 'Horror']",2007-10-01,7.5591,86.0,2007
1500000.0,52313200.5,3.5,1,[],2005-01-13,2.02817,104.0,2005
1500000.0,52313200.5,6.6,8,['Comedy'],2015-03-06,0.859014,97.0,2015
1500000.0,52313200.5,6.0,2,"['Drama', 'Romance']",2005-12-07,0.071377,108.0,2005
1200000.0,52313200.5,6.0,2,"['Drama', 'History', 'War']",2010-07-14,0.193172,128.0,2010
1500000.0,32000.0,6.6,183,"['Horror', 'Mystery', 'Science Fiction']",2009-03-06,4.680206,93.0,2009
2000000.0,52313200.5,6.8,16,['Drama'],2008-04-24,1.20173,90.0,2008
1.0,52313200.5,10.0,2,"['Romance', 'Comedy', 'Drama']",2015-07-07,0.094105,90.0,2015
1500000.0,1165882.0,5.1,242,"['Horror', 'Thriller']",2012-09-10,14.504326,101.0,2012
24000000.0,52313200.5,6.5,358,"['Horror', 'Comedy', 'Thriller']",2014-09-04,10.322858,109.0,2014
24000000.0,52313200.5,6.9,24,['Documentary'],2005-11-04,1.404175,98.0,2005
1.0,52313200.5,6.8,6,"['Comedy', 'Drama', 'Fantasy', 'Romance', 'Science Fiction']",2005-10-01,0.077876,87.0,2005
24000000.0,52313200.5,6.0,1,"['Drama', 'Comedy']",2013-01-01,0.35819,98.0,2013
9000000.0,52313200.5,6.4,13,"['Comedy', 'Drama']",2013-11-29,9.159265,112.0,2013
24000000.0,1500000.0,2.6,9,['Science Fiction'],2014-09-27,1.893697,85.0,2014
24000000.0,52313200.5,7.4,7,"['Comedy', 'Family', 'Drama']",2017-02-03,0.71087,102.0,2017
24000000.0,52313200.5,4.2,13,[],2015-07-03,1.105357,102.0,2015
1500000.0,52313200.5,3.3,52,"['Drama', 'Mystery', 'Horror', 'Thriller']",2015-11-20,2.815228,90.0,2015
24000000.0,52313200.5,7.5,6,"['Action', 'Horror', 'Thriller']",2016-01-28,0.446858,93.0,2016
1488423.0,184925486.0,6.9,1914,"['Fantasy', 'Animation', 'Family']",1937-12-20,80.171283,83.0,1937
1400000.0,52313200.5,6.8,10,[],2004-05-06,0.684881,106.0,2004
1455000.0,2620000.0,5.4,12,['Western'],1968-11-06,3.598457,113.0,1968
1.0,52313200.5,5.9,18,"['Adventure', 'Comedy', 'Horror']",2004-12-17,1.452152,94.0,2004
2000000.0,52313200.5,5.3,6,['Drama'],2016-07-08,1.193219,101.0,2016
3150000.0,52313200.5,5.2,97,"['Horror', 'Thriller']",2014-10-16,8.039223,100.0,2014
24000000.0,52313200.5,6.2,32,"['Drama', 'Crime', 'Thriller']",2014-05-16,2.486992,75.0,2014
24000000.0,52313200.5,0.0,0,"['Thriller', 'Horror']",2014-01-11,0.43049,91.0,2014
1377800.0,52313200.5,6.1,203,"['Family', 'Adventure', 'Comedy', 'Science Fiction', 'Crime']",1966-07-30,9.815394,105.0,1966
1350000.0,3897569.0,7.5,1648,"['Comedy', 'Crime']",1998-03-05,16.032594,105.0,1998
24000000.0,52313200.5,0.0,0,['Western'],1983-08-19,0.592821,104.0,1983
1300000.0,52313200.5,7.7,207,['Drama'],1998-05-20,10.240917,105.0,1998
24000000.0,52313200.5,6.7,51,"['Comedy', 'Drama']",1996-10-11,3.443916,95.0,1996
1300000.0,639000.0,5.0,1,['Drama'],2006-02-22,0.072066,135.0,2006
24000000.0,619042.0,6.5,6,['Drama'],2000-05-05,0.430758,105.0,2000
24000000.0,1632.0,6.1,30,"['Horror', 'Comedy']",2012-04-22,0.143784,79.0,2012
24000000.0,52313200.5,0.0,0,"['Drama', 'Action']",2014-08-22,0.077873,135.0,2014
24000000.0,52313200.5,2.8,10,['Science Fiction'],1985-03-15,0.319792,88.0,1985
1000000.0,52313200.5,5.9,18,"['Action', 'Comedy']",2003-01-01,1.600797,85.0,2003
24000000.0,52313200.5,2.3,4,"['Comedy', 'Romance']",2005-12-09,0.285131,122.0,2005
24000000.0,52313200.5,3.2,34,['Comedy'],2010-06-08,5.628399,82.0,2010
24000000.0,52313200.5,5.0,66,"['Drama', 'Horror', 'Romance']",2009-10-22,5.065752,103.0,2009
1288000.0,6000000.0,7.7,336,"['Drama', 'Mystery']",1940-04-12,18.426825,130.0,1940
1250000.0,21722776.0,6.0,315,"['Horror', 'Thriller']",1981-05-01,16.517777,87.0,1981
1250000.0,11000000.0,7.4,112,['Drama'],1945-11-25,6.903314,101.0,1945
1250000.0,3412497.0,5.3,62,"['Horror', 'Science Fiction']",1984-08-31,4.45544,88.0,1984
24000000.0,52313200.5,5.9,10,['Drama'],2013-04-19,0.106949,100.0,2013
15000000.0,52313200.5,5.8,2,"['Adventure', 'Animation', 'Comedy', 'Family']",2011-06-03,0.165909,87.0,2011
1250000.0,8500000.0,6.7,79,"['Crime', 'Drama', 'Thriller']",1953-01-21,9.903992,92.0,1953
1250000.0,6000000.0,6.8,72,['Drama'],1941-10-28,7.70019,118.0,1941
24000000.0,52313200.5,4.1,13,"['Thriller', 'Comedy', 'Romance']",2014-06-22,4.480579,123.0,2014
1200000.0,52313200.5,6.7,185,['Drama'],1989-08-18,10.869492,100.0,1989
1200000.0,103911669.0,7.2,2184,"['Horror', 'Mystery', 'Crime']",2004-10-01,63.655973,103.0,2004
3000000.0,18492362.0,6.6,362,"['Comedy', 'Crime', 'Mystery']",2001-01-18,16.312803,104.0,2001
1.0,52313200.5,0.0,0,[],2015-08-07,0.025364,99.0,2015
1300000.0,52313200.5,5.7,17,"['Comedy', 'Drama']",2013-08-10,1.473405,87.0,2013
24000000.0,52313200.5,6.8,57,"['Comedy', 'Drama', 'Romance']",2001-08-30,8.109958,114.0,2001
24000000.0,52313200.5,6.8,88,"['Drama', 'Romance']",2000-11-17,7.142448,111.0,2000
1200000.0,7000000.0,6.9,149,"['Comedy', 'Mystery', 'Thriller']",1955-10-03,6.920873,99.0,1955
24000000.0,52313200.5,6.5,101,['Comedy'],1999-09-12,4.826908,85.0,1999
1200000.0,2861020.0,6.3,24,['Drama'],2013-04-19,3.085411,114.0,2013
1200000.0,14661007.0,8.0,3697,"['Crime', 'Thriller']",1992-09-02,66.925866,99.0,1992
24000000.0,52313200.5,6.4,8,"['Drama', 'Family', 'Fantasy']",1940-01-19,1.280733,88.0,1940
1200000.0,6000000.0,8.1,2311,['Western'],1966-12-23,88.377076,161.0,1966
24000000.0,52313200.5,7.8,165,['Drama'],2015-02-08,9.683622,110.0,2015
1250000.0,52313200.5,5.8,25,"['Drama', 'Comedy']",2012-04-13,1.6116,106.0,2012
24000000.0,52313200.5,0.0,0,"['Comedy', 'Music']",2003-03-20,0.002386,88.0,2003
900000.0,25000.0,6.8,6,['Documentary'],2011-09-11,0.097913,97.0,2011
1200000.0,52313200.5,0.0,0,['Comedy'],2007-03-01,0.047781,85.0,2007
1344000.0,52313200.5,4.1,140,"['Drama', 'Romance']",2011-09-14,20.422246,103.0,2011
24000000.0,52313200.5,0.0,0,"['Drama', 'Comedy']",2013-10-27,0.021678,98.0,2013
24000000.0,52313200.5,6.0,11,[],2003-06-18,1.998557,88.0,2003
24000000.0,52313200.5,3.9,44,['Comedy'],2008-12-05,8.148187,88.0,2008
1200000.0,2736000.0,6.8,18,"['Action', 'Adventure', 'Drama', 'War']",1936-10-20,2.968235,115.0,1936
24000000.0,52313200.5,4.4,12,"['Thriller', 'Horror']",2011-10-22,1.36514,104.0,2011
1200000.0,52313200.5,4.8,12,[],2012-01-01,0.057564,84.0,2012
2600000.0,2850263.0,6.1,20,"['Action', 'Adventure', 'Comedy']",1993-09-17,8.001156,91.0,1993
1200000.0,52313200.5,6.7,13,"['Action', 'Adventure']",1970-05-27,1.079125,97.0,1970
24000000.0,52313200.5,4.2,26,['Horror'],2015-10-16,1.906151,91.0,2015
24000000.0,52313200.5,2.0,1,['Horror'],2013-06-01,0.100533,104.0,2013
3000000.0,18637690.0,6.2,237,['Comedy'],2005-10-07,10.230583,104.0,2005
24000000.0,52313200.5,7.2,151,[],2004-09-29,12.818441,90.0,2004
1100000.0,1400000.0,6.8,15,"['Comedy', 'Horror']",1987-09-25,1.220072,99.0,1987
24000000.0,52313200.5,5.0,1,['Documentary'],2002-02-22,0.014406,104.0,2002
1596010.0,52313200.5,6.9,8,['Horror'],2002-02-28,0.552361,75.0,2002
24000000.0,52313200.5,6.0,9,['Drama'],2006-10-27,0.147886,104.0,2006
1100000.0,52313200.5,5.7,77,"['Fantasy', 'Science Fiction', 'Horror']",2010-12-03,7.717237,110.0,2010
1100000.0,4105187.0,7.3,1055,[],2011-09-08,40.285095,104.0,2011
24000000.0,52313200.5,3.1,6,"['Horror', 'Science Fiction', 'Action']",2010-05-13,0.249457,90.0,2010
24000000.0,52313200.5,4.4,11,[],2013-05-29,0.447166,104.0,2013
878000.0,10462500.0,7.9,1422,"['Drama', 'Romance']",1942-11-26,43.729123,102.0,1942
24000000.0,52313200.5,6.1,90,"['Horror', 'Thriller']",2008-06-17,4.653047,104.0,2008
1250000.0,52313200.5,7.0,27,"['Drama', 'Comedy', 'Romance']",2009-12-11,3.000435,156.0,2009
1000000.0,52313200.5,6.3,177,"['Adventure', 'Drama', 'Science Fiction']",1972-03-09,11.095414,89.0,1972
1000000.0,117235147.0,7.5,1791,['Drama'],1976-11-21,72.19808,119.0,1976
24000000.0,52313200.5,4.1,7,['Drama'],2014-01-20,0.926084,92.0,2014
1000000.0,37600000.0,6.1,39,"['Adventure', 'Comedy', 'History', 'Romance']",1963-10-06,2.833166,128.0,1963
1000000.0,62882090.0,5.5,1047,"['Horror', 'Thriller']",2015-04-17,41.972329,82.0,2015
1300000.0,28262574.0,8.0,2535,"['Crime', 'Drama']",1976-02-07,58.845025,114.0,1976
1000000.0,17985893.0,6.4,161,"['Drama', 'Horror']",1981-04-03,6.532855,91.0,1981
950000.0,59600000.0,6.9,940,"['Adventure', 'Action', 'Thriller']",1962-10-04,48.901542,110.0,1962
24000000.0,18112929.0,4.9,483,"['Horror', 'Thriller']",2012-05-24,20.649145,88.0,2012
1000000.0,14564027.0,6.9,449,['Horror'],1987-09-11,22.583834,94.0,1987
5000000.0,23507567.0,5.7,72,['Drama'],2016-04-01,6.96858,121.0,2016
1000000.0,10047674.0,5.6,126,"['Horror', 'Thriller']",2005-09-16,6.926926,90.0,2005
1000000.0,10037390.0,5.9,43,"['Adventure', 'Horror', 'Action', 'Science Fiction']",1999-12-11,3.322721,107.0,1999
3500000.0,16566240.0,6.9,890,"['Drama', 'Romance']",2010-12-27,26.881611,112.0,2010
1000000.0,13350369.0,6.9,144,['Drama'],2005-12-23,9.773398,103.0,2005
1000000.0,101758490.0,4.6,262,"['Thriller', 'Horror']",2012-01-06,13.152822,83.0,2012
2090000.0,40000000.0,6.6,53,"['Comedy', 'Drama', 'Thriller']",1970-07-17,4.289003,109.0,1970
1000000.0,9000000.0,5.5,21,"['Drama', 'Action', 'Western', 'Music', 'Romance']",1956-11-15,1.444258,89.0,1956
1000000.0,46243000.0,6.7,251,['Documentary'],2006-01-24,14.139004,100.0,2006
1000000.0,7800000.0,6.2,33,"['Action', 'Drama', 'History', 'War']",1949-12-14,3.851,100.0,1949
24000000.0,52313200.5,7.2,44,"['Documentary', 'Music']",2008-02-07,2.162522,122.0,2008
5000000.0,6833445.0,5.0,349,"['Action', 'Adventure', 'Horror', 'Thriller']",2014-09-04,17.845161,100.0,2014
24000000.0,52313200.5,7.5,12,"['Drama', 'Romance', 'Family']",2016-05-20,0.42583,104.0,2016
1000000.0,9138338.0,6.6,179,"['Drama', 'Romance', 'Comedy']",2012-05-02,9.115486,98.0,2012
24000000.0,52313200.5,7.4,217,['Documentary'],2008-09-07,15.017162,104.0,2008
24000000.0,5355847.0,6.8,35,['Drama'],2011-10-30,1.86221,107.0,2011
24000000.0,52313200.5,6.0,20,"['Comedy', 'Drama', 'Romance']",1998-08-21,1.334481,96.0,1998
24000000.0,5284309.0,6.7,292,['Drama'],2014-01-18,15.699363,90.0,2014
24000000.0,3538446.0,6.7,277,"['Drama', 'Thriller']",2011-10-21,17.806082,101.0,2011
24000000.0,3123963.0,6.7,187,"['Comedy', 'Romance']",2014-06-06,10.12895,83.0,2014
24000000.0,52313200.5,6.7,99,['Drama'],2008-08-01,4.805651,97.0,2008
1000000.0,52313200.5,7.4,85,"['Documentary', 'Music']",2013-06-14,5.247956,89.0,2013
1000000.0,2057193.0,5.4,24,"['Drama', 'Romance']",1997-09-07,4.86805,84.0,1997
24000000.0,52313200.5,6.6,7,"['Comedy', 'Drama', 'Romance']",1996-07-17,0.367312,86.0,1996
1000000.0,1678874.0,7.2,59,['Documentary'],2006-08-04,5.323184,92.0,2006
1000000.0,1744858.0,6.3,25,"['Comedy', 'Drama', 'Romance']",2000-02-01,3.424158,94.0,2000
1000000.0,52313200.5,6.7,191,"['Comedy', 'Horror', 'Thriller', 'Mystery', 'Fantasy']",2002-06-09,9.954848,92.0,2002
1.0,52313200.5,6.7,7,['Drama'],1998-10-07,0.29245,100.0,1998
1000000.0,852206.0,7.3,4,"['Crime', 'Drama', 'Mystery', 'Thriller']",2001-03-30,0.280083,119.0,2001
1000000.0,623791.0,6.1,7,"['Drama', 'Foreign', 'Romance']",2000-09-08,0.043023,104.0,2000
1000000.0,52313200.5,6.2,115,['Comedy'],1997-09-06,5.06516,94.0,1997
24000000.0,52313200.5,5.9,30,"['Drama', 'Romance']",2003-08-01,3.65924,108.0,2003
24000000.0,52313200.5,7.7,10,['Comedy'],1997-01-01,0.948316,97.0,1997
1000000.0,464000.0,6.7,13,['Drama'],2002-01-11,0.672695,92.0,2002
24000000.0,52313200.5,6.4,348,['Drama'],2014-05-09,16.570708,100.0,2014
24000000.0,52313200.5,6.8,27,[],2009-09-17,0.51799,120.0,2009
24000000.0,52313200.5,6.7,160,"['Comedy', 'Drama', 'Fantasy', 'Romance']",2006-01-24,8.542921,88.0,2006
24000000.0,336472.0,7.5,1063,"['Science Fiction', 'Drama']",2014-07-18,37.555398,106.0,2014
1000000.0,52313200.5,5.6,17,"['Comedy', 'Drama', 'Romance']",2003-08-22,5.20209,79.0,2003
1000000.0,444575.0,7.5,210,['Documentary'],2012-08-31,8.887411,115.0,2012
1000000.0,274661.0,6.6,53,['Documentary'],2007-04-30,0.748565,106.0,2007
1000000.0,52313200.5,4.7,3,['Documentary'],2006-01-01,0.436148,97.0,2006
24000000.0,52313200.5,2.8,3,['Drama'],2004-09-24,0.030253,120.0,2004
24000000.0,52313200.5,4.0,1,[],2000-05-14,0.690089,90.0,2000
1000000.0,52313200.5,7.2,29,"['Drama', 'Adventure', 'Documentary']",2013-09-05,1.883947,92.0,2013
650000.0,52313200.5,6.4,55,['Documentary'],2015-07-31,1.631274,93.0,2015
1000000.0,52313200.5,4.7,5,"['Drama', 'Action']",2012-06-01,0.341461,114.0,2012
24000000.0,52313200.5,6.0,197,"['Mystery', 'Horror']",2009-04-25,8.628485,95.0,2009
24000000.0,14870.0,6.2,135,"['Comedy', 'Thriller', 'Crime']",2010-07-01,6.507094,93.0,2010
24000000.0,52313200.5,6.3,16,"['Comedy', 'Crime']",1998-08-17,1.190729,88.0,1998
1000000.0,52313200.5,5.2,7,"['Romance', 'Drama', 'Crime']",1999-02-11,0.340019,104.0,1999
24000000.0,52313200.5,6.0,3,"['Comedy', 'Drama']",1998-09-23,0.678475,98.0,1998
24000000.0,52313200.5,5.5,11,"['Action', 'Comedy']",2000-09-22,9.055447,82.0,2000
24000000.0,52313200.5,4.4,5,"['Comedy', 'Romance']",2009-09-19,0.108468,118.0,2009
1000000.0,10018.0,6.2,20,"['Crime', 'Drama', 'Romance', 'Thriller']",2006-04-28,2.175696,78.0,2006
1000000.0,52313200.5,5.4,25,"['Drama', 'Science Fiction']",2016-03-11,1.50211,97.0,2016
1000000.0,7202.0,6.6,32,"['Drama', 'Fantasy', 'Science Fiction']",2006-01-30,1.260314,81.0,2006
24000000.0,52313200.5,0.0,1,[],1999-03-19,0.547654,96.0,1999
24000000.0,52313200.5,4.8,2,"['Action', 'Comedy', 'Science Fiction']",2005-01-01,0.0206,97.0,2005
24000000.0,52313200.5,3.3,9,"['Drama', 'Action', 'Thriller']",2006-04-21,0.429587,88.0,2006
24000000.0,52313200.5,8.0,1,"['Comedy', 'Drama']",2002-01-16,0.098351,96.0,2002
1000000.0,52313200.5,6.2,32,"['Crime', 'Drama']",2013-08-09,3.629777,105.0,2013
24000000.0,52313200.5,8.0,1,"['Family', 'Comedy']",2015-07-31,0.060003,104.0,2015
900000.0,52313200.5,6.4,55,"['Drama', 'Romance']",2006-03-08,7.145832,76.0,2006
1000000.0,52313200.5,4.9,23,"['Drama', 'Comedy']",2014-01-21,3.638411,96.0,2014
24000000.0,52313200.5,5.4,8,"['Action', 'Crime', 'Drama', 'Thriller']",2006-01-01,1.255771,99.0,2006
24000000.0,52313200.5,3.5,4,"['Comedy', 'Romance']",2009-01-01,0.783842,84.0,2009
24000000.0,52313200.5,6.1,6,['Drama'],1965-04-22,0.118324,94.0,1965
24000000.0,52313200.5,5.5,3,['Drama'],2004-07-02,0.023681,87.0,2004
24000000.0,52313200.5,6.1,47,['Drama'],2008-06-20,2.948576,93.0,2008
24000000.0,52313200.5,4.5,2,[],2015-04-03,0.243853,90.0,2015
24000000.0,52313200.5,4.7,31,['Horror'],2009-01-01,1.563711,92.0,2009
1000000.0,52313200.5,4.8,11,"['Horror', 'Thriller']",2012-03-16,0.653495,85.0,2012
24000000.0,52313200.5,7.6,26,"['Romance', 'Drama']",2014-10-03,1.233688,96.0,2014
1000000.0,52313200.5,5.7,3,"['Comedy', 'Drama', 'Romance']",2011-06-11,0.153625,90.0,2011
24000000.0,52313200.5,5.0,4,"['Comedy', 'Romance']",2009-05-19,0.328498,85.0,2009
1000000.0,52313200.5,3.2,3,['Western'],2014-06-01,0.4594,84.0,2014
24000000.0,52313200.5,4.9,78,"['Thriller', 'Horror']",2012-01-21,7.207051,83.0,2012
24000000.0,52313200.5,5.7,117,"['Horror', 'Thriller', 'Mystery']",2012-08-05,6.679954,95.0,2012
24000000.0,52313200.5,5.3,3,"['Drama', 'Thriller']",2006-05-17,1.284741,94.0,2006
1000000.0,52313200.5,6.6,8,"['Science Fiction', 'Drama', 'Music']",2014-09-08,0.973323,90.0,2014
1.0,52313200.5,4.0,42,['Horror'],2014-10-31,1.859965,95.0,2014
24000000.0,52313200.5,3.5,34,"['Comedy', 'Action', 'Science Fiction', 'Thriller']",2013-07-25,3.418372,93.0,2013
24000000.0,52313200.5,4.1,7,['Drama'],2014-04-16,0.65434,90.0,2014
950000.0,814666.0,6.6,28,"['Drama', 'Romance', 'Science Fiction']",1968-09-23,0.178689,104.0,1968
950000.0,52313200.5,5.7,92,"['Horror', 'Thriller']",2013-08-26,7.310879,87.0,2013
950000.0,52313200.5,5.5,155,"['Drama', 'Mystery', 'Thriller']",2014-04-19,8.976128,100.0,2014
24000000.0,52313200.5,5.0,1,"['Comedy', 'Romance']",2007-01-01,0.280829,104.0,2007
913000.0,52313200.5,7.4,8,['Documentary'],2014-04-26,0.795698,83.0,2014
910000.0,9600000.0,8.0,357,"['Crime', 'Drama']",1954-06-22,16.015599,108.0,1954
930000.0,30905.0,5.3,66,['Comedy'],2011-06-18,5.974156,100.0,2011
852510.0,1185783.0,7.3,156,['Drama'],2007-08-24,9.270133,113.0,2007
24000000.0,52313200.5,5.0,2,['Horror'],2015-10-27,0.392658,104.0,2015
950000.0,7022209.0,6.8,701,"['Drama', 'Thriller']",2005-01-14,25.918007,103.0,2005
900000.0,381420.0,6.1,73,"['Drama', 'Thriller']",2005-09-12,4.0971,96.0,2005
24000000.0,52313200.5,7.4,23,['Drama'],2011-08-26,2.34239,107.0,2011
24000000.0,17385830.0,7.3,390,['Drama'],2013-07-25,20.967146,85.0,2013
24000000.0,52313200.5,5.8,160,"['Comedy', 'Fantasy', 'Thriller']",2012-09-08,10.639774,100.0,2012
858000.0,267447150.0,6.8,1405,"['Animation', 'Drama', 'Family']",1942-08-14,47.651878,70.0,1942
24000000.0,52313200.5,6.5,15,['Comedy'],2007-04-01,0.957022,88.0,2007
850000.0,819939.0,6.7,56,"['Drama', 'Comedy', 'Romance']",2003-07-10,5.424916,107.0,2003
24000000.0,52313200.5,0.0,0,['Drama'],2011-04-11,0.007254,78.0,2011
1000000.0,52313200.5,5.0,1,['Drama'],2013-12-31,0.175885,90.0,2013
850000.0,1243961.0,5.8,110,['Comedy'],2012-08-31,14.238376,85.0,2012
24000000.0,3094813.0,6.4,163,"['Comedy', 'Drama', 'Romance']",2012-08-03,9.436431,91.0,2012
24000000.0,52313200.5,5.2,9,"['Comedy', 'Drama', 'Family', 'Science Fiction']",2002-10-25,0.339757,95.0,2002
24000000.0,52313200.5,6.5,34,"['Crime', 'Drama', 'Thriller']",2006-12-01,3.060685,85.0,2006
24000000.0,52313200.5,5.0,62,"['Action', 'Comedy', 'Science Fiction']",2015-12-11,5.023091,86.0,2015
24000000.0,52313200.5,2.0,1,"['Thriller', 'Mystery']",2015-06-26,0.504251,104.0,2015
800000.0,52313200.5,7.7,469,['Drama'],2011-03-15,12.049373,123.0,2011
24000000.0,52313200.5,7.0,1,"['Comedy', 'Drama', 'Thriller']",2009-06-01,0.108135,93.0,2009
24000000.0,52313200.5,6.9,103,"['Comedy', 'Drama']",1995-05-24,5.870319,88.0,1995
800000.0,1001437.0,5.6,10,"['Drama', 'Romance']",1993-10-08,0.59424,114.0,1993
800000.0,2816116.0,7.8,13,"['Drama', 'Romance']",2002-05-16,3.643662,88.0,2002
24000000.0,52313200.5,7.6,45,"['Drama', 'Thriller', 'Romance']",1929-01-30,1.824184,104.0,1929
24000000.0,52313200.5,0.0,0,[],2008-01-01,0.006943,104.0,2008
24000000.0,52313200.5,7.8,3,"['Drama', 'Foreign']",2004-09-21,0.038706,83.0,2004
24000000.0,52313200.5,6.1,7,"['Action', 'Drama', 'Mystery', 'Thriller']",2000-03-10,2.171288,101.0,2000
800000.0,62852.0,7.3,23,['Drama'],2003-01-17,5.292536,94.0,2003
24000000.0,52313200.5,0.0,0,[],2000-03-12,0.004922,87.0,2000
24000000.0,52313200.5,3.7,25,['Comedy'],2014-09-23,1.186971,90.0,2014
800000.0,1984662.0,6.1,311,"['Horror', 'Comedy']",2009-01-09,11.205726,91.0,2009
780000.0,52313200.5,6.6,98,"['Action', 'Adventure', 'Drama', 'History', 'War']",2003-09-11,6.003418,90.0,2003
24000000.0,52313200.5,5.9,8,"['Horror', 'Science Fiction']",2012-10-28,0.322553,14.0,2012
777000.0,140000000.0,6.9,324,"['Comedy', 'Drama']",1973-08-01,19.326115,110.0,1973
24000000.0,52313200.5,8.0,6,['Documentary'],2006-01-01,1.517771,75.0,2006
24000000.0,52313200.5,6.5,35,"['Animation', 'Comedy']",2007-04-13,1.453146,86.0,2007
750000.0,4007792.0,6.8,556,"['Comedy', 'Romance', 'Science Fiction', 'Drama']",2012-06-08,25.186002,85.0,2012
24000000.0,52313200.5,7.7,43,"['Comedy', 'Documentary']",2011-09-09,5.498834,89.0,2011
500000.0,171760.0,6.0,210,"['Horror', 'Thriller', 'Crime']",2011-09-02,12.203041,95.0,2011
750000.0,78396.0,5.4,219,"['Horror', 'Thriller']",2011-12-01,14.386807,102.0,2011
750000.0,52313200.5,7.6,127,['Drama'],1970-10-21,8.429295,107.0,1970
500000.0,52313200.5,5.6,5,"['Drama', 'Thriller']",2002-05-09,0.471264,88.0,2002
24000000.0,52313200.5,4.5,52,"['Horror', 'Drama', 'Thriller', 'Crime']",2008-07-18,3.283886,104.0,2008
750000.0,52313200.5,5.7,209,"['Horror', 'Mystery', 'Thriller']",2008-02-15,12.284939,90.0,2008
24000000.0,52313200.5,3.8,4,['Horror'],2008-01-01,1.039149,95.0,2008
730000.0,8000000.0,7.6,334,['Western'],1952-03-27,18.644023,85.0,1952
700000.0,7830611.0,7.7,87,['Documentary'],1994-09-12,9.188431,104.0,1994
24000000.0,52313200.5,5.9,13,['Documentary'],2005-01-15,1.623769,86.0,2005
700000.0,1667192.0,6.7,31,['Drama'],2001-01-20,7.731064,97.0,2001
24000000.0,52313200.5,6.5,31,"['Mystery', 'Drama', 'Thriller']",2015-04-10,2.868942,104.0,2015
24000000.0,52313200.5,5.5,7,"['Crime', 'Drama', 'Music']",2009-07-29,0.631571,84.0,2009
700000.0,4911725.0,6.5,240,['Drama'],2006-08-11,12.378031,107.0,2006
700000.0,10508.0,0.0,0,['Drama'],1999-10-08,0.578798,107.0,1999
24000000.0,52313200.5,0.0,0,"['Action', 'Comedy', 'Romance', 'Science Fiction', 'Thriller']",1997-09-11,0.003142,92.0,1997
750000.0,52313200.5,5.2,16,"['Thriller', 'Crime', 'Drama']",2016-01-05,1.471139,80.0,2016
650.0,52313200.5,4.8,87,"['Horror', 'Fantasy']",2013-10-11,1.352222,90.0,2013
24000000.0,52313200.5,6.2,5,"['Documentary', 'Foreign']",2009-09-30,0.429083,103.0,2009
24000000.0,52313200.5,0.0,0,['Documentary'],2014-10-31,0.045648,70.0,2014
24000000.0,52313200.5,5.6,63,"['Mystery', 'Thriller']",2012-08-27,4.596157,90.0,2012
625000.0,52313200.5,4.8,5,['Drama'],2013-05-16,0.283059,68.0,2013
700000.0,52313200.5,5.3,26,"['Drama', 'Comedy']",2015-03-13,2.659006,87.0,2015
609000.0,3202000.0,7.4,59,"['Comedy', 'Music', 'Romance']",1935-09-06,3.898498,101.0,1935
60000.0,248000000.0,6.3,1055,"['Horror', 'Mystery']",1999-07-14,41.690578,81.0,1999
600000.0,52313200.5,6.4,66,['Comedy'],1977-08-10,10.861167,83.0,1977
24000000.0,52313200.5,5.5,2,"['Action', 'Adventure', 'Drama']",2000-10-31,0.099902,106.0,2000
24000000.0,52313200.5,0.0,0,"['Thriller', 'Mystery']",2007-07-20,0.006069,103.0,2007
24000000.0,52313200.5,6.0,2,['Drama'],1998-04-18,0.069277,90.0,1998
24000000.0,52313200.5,3.0,1,"['Crime', 'Drama']",2014-05-02,0.350557,104.0,2014
522360.0,52313200.5,5.0,1,"['Music', 'Documentary']",2015-10-13,0.071349,105.0,2015
24000000.0,52313200.5,0.0,0,[],2014-01-01,0.012942,104.0,2014
24000000.0,52313200.5,6.0,63,"['Drama', 'Comedy']",2016-03-23,2.651304,102.0,2016
24000000.0,52313200.5,4.8,4,['Thriller'],2014-08-08,1.501688,104.0,2014
560000.0,12299668.0,7.3,168,"['Comedy', 'Music']",1964-07-06,10.730056,88.0,1964
56000.0,52313200.5,0.0,0,[],2011-07-29,0.010909,80.0,2011
550000.0,52313200.5,4.6,4,"['Drama', 'Thriller']",1983-04-01,0.001586,98.0,1983
24000000.0,52313200.5,6.0,1,"['Comedy', 'Drama']",2015-09-17,0.061248,83.0,2015
500000.0,33456317.0,7.0,100,['Drama'],2008-09-26,6.093989,122.0,2008
550000.0,52313200.5,4.2,3,"['Documentary', 'Drama']",2013-11-21,0.48088,115.0,2013
24000000.0,52313200.5,6.1,35,"['Adventure', 'Family', 'Romance']",1974-10-17,2.651418,86.0,1974
130000.0,54667954.0,5.4,315,"['Drama', 'Thriller']",2004-08-06,15.611857,79.0,2004
24000000.0,52313200.5,5.8,22,['Comedy'],2012-03-06,1.292948,87.0,2012
500000.0,17000000.0,5.7,30,"['Horror', 'Science Fiction']",1977-08-24,2.537032,97.0,1977
24000000.0,52313200.5,7.2,8,"['Documentary', 'Family']",2005-05-13,0.772668,105.0,2005
500000.0,8679814.0,7.4,210,"['Drama', 'Comedy']",2003-01-26,11.578545,88.0,2003
24000000.0,52313200.5,6.2,21,['Drama'],2009-11-05,0.05021,120.0,2009
24000000.0,52313200.5,7.3,10,['Documentary'],2006-06-26,0.906096,94.0,2006
2053648.0,500000.0,7.8,17,['Documentary'],1999-10-22,2.778633,102.0,1999
24000000.0,52313200.5,7.5,4,"['Comedy', 'Drama', 'Family', 'Romance']",2002-01-30,0.920591,102.0,2002
46000.0,52313200.5,6.3,32,['Drama'],2003-05-20,1.447734,83.0,2003
500000.0,845188.0,7.0,2,['Documentary'],2012-02-24,0.109579,93.0,2012
24000000.0,52313200.5,5.6,6,"['Drama', 'Music', 'Romance']",2000-06-08,1.09454,86.0,2000
24000000.0,52313200.5,4.8,4,"['Comedy', 'Crime', 'Family']",2003-01-31,0.082978,101.0,2003
24000000.0,52313200.5,7.0,11,"['Drama', 'Romance']",1999-07-30,0.619136,111.0,1999
500000.0,603943.0,6.9,106,"['Crime', 'Drama']",2004-01-15,8.519202,90.0,2004
24000000.0,52313200.5,4.8,4,"['Romance', 'Crime', 'Drama']",1997-01-21,0.36447,86.0,1997
24000000.0,52313200.5,4.0,3,"['Comedy', 'Romance']",2002-07-12,0.039077,98.0,2002
24000000.0,52313200.5,5.3,4,"['Crime', 'Drama', 'Thriller']",2003-08-29,0.665512,95.0,2003
24000000.0,52313200.5,6.4,26,"['Comedy', 'Drama', 'Romance']",2005-11-16,3.433625,91.0,2005
24000000.0,343341.0,6.0,356,"['Romance', 'Drama']",2013-08-23,17.378455,90.0,2013
500000.0,52313200.5,7.1,17,['Documentary'],2012-10-04,0.425195,88.0,2012
24000000.0,52313200.5,6.9,7,['Documentary'],2012-09-28,0.388401,89.0,2012
500000.0,52313200.5,4.7,13,"['Comedy', 'Romance']",1991-08-18,1.354816,97.0,1991
24000000.0,52313200.5,4.9,8,['Comedy'],2007-01-21,0.459625,84.0,2007
500000.0,98017.0,5.7,251,[],2010-07-09,9.108949,85.0,2010
24000000.0,52313200.5,4.2,11,"['Drama', 'Comedy', 'Romance']",2007-01-01,1.65426,100.0,2007
24000000.0,52313200.5,6.2,9,['Drama'],2002-01-01,1.390909,112.0,2002
500000.0,4242978.0,6.2,587,"['Drama', 'Thriller', 'Science Fiction']",2010-06-18,26.406001,94.0,2010
24000000.0,52313200.5,4.0,1,"['Drama', 'Comedy']",2005-10-21,0.218736,91.0,2005
24000000.0,52313200.5,5.0,1,['Comedy'],2007-01-01,0.383442,91.0,2007
500000.0,52313200.5,4.5,34,"['Comedy', 'Horror']",2012-04-27,2.391847,87.0,2012
24000000.0,52313200.5,6.9,22,"['Action', 'Comedy']",2006-01-01,1.68502,98.0,2006
24000000.0,52313200.5,7.0,8,"['Documentary', 'Music']",2006-10-31,0.607782,95.0,2006
500000.0,52313200.5,5.0,2,['Drama'],2001-11-02,0.046903,87.0,2001
24000000.0,316472.0,5.9,208,"['Action', 'Drama', 'Thriller']",2015-04-09,10.924273,104.0,2015
24000000.0,52313200.5,0.0,0,[],2014-05-02,0.021419,96.0,2014
24000000.0,52313200.5,7.3,371,"['Drama', 'Romance']",2012-05-25,14.142073,103.0,2012
500000.0,52313200.5,3.5,14,"['Horror', 'Comedy']",2012-03-28,1.600171,104.0,2012
24000000.0,52313200.5,3.4,4,"['Action', 'Thriller', 'Mystery']",2015-03-10,0.397323,110.0,2015
24000000.0,52313200.5,6.5,49,"['Mystery', 'Science Fiction', 'Thriller']",2011-10-22,3.637857,90.0,2011
500.0,52313200.5,0.0,0,"['Crime', 'Drama']",2012-03-01,0.080105,101.0,2012
24000000.0,52313200.5,5.2,3,"['Romance', 'Action']",2016-02-02,0.251828,94.0,2016
24000000.0,52313200.5,6.0,2,"['Music', 'Horror']",2016-03-29,0.674398,104.0,2016
24000000.0,52313200.5,0.0,0,"['Thriller', 'Comedy', 'Mystery']",2014-10-19,0.072359,90.0,2014
24000000.0,52313200.5,5.5,1,['Family'],2016-01-05,0.087574,108.0,2016
24000000.0,52313200.5,5.0,1,['Documentary'],2014-03-08,0.069244,82.0,2014
500000.0,52313200.5,2.0,1,[],2014-09-11,0.073079,104.0,2014
24000000.0,52313200.5,6.3,113,"['Science Fiction', 'Action', 'Comedy', 'Horror']",1984-05-01,6.672008,82.0,1984
24000000.0,52313200.5,4.3,4,['Drama'],1991-06-13,0.161517,104.0,1991
24000000.0,773228.0,7.2,53,"['Action', 'Adventure', 'Drama', 'History']",2002-01-16,7.330691,107.0,2002
24000000.0,52313200.5,2.4,4,[],2015-01-01,0.165257,104.0,2015
450000.0,973525.0,6.2,38,"['Drama', 'Romance']",2006-06-07,4.442355,84.0,2006
24000000.0,52313200.5,5.9,41,"['Horror', 'Comedy']",2006-12-26,3.905877,103.0,2006
24000000.0,52313200.5,0.0,0,[],2014-04-15,0.136721,104.0,2014
439000.0,2281000.0,6.1,37,"['Music', 'Comedy', 'Romance']",1933-02-02,1.933366,89.0,1933
24000000.0,52313200.5,8.0,1,[],2014-11-20,0.052942,104.0,2014
225000.0,52313200.5,7.0,38,"['Comedy', 'Drama']",1990-08-03,1.014966,104.0,1990
24000000.0,52313200.5,6.9,42,"['Romance', 'Drama', 'Comedy', 'Music']",2004-09-03,4.321249,132.0,2004
24000000.0,52313200.5,4.2,5,"['Horror', 'Drama']",2013-03-01,0.160234,90.0,2013
400000.0,46118097.0,6.7,554,[],2004-06-11,23.603514,95.0,2004
24000000.0,258384.0,6.9,462,"['Crime', 'Thriller']",2014-04-25,25.349758,90.0,2014
15000.0,193355800.0,5.9,1316,"['Horror', 'Mystery']",2007-09-14,47.456823,86.0,2007
24000000.0,52313200.5,7.2,52,['Documentary'],2001-01-18,3.291609,91.0,2001
400000.0,5028948.0,7.8,1708,"['Adventure', 'Comedy', 'Fantasy']",1975-03-13,64.782984,91.0,1975
24000000.0,52313200.5,7.0,7,['Drama'],2006-06-05,0.034135,90.0,2006
24000000.0,52313200.5,1.0,1,[],2003-11-05,0.033883,104.0,2003
218.0,1162014.0,7.5,22,"['Documentary', 'Drama']",2003-10-19,1.063439,91.0,2003
24000000.0,52313200.5,3.8,5,['Documentary'],2010-07-06,0.084344,92.0,2010
24000000.0,52313200.5,5.0,2,[],2014-03-08,0.133619,104.0,2014
24000000.0,52313200.5,6.6,117,['Horror'],1981-04-22,8.022122,87.0,1981
35000000.0,170000000.0,5.8,923,"['Comedy', 'Romance']",2008-05-07,38.100488,99.0,2008
500000.0,52313200.5,5.5,22,"['Horror', 'Science Fiction', 'Thriller']",2005-03-11,1.428483,80.0,2005
860000.0,2451545.0,6.6,51,"['Romance', 'Drama', 'Comedy']",1985-09-07,3.703005,97.0,1985
24000000.0,52313200.5,0.0,0,"['Drama', 'Mystery', 'Thriller']",2002-01-01,0.003352,84.0,2002
24000000.0,52313200.5,5.6,4,"['Drama', 'Thriller']",2004-09-23,0.231297,97.0,2004
24000000.0,52313200.5,7.8,115,['Drama'],1972-12-21,11.347855,91.0,1972
24000000.0,52313200.5,6.3,22,['Documentary'],1997-10-18,2.77754,104.0,1997
379000.0,4358000.0,5.0,19,"['Drama', 'Music', 'Romance']",1929-02-08,0.968865,100.0,1929
350000.0,29400000.0,7.3,894,['Horror'],1981-10-15,35.037625,85.0,1981
6000000.0,31081.0,6.0,316,['Horror'],2012-12-26,19.331884,89.0,2012
24000000.0,52313200.5,5.1,8,"['History', 'Documentary']",2015-01-24,0.59458,84.0,2015
300000.0,1750211.0,6.9,23,['Documentary'],2005-07-22,1.085909,88.0,2005
24000000.0,52313200.5,4.9,49,"['Action', 'Adventure', 'Drama']",1987-05-01,5.061107,90.0,1987
24000000.0,52313200.5,6.8,6,['Documentary'],2006-10-18,0.049921,90.0,2006
350000.0,52313200.5,4.7,3,"['Science Fiction', 'Family']",2015-10-20,0.249561,98.0,2015
350000.0,1000000.0,8.2,2078,['Drama'],1957-03-25,59.259204,96.0,1957
24000000.0,246574.0,7.6,9,"['Animation', 'Comedy', 'Drama']",2009-01-01,1.170257,83.0,2009
325000.0,4500000.0,7.7,275,"['Comedy', 'Romance']",1934-02-22,11.871424,104.0,1934
24000000.0,110197.0,6.9,332,['Drama'],2009-06-01,28.858238,94.0,2009
300000.0,7808524.0,8.0,26,"['Music', 'Documentary']",2003-01-23,1.314576,112.0,2003
312000.0,1281176.0,6.2,11,"['Comedy', 'Drama']",1999-11-28,1.505703,102.0,1999
8.0,16.0,6.4,138,"['Fantasy', 'Horror', 'Thriller']",1995-09-01,11.818333,98.0,1995
24000000.0,52313200.5,6.1,16,['Comedy'],1996-04-03,1.410387,104.0,1996
300000.0,52313200.5,6.4,64,"['Comedy', 'Drama']",2003-01-19,4.270596,81.0,2003
24000000.0,52313200.5,0.0,0,[],1998-06-11,0.627763,104.0,1998
300000.0,52313200.5,6.3,36,['Drama'],2006-01-01,1.673208,73.0,2006
200000.0,52313200.5,6.4,64,['Drama'],2008-05-22,0.713906,80.0,2008
24000000.0,52313200.5,4.8,4,['Drama'],2010-01-01,0.17817,88.0,2010
300000.0,52313200.5,7.6,127,"['Drama', 'Thriller']",1965-08-29,7.791898,110.0,1965
24000000.0,52313200.5,7.3,2,['Documentary'],2005-09-03,0.025211,104.0,2005
300000.0,2074000.0,5.5,3,['Documentary'],2001-09-20,0.055868,101.0,2001
24000000.0,52313200.5,7.0,2,['Drama'],1964-01-01,0.008453,95.0,1964
300000.0,40542.0,3.0,1,['Drama'],1998-08-07,0.374291,94.0,1998
24000000.0,52313200.5,5.3,4,"['Action', 'Adventure', 'Drama']",2005-05-06,0.045429,104.0,2005
24000000.0,52313200.5,2.8,6,"['Action', 'Thriller']",2009-04-10,1.088501,90.0,2009
24000000.0,52313200.5,7.0,1,[],2015-10-23,0.062979,110.0,2015
300000.0,8000000.0,5.9,124,[],1975-04-27,6.473667,80.0,1975
24000000.0,52313200.5,6.8,3,"['Horror', 'Drama', 'Thriller']",2014-03-29,1.905197,90.0,2014
24000000.0,52313200.5,0.0,0,['Horror'],1990-01-01,0.001389,94.0,1990
300000.0,52313200.5,0.0,0,"['Romance', 'Comedy', 'Drama']",2010-05-20,0.006323,98.0,2010
24000000.0,52313200.5,6.2,11,"['Drama', 'Romance']",2015-02-07,0.583446,99.0,2015
24000000.0,52313200.5,5.0,22,['Horror'],1981-05-01,1.452199,96.0,1981
300000.0,52313200.5,5.7,45,"['Comedy', 'Horror', 'Thriller']",2011-04-14,2.733725,97.0,2011
24000000.0,319285.0,6.3,221,"['Drama', 'Thriller', 'Crime']",2012-08-23,8.942203,90.0,2012
250000.0,12021272.0,6.7,433,"['Comedy', 'Drama', 'Romance']",1997-04-04,20.601483,104.0,1997
250000.0,4186931.0,6.3,23,"['Comedy', 'Drama', 'Romance']",2001-08-31,1.45917,104.0,2001
24000000.0,52313200.5,0.0,0,[],2010-09-01,0.005883,104.0,2010
24000000.0,52313200.5,6.5,27,"['Crime', 'Drama']",2002-01-12,3.877036,101.0,2002
24000000.0,52313200.5,5.7,13,"['Comedy', 'Drama', 'Romance']",1995-06-16,1.70819,94.0,1995
24000000.0,52313200.5,5.7,16,"['Comedy', 'Drama']",2000-01-21,0.812855,96.0,2000
250000.0,52313200.5,5.0,4,"['Drama', 'Comedy', 'Romance']",2001-01-01,0.126304,100.0,2001
300000.0,52313200.5,0.0,0,"['Drama', 'Action', 'Crime']",2014-12-01,0.018087,90.0,2014
250000.0,501818.0,6.9,1069,"['Thriller', 'Science Fiction', 'Mystery']",1997-09-09,44.656151,90.0,1997
24000000.0,52313200.5,5.8,9,"['Comedy', 'Romance']",1996-08-01,0.619348,78.0,1996
250.0,203.0,7.5,12,"['Drama', 'Comedy', 'Animation']",1998-08-28,0.293649,104.0,1998
24000000.0,52313200.5,4.9,11,"['Drama', 'Mystery', 'Thriller']",2004-07-22,5.742359,73.0,2004
250000.0,3542353.0,6.4,381,"['Drama', 'Romance']",2011-10-28,21.825564,90.0,2011
24000000.0,52313200.5,3.0,1,['Horror'],2015-03-10,0.055325,96.0,2015
24000000.0,52313200.5,5.5,2,['Comedy'],1999-09-17,0.375423,92.0,1999
24000000.0,52313200.5,7.0,3,[],2005-01-01,0.120505,75.0,2005
250000.0,56825.0,4.1,75,[],2013-07-29,6.978907,99.0,2013
24000000.0,52313200.5,5.9,6,['Drama'],2004-09-11,0.493223,86.0,2004
24000000.0,52313200.5,6.9,57,"['Drama', 'Thriller']",2007-10-01,5.251143,92.0,2007
24000000.0,52313200.5,6.6,523,"['Thriller', 'Mystery']",2009-06-19,20.265518,101.0,2009
250000.0,52313200.5,4.8,3,"['Science Fiction', 'Drama']",1997-06-06,0.130169,90.0,1997
24000000.0,52313200.5,5.5,4,['Music'],2008-10-21,0.46049,93.0,2008
24000000.0,52313200.5,0.0,0,['Drama'],2010-10-07,0.399491,94.0,2010
250000.0,52313200.5,6.4,101,"['Action', 'Fantasy']",2009-01-23,5.217002,106.0,2009
250000.0,52313200.5,5.7,7,"['Drama', 'Family']",2010-11-28,0.065103,96.0,2010
24000000.0,52313200.5,5.0,12,[],1982-02-05,1.063615,107.0,1982
24000000.0,52313200.5,0.0,0,[],2013-02-01,0.010607,104.0,2013
24000000.0,52313200.5,4.2,14,"['Horror', 'Thriller']",2012-10-10,1.084387,104.0,2012
24000000.0,52313200.5,5.5,2,"['Family', 'Drama']",2015-01-10,0.172299,108.0,2015
24000000.0,52313200.5,0.0,0,['Documentary'],2014-06-24,0.278981,90.0,2014
245000.0,22000000.0,7.0,21,"['Drama', 'Romance', 'War']",1925-11-05,0.785744,151.0,1925
24000000.0,52313200.5,10.0,1,['Comedy'],2006-01-01,0.0921,104.0,2006
250.0,52313200.5,7.7,3,"['Romance', 'Comedy', 'Music']",2013-02-28,0.166655,118.0,2013
230000.0,2260712.0,6.9,733,"['Drama', 'Action', 'Crime']",2008-10-09,18.450613,92.0,2008
24000000.0,52313200.5,0.0,0,['Western'],2015-10-09,0.58954,106.0,2015
225000.0,111300.0,6.9,6,"['Foreign', 'Documentary']",2012-11-01,0.126676,86.0,2012
24000000.0,52313200.5,5.2,10,"['Romance', 'Drama']",2000-01-24,0.065155,103.0,2000
100000.0,27000000.0,4.3,5,['Comedy'],1969-07-25,1.183892,69.0,1969
210000.0,5000000.0,6.7,41,"['Adventure', 'Horror', 'Science Fiction']",1953-06-13,2.043661,80.0,1953
400000.0,100000000.0,6.6,1213,"['Adventure', 'Action', 'Thriller', 'Science Fiction']",1979-04-12,33.142185,93.0,1979
200000.0,4505922.0,6.8,253,"['Comedy', 'Romance']",1996-10-18,13.971674,94.0,1996
200000.0,14500000.0,7.6,883,['Western'],1964-09-12,38.771062,99.0,1964
200000.0,2200000.0,5.1,27,['Comedy'],1933-02-09,0.622752,66.0,1933
24000000.0,52313200.5,0.0,0,[],2004-05-11,0.004998,85.0,2004
200000.0,2295733.0,6.5,10,['Drama'],2011-02-25,0.616283,101.0,2011
24000000.0,52313200.5,6.6,7,[],2012-10-12,2.836537,101.0,2012
24000000.0,2611555.0,6.3,31,"['Romance', 'Drama', 'Comedy']",2010-12-23,5.937602,119.0,2010
200000.0,52313200.5,8.0,2,"['Music', 'Drama']",2002-01-14,0.06104,103.0,2002
24000000.0,52313200.5,8.0,1,[],2008-10-10,0.062089,86.0,2008
450000.0,52313200.5,4.9,14,"['Crime', 'Horror', 'Thriller']",2004-09-10,1.077321,90.0,2004
24000000.0,52313200.5,5.5,2,[],2015-01-01,0.472123,92.0,2015
13000000.0,52313200.5,4.6,24,['Horror'],2010-01-01,4.009379,95.0,2010
24000000.0,52313200.5,5.8,23,"['Drama', 'Comedy', 'Horror']",2008-01-21,3.299345,84.0,2008
24000000.0,52313200.5,0.0,0,['Horror'],2014-10-21,0.018716,104.0,2014
24000000.0,52313200.5,7.7,3,['Documentary'],2004-12-05,0.092562,59.0,2004
24000000.0,52313200.5,7.8,65,['Drama'],1955-01-09,3.225189,126.0,1955
24000000.0,52313200.5,6.1,34,"['Comedy', 'Drama', 'Romance']",2008-10-03,1.948435,86.0,2008
24000000.0,52313200.5,7.7,687,"['Science Fiction', 'Drama']",2007-06-10,31.339015,87.0,2007
24000000.0,52313200.5,6.8,4,['Documentary'],2007-06-15,0.15066,106.0,2007
24000000.0,52313200.5,4.6,9,"['Drama', 'Family']",2004-11-23,4.980585,86.0,2004
24000000.0,52313200.5,6.0,4,"['Drama', 'Mystery', 'Science Fiction', 'Thriller']",2008-01-01,0.145014,89.0,2008
24000000.0,52313200.5,0.0,0,"['Music', 'Comedy', 'Drama']",2015-09-25,0.036532,105.0,2015
24000000.0,52313200.5,6.5,4,"['Thriller', 'Drama', 'Science Fiction']",2014-08-28,1.045623,93.0,2014
24000000.0,52313200.5,0.0,0,['Drama'],2014-09-12,0.254659,94.0,2014
180000.0,900000.0,7.8,112,"['Drama', 'Comedy', 'Family']",1997-08-01,7.072118,89.0,1997
8000.0,469947.0,7.4,163,[],2011-09-22,1.041254,96.0,2011
24000000.0,52313200.5,6.1,25,"['Comedy', 'Romance']",1986-08-08,6.722213,84.0,1986
24000000.0,52313200.5,0.0,0,['Documentary'],2014-03-10,0.015189,77.0,2014
24000000.0,52313200.5,0.0,0,['Drama'],2015-06-05,0.327622,104.0,2015
100000.0,1776935.0,6.8,527,"['Drama', 'Science Fiction']",2011-07-22,25.402697,92.0,2011
150000.0,15200000.0,4.6,18,"['Action', 'Drama', 'Romance']",1971-04-23,0.132878,97.0,1971
200.0,52313200.5,5.0,1,['Drama'],2014-07-13,0.050978,109.0,2014
150000.0,2891288.0,5.5,19,"['Comedy', 'Drama', 'Romance']",2002-11-01,8.570328,104.0,2002
160000.0,20710513.0,7.3,453,"['Drama', 'Music', 'Romance']",2007-03-23,19.052179,85.0,2007
24000000.0,52313200.5,4.9,4,['Drama'],1999-10-08,0.619979,90.0,1999
24000000.0,52313200.5,5.5,2,['Documentary'],2009-11-25,0.465404,93.0,2009
24000000.0,52313200.5,5.8,49,"['Thriller', 'Drama', 'Horror']",2012-01-31,2.805351,86.0,2012
24000000.0,52313200.5,0.0,0,"['Action', 'Drama']",2015-09-04,0.076647,98.0,2015
24000000.0,52313200.5,7.5,153,"['Animation', 'Family', 'Comedy', 'TV Movie']",1965-12-09,8.701183,25.0,1965
24000000.0,52313200.5,0.0,0,['Documentary'],2015-04-17,0.021392,72.0,2015
24000000.0,52313200.5,7.2,11,['Documentary'],2013-02-20,2.557258,73.0,2013
24000000.0,52313200.5,6.8,6,['Documentary'],2014-11-15,0.523122,80.0,2014
160000.0,6706368.0,7.4,90,"['Documentary', 'History']",1989-09-01,3.284903,91.0,1989
24000000.0,52313200.5,0.0,0,[],2014-07-18,0.015697,89.0,2014
24000000.0,52313200.5,6.3,108,"['Science Fiction', 'Drama', 'Mystery']",2011-01-22,6.192383,85.0,2011
24000000.0,52313200.5,0.0,0,[],2005-11-25,0.005256,90.0,2005
125000.0,3200000.0,6.5,137,"['Drama', 'Comedy']",2011-09-11,12.833247,90.0,2011
120000.0,52313200.5,5.9,24,['Comedy'],2007-03-03,2.213889,88.0,2007
120000.0,52313200.5,7.1,20,"['Drama', 'Romance']",1964-12-04,1.112792,95.0,1964
8500000.0,15861566.0,6.5,178,['Drama'],2016-09-09,9.452808,120.0,2016
24000000.0,52313200.5,0.0,0,['Comedy'],2003-01-01,0.002388,70.0,2003
100000.0,10178331.0,6.6,64,['Drama'],2006-09-29,4.563698,104.0,2006
100000.0,42664410.0,4.9,361,"['Horror', 'Thriller']",2015-07-10,18.045782,87.0,2015
10000.0,7000000.0,7.5,485,"['Drama', 'Fantasy', 'Horror', 'Science Fiction']",1977-03-19,20.399578,89.0,1977
24000000.0,52313200.5,5.7,19,['Comedy'],1987-03-20,2.353483,78.0,1987
24000000.0,52313200.5,7.1,51,"['Comedy', 'Drama']",1998-10-23,5.497682,100.0,1998
24000000.0,52313200.5,4.9,8,"['Action', 'Drama']",1979-12-01,0.001117,99.0,1979
24000000.0,52313200.5,6.5,30,"['Comedy', 'Horror', 'Science Fiction']",2001-09-12,1.680525,90.0,2001
24000000.0,52313200.5,0.0,0,['Family'],2014-06-12,0.28397,104.0,2014
24000000.0,52313200.5,6.3,155,"['Drama', 'Comedy', 'Crime']",2013-03-08,10.826253,85.0,2013
24000000.0,52313200.5,7.4,203,['Documentary'],2012-05-18,7.676677,96.0,2012
24000000.0,52313200.5,5.2,40,['Thriller'],2007-04-27,8.302951,88.0,2007
24000000.0,52313200.5,7.0,2,"['Crime', 'Mystery', 'Thriller']",1948-02-14,0.186401,68.0,1948
24000000.0,52313200.5,5.0,1,[],2013-11-08,0.053755,85.0,2013
24000000.0,52313200.5,7.3,6,"['Crime', 'Horror']",1971-01-01,0.074005,106.0,1971
100.0,52313200.5,5.5,2,"['Documentary', 'Music']",2014-06-15,0.394575,77.0,2014
24000000.0,52313200.5,6.4,4,['Documentary'],2005-01-28,0.020168,80.0,2005
60000.0,3221152.0,7.1,586,"['Mystery', 'Drama', 'Thriller']",1998-07-10,27.788067,84.0,1998
24000000.0,52313200.5,6.0,1,"['Comedy', 'Romance']",1997-01-21,0.020839,86.0,1997
24000000.0,52313200.5,3.7,3,"['Romance', 'Comedy']",1998-01-01,0.408073,87.0,1998
75000.0,52313200.5,3.3,3,['Science Fiction'],2015-09-29,0.140989,90.0,2015
65000.0,28575078.0,6.6,506,"['Documentary', 'Comedy', 'Drama']",2004-01-17,10.400603,100.0,2004
24000000.0,52313200.5,4.5,11,[],2011-03-13,0.838957,82.0,2011
24000000.0,52313200.5,5.2,58,"['Comedy', 'Drama']",2014-06-26,7.052422,82.0,2014
62000.0,52313200.5,4.4,32,"['Horror', 'Science Fiction']",1962-02-25,2.407048,82.0,1962
24000000.0,52313200.5,6.4,4,['Drama'],2014-07-26,0.176377,75.0,2014
24000000.0,52313200.5,6.7,10,[],2012-01-23,0.620554,87.0,2012
70000.0,52313200.5,5.8,121,"['Mystery', 'Horror', 'Thriller']",2011-03-03,6.328665,92.0,2011
24000000.0,52313200.5,6.3,23,"['Comedy', 'Drama', 'Romance']",1995-08-09,1.578903,98.0,1995
24000000.0,52313200.5,6.0,42,['Drama'],2013-10-04,0.833937,83.0,2013
24000000.0,52313200.5,6.0,2,"['Drama', 'Romance']",1983-03-24,0.557602,99.0,1983
65000.0,416498.0,5.6,59,"['Romance', 'Comedy', 'Drama']",2010-11-12,2.380332,99.0,2010
60000.0,52313200.5,5.1,6,"['Thriller', 'Horror']",2012-10-13,0.412342,93.0,2012
24000000.0,52313200.5,5.0,1,"['Drama', 'Comedy', 'Family']",2006-09-16,0.077577,110.0,2006
50000.0,52313200.5,8.3,3,['Documentary'],2015-02-09,0.293587,111.0,2015
50000.0,52313200.5,6.9,41,"['Horror', 'Thriller', 'Fantasy']",2005-01-01,1.777148,47.0,2005
24000000.0,52313200.5,5.0,1,['Documentary'],2013-04-20,0.048726,93.0,2013
4000000.0,600896.0,5.8,631,"['Thriller', 'Science Fiction']",2014-03-15,27.662696,95.0,2014
50000.0,52313200.5,5.7,3,['Documentary'],2013-11-21,0.54562,81.0,2013
24000000.0,52313200.5,6.6,4,['Drama'],2013-06-28,0.76368,83.0,2013
24000000.0,52313200.5,6.8,2,['Comedy'],2013-09-20,0.970351,96.0,2013
24000000.0,52313200.5,6.4,36,['Drama'],2000-10-01,2.058834,89.0,2000
24000000.0,52313200.5,7.0,1,"['Comedy', 'Romance']",1999-09-16,0.00734,90.0,1999
24000000.0,52313200.5,2.0,1,"['Thriller', 'Drama', 'Science Fiction']",2014-04-05,0.049469,95.0,2014
24000000.0,52313200.5,3.2,8,['Horror'],2011-03-27,0.160779,83.0,2011
24000000.0,321952.0,7.9,64,"['Documentary', 'Music']",1978-05-01,3.277287,117.0,1978
50000.0,52313200.5,3.5,2,"['Thriller', 'Horror']",2015-09-01,0.595809,75.0,2015
24000000.0,52313200.5,6.4,15,"['Drama', 'Romance']",2009-04-22,0.611081,80.0,2009
24000000.0,52313200.5,0.0,0,"['Action', 'Western']",2007-07-08,0.003582,78.0,2007
500000.0,52313200.5,6.1,8,"['Drama', 'Comedy']",2005-03-01,0.123068,109.0,2005
24000000.0,52313200.5,0.0,0,[],2013-04-19,0.056459,89.0,2013
31192.0,10000.0,6.3,26,"['Drama', 'Action', 'Comedy']",2009-09-01,1.330379,89.0,2009
27000.0,3151130.0,7.4,755,['Comedy'],1994-09-13,19.748658,92.0,1994
27000.0,52313200.5,6.0,9,"['Drama', 'Romance']",1971-01-01,0.027811,64.0,1971
24000000.0,76901.0,6.3,8,"['Drama', 'Comedy']",2002-09-20,0.362633,85.0,2002
24000000.0,52313200.5,6.8,44,"['Comedy', 'Drama']",1997-01-19,2.634007,97.0,1997
24000000.0,52313200.5,5.5,2,['Drama'],2002-01-15,0.039264,78.0,2002
24000000.0,52313200.5,6.0,131,"['Action', 'Drama', 'Crime', 'Thriller']",2009-08-14,7.101197,85.0,2009
24000000.0,52313200.5,6.4,77,['Comedy'],1990-07-27,3.320622,97.0,1990
24000000.0,52313200.5,0.0,0,"['Thriller', 'Crime', 'Drama']",2015-10-02,0.038143,90.0,2015
22000.0,52313200.5,6.0,1,"['Comedy', 'Romance']",2013-02-14,0.048948,90.0,2013
24000000.0,52313200.5,6.8,19,"['Drama', 'Family']",2003-01-01,1.048524,120.0,2003
24000000.0,52313200.5,4.7,79,"['Thriller', 'Horror']",2015-01-16,3.619167,91.0,2015
24000000.0,52313200.5,6.2,15,"['Drama', 'Comedy', 'Romance']",2005-01-17,1.243955,85.0,2005
24000000.0,52313200.5,0.0,0,['Drama'],2014-09-05,0.327794,60.0,2014
24000000.0,52313200.5,5.6,12,"['Comedy', 'Romance']",2009-03-14,0.67457,88.0,2009
24000000.0,52313200.5,4.2,13,"['Science Fiction', 'Thriller']",2011-10-26,3.545991,78.0,2011
12000.0,6000000.0,6.2,110,"['Horror', 'Comedy', 'Crime']",1972-03-12,4.553644,93.0,1972
24000000.0,52313200.5,6.7,17,['Drama'],2004-09-01,1.464566,111.0,2004
24000000.0,52313200.5,6.6,17,"['Drama', 'Foreign']",2000-09-08,1.193779,90.0,2000
13.0,52313200.5,2.0,1,['Horror'],2007-01-01,0.332679,84.0,2007
20000.0,99000.0,7.4,63,"['Crime', 'Horror', 'Mystery', 'Thriller']",1997-11-06,0.212443,111.0,1997
24000000.0,52313200.5,6.0,2,['Drama'],2004-04-11,0.029757,90.0,2004
24000000.0,52313200.5,0.0,0,"['Thriller', 'Horror', 'Comedy']",2012-01-20,0.166513,82.0,2012
24000000.0,52313200.5,6.0,1,['Drama'],1995-09-09,0.918116,98.0,1995
7000.0,424760.0,6.9,658,"['Science Fiction', 'Drama', 'Thriller']",2004-10-08,23.307949,77.0,2004
24000000.0,52313200.5,7.5,2,"['Foreign', 'Thriller']",2005-03-12,0.022173,80.0,2005
220000.0,2040920.0,6.6,238,"['Action', 'Crime', 'Thriller']",1992-09-04,14.269792,81.0,1992
9000.0,52313200.5,5.9,5,"['Comedy', 'Romance']",2011-12-26,0.642552,85.0,2011
24000000.0,52313200.5,7.0,6,"['Comedy', 'Drama', 'Romance', 'TV Movie']",2013-10-13,1.444476,120.0,2013
24000000.0,52313200.5,5.7,7,[],2012-05-03,0.857008,98.0,2012
24000000.0,52313200.5,6.3,16,['Documentary'],2005-08-05,1.929883,90.0,2005
